date,stock,flag,resid,month,year
2015-01-09,2379,True,-0.049923135578283276,1,2015
2015-01-14,2357,True,-0.04580249284795064,1,2015
2015-01-19,2408,True,-0.04574216159002671,1,2015
2015-01-19,2610,True,-0.04128174672975844,1,2015
2015-01-19,3661,True,-0.06967284248500512,1,2015
2015-01-19,5522,True,-0.04305340111954843,1,2015
2015-01-21,2409,True,-0.07460782095374109,1,2015
2015-01-21,3661,True,-0.043888361981272224,1,2015
2015-01-30,2409,True,-0.05721510244445144,1,2015
2015-01-30,3037,True,-0.0629695855211973,1,2015
2015-02-02,2610,True,-0.04599257014371129,2,2015
2015-02-02,2618,True,-0.04113265018945168,2,2015
2015-02-02,9910,True,-0.04631101612731138,2,2015
2015-02-02,3661,True,-0.06550058994200693,2,2015
2015-02-02,2368,True,-0.054236663293464896,2,2015
2015-02-04,6414,True,-0.05378347700138836,2,2015
2015-02-05,1789,True,-0.06151658392428175,2,2015
2015-02-06,3008,True,-0.052230092725713384,2,2015
2015-02-06,3034,True,-0.05020172656691241,2,2015
2015-02-06,3661,True,-0.04332482313828484,2,2015
2015-02-06,6414,True,-0.04378851475950979,2,2015
2015-02-09,2368,True,-0.056414979790127405,2,2015
2015-02-10,2454,True,-0.06681807261216932,2,2015
2015-02-13,9910,True,-0.06441030456925874,2,2015
2015-02-24,2409,True,-0.055139385705354586,2,2015
2015-02-26,2912,True,-0.04386164295698741,2,2015
2015-03-02,2409,True,-0.06606875043583514,3,2015
2015-03-03,1590,True,-0.052609070899216334,3,2015
2015-03-03,5522,True,-0.04510855254964134,3,2015
2015-03-04,2618,True,-0.04242913030572464,3,2015
2015-03-05,2618,True,-0.042708444446410934,3,2015
2015-03-16,3661,True,-0.04844502067473173,3,2015
2015-03-17,3661,True,-0.04963750176125403,3,2015
2015-03-23,9904,True,-0.0698171609579646,3,2015
2015-03-24,4938,True,-0.04345608394609833,3,2015
2015-03-24,5903,True,-0.05684056817457238,3,2015
2015-03-26,2609,True,-0.06263431998487579,3,2015
2015-03-26,2615,True,-0.05704780563547474,3,2015
2015-03-26,2723,True,-0.058920534256701525,3,2015
2015-03-27,2454,True,-0.040723359071237294,3,2015
2015-03-30,2312,True,-0.07137310659249986,3,2015
2015-03-30,3661,True,-0.07118883174113934,3,2015
2015-03-31,9904,True,-0.07726329402075363,3,2015
2015-04-07,2409,True,-0.04377654014902934,4,2015
2015-04-07,1590,True,-0.04729563253833537,4,2015
2015-04-08,3034,True,-0.04145620242396981,4,2015
2015-04-08,2408,True,-0.0645556639380654,4,2015
2015-04-08,9910,True,-0.06390631328871484,4,2015
2015-04-09,9910,True,-0.06623949173970671,4,2015
2015-04-10,2312,True,-0.05257317824650881,4,2015
2015-04-13,3661,True,-0.042210657093993666,4,2015
2015-04-17,9910,True,-0.06268825384527835,4,2015
2015-04-20,2603,True,-0.061434925974809144,4,2015
2015-04-20,2609,True,-0.0499421207857289,4,2015
2015-04-21,2313,True,-0.041586310274345326,4,2015
2015-04-21,2231,True,-0.049831350777450364,4,2015
2015-04-22,2723,True,-0.06453170338054498,4,2015
2015-04-22,5903,True,-0.0401727290215706,4,2015
2015-04-24,2603,True,-0.06970117504361556,4,2015
2015-04-24,2609,True,-0.05644185144554809,4,2015
2015-04-24,2615,True,-0.06193058297463278,4,2015
2015-04-27,2603,True,-0.04267882253976403,4,2015
2015-04-27,2615,True,-0.06968445331897972,4,2015
2015-04-29,2408,True,-0.05489560320734803,4,2015
2015-04-29,2368,True,-0.04646809427273972,4,2015
2015-04-30,2368,True,-0.06252187662027082,4,2015
2015-05-04,2360,True,-0.06929020772696867,5,2015
2015-05-05,2408,True,-0.05352196010468497,5,2015
2015-05-06,2609,True,-0.05559633455423483,5,2015
2015-05-06,2610,True,-0.06861281413388619,5,2015
2015-05-06,2618,True,-0.06840687767214924,5,2015
2015-05-07,2883,True,-0.04728377516091374,5,2015
2015-05-07,2634,True,-0.048825850507432475,5,2015
2015-05-08,2368,True,-0.06282390809767771,5,2015
2015-05-08,1789,True,-0.06251011369576978,5,2015
2015-05-11,2408,True,-0.04202160218910214,5,2015
2015-05-11,2312,True,-0.061600186985078104,5,2015
2015-05-11,3661,True,-0.05339808946599303,5,2015
2015-05-11,1789,True,-0.04407716946206067,5,2015
2015-05-12,2324,True,-0.07281600457234932,5,2015
2015-05-12,2723,True,-0.04069891245248252,5,2015
2015-05-13,3661,True,-0.07094263947617778,5,2015
2015-05-13,2027,True,-0.0708340913079281,5,2015
2015-05-13,1789,True,-0.05676725733619385,5,2015
2015-05-14,1519,True,-0.05722387283972119,5,2015
2015-05-15,2542,True,-0.04267650446456644,5,2015
2015-05-18,2408,True,-0.04668944155327771,5,2015
2015-05-18,2609,True,-0.07020041334011153,5,2015
2015-05-18,3661,True,-0.06159706913696151,5,2015
2015-05-18,2027,True,-0.051374171864748804,5,2015
2015-05-19,2723,True,-0.04070456122979469,5,2015
2015-05-20,2360,True,-0.04373297964899045,5,2015
2015-05-21,2603,True,-0.05726832360463038,5,2015
2015-05-21,2609,True,-0.04111580924246791,5,2015
2015-05-21,5522,True,-0.05600367610511078,5,2015
2015-05-22,2634,True,-0.04123593400263264,5,2015
2015-05-25,3661,True,-0.04936257596392694,5,2015
2015-05-26,2368,True,-0.04796063678592727,5,2015
2015-05-28,9910,True,-0.05595552166577735,5,2015
2015-05-29,2615,True,-0.042456373581928004,5,2015
2015-05-29,3037,True,-0.046706151129014,5,2015
2015-05-29,1789,True,-0.06788677858811522,5,2015
2015-05-29,5522,True,-0.04230644418301078,5,2015
2015-06-02,2401,True,-0.042932402436683656,6,2015
2015-06-03,2610,True,-0.05505294080038319,6,2015
2015-06-03,2723,True,-0.057617069875332265,6,2015
2015-06-04,3008,True,-0.050486174481418115,6,2015
2015-06-04,1476,True,-0.04314275421286128,6,2015
2015-06-04,2354,True,-0.05334851327475342,6,2015
2015-06-04,2368,True,-0.04774752750125732,6,2015
2015-06-08,2610,True,-0.04099204898652842,6,2015
2015-06-08,2903,True,-0.05101821167715459,6,2015
2015-06-08,2344,True,-0.050025865411649106,6,2015
2015-06-08,2353,True,-0.04183465094136485,6,2015
2015-06-08,1590,True,-0.07576384219440202,6,2015
2015-06-09,2409,True,-0.042487588605102926,6,2015
2015-06-09,2379,True,-0.06565422633156004,6,2015
2015-06-09,2609,True,-0.05305584917336358,6,2015
2015-06-09,2344,True,-0.04557289893340399,6,2015
2015-06-09,2401,True,-0.04534433330967368,6,2015
2015-06-09,3443,True,-0.04416411720470836,6,2015
2015-06-09,2458,True,-0.05530810142561581,6,2015
2015-06-09,2312,True,-0.06902118159439219,6,2015
2015-06-09,2353,True,-0.06591416203167644,6,2015
2015-06-09,2368,True,-0.04836365698117128,6,2015
2015-06-09,1789,True,-0.06858051221760875,6,2015
2015-06-09,4133,True,-0.0453081014256158,6,2015
2015-06-10,2308,True,-0.04340379846378342,6,2015
2015-06-10,2356,True,-0.04489370963669828,6,2015
2015-06-11,2610,True,-0.05787949255846089,6,2015
2015-06-11,2618,True,-0.044837760885550554,6,2015
2015-06-12,2615,True,-0.09012424548165049,6,2015
2015-06-12,2401,True,-0.0700453933091511,6,2015
2015-06-12,1513,True,-0.09659906562553527,6,2015
2015-06-15,1590,True,-0.11100571472877446,6,2015
2015-06-17,9914,True,-0.04346976108834749,6,2015
2015-06-22,2615,True,-0.04171856962395565,6,2015
2015-06-26,3045,True,-0.0409404220434066,6,2015
2015-06-26,2637,True,-0.07464075976065772,6,2015
2015-06-29,2408,True,-0.08050000884609557,6,2015
2015-06-29,2615,True,-0.04294986100540268,6,2015
2015-06-29,2368,True,-0.04089836549490735,6,2015
2015-07-03,9910,True,-0.043381510232366624,7,2015
2015-07-03,2883,True,-0.04105620333907116,7,2015
2015-07-06,2409,True,-0.04091625719708035,7,2015
2015-07-06,2408,True,-0.08749460347391912,7,2015
2015-07-07,3008,True,-0.05079593037700932,7,2015
2015-07-07,2408,True,-0.05800202656873018,7,2015
2015-07-07,1476,True,-0.0618152141235658,7,2015
2015-07-07,2344,True,-0.09188603729783726,7,2015
2015-07-08,2382,True,-0.04271727728116312,7,2015
2015-07-08,1476,True,-0.05398560917372716,7,2015
2015-07-08,2401,True,-0.06766198899375772,7,2015
2015-07-08,4938,True,-0.04430818981888837,7,2015
2015-07-08,2354,True,-0.05732580592504263,7,2015
2015-07-08,2368,True,-0.05096805636655308,7,2015
2015-07-08,1590,True,-0.06739592197920127,7,2015
2015-07-08,6414,True,-0.05734957865771825,7,2015
2015-07-09,2357,True,-0.0419389960669347,7,2015
2015-07-09,2345,True,-0.06342615942261016,7,2015
2015-07-09,2408,True,-0.0918174324181998,7,2015
2015-07-13,1476,True,-0.04277838995055365,7,2015
2015-07-13,2354,True,-0.049034499432469555,7,2015
2015-07-13,2015,True,-0.05603821000760871,7,2015
2015-07-13,9945,True,-0.07070657735454737,7,2015
2015-07-14,2357,True,-0.04260910840456404,7,2015
2015-07-14,3034,True,-0.09576435143620703,7,2015
2015-07-14,2615,True,-0.0671981734642219,7,2015
2015-07-14,9910,True,-0.0407720216823219,7,2015
2015-07-14,3661,True,-0.041196141173378595,7,2015
2015-07-15,2454,True,-0.04163268476973656,7,2015
2015-07-15,2408,True,-0.09854079505755352,7,2015
2015-07-15,4904,True,-0.057489367702351,7,2015
2015-07-15,2449,True,-0.0993608949606327,7,2015
2015-07-15,2324,True,-0.04095101757352613,7,2015
2015-07-16,2356,True,-0.08268659236241441,7,2015
2015-07-16,5522,True,-0.09468433661731371,7,2015
2015-07-17,2449,True,-0.04613972665440048,7,2015
2015-07-17,2548,True,-0.08243947729399381,7,2015
2015-07-20,2454,True,-0.041351839651789304,7,2015
2015-07-20,2409,True,-0.04045943926527214,7,2015
2015-07-20,2337,True,-0.04622246370049572,7,2015
2015-07-20,2376,True,-0.07681555679358872,7,2015
2015-07-20,2603,True,-0.048806443028660954,7,2015
2015-07-20,2401,True,-0.05963242538631937,7,2015
2015-07-21,1707,True,-0.0678184486998386,7,2015
2015-07-22,2324,True,-0.05404520757665724,7,2015
2015-07-22,2354,True,-0.04523202297209487,7,2015
2015-07-23,3008,True,-0.05606179845608377,7,2015
2015-07-23,2408,True,-0.059496242066571385,7,2015
2015-07-23,2458,True,-0.07554029832950598,7,2015
2015-07-23,2231,True,-0.08667541789159189,7,2015
2015-07-24,2454,True,-0.043774027218423446,7,2015
2015-07-27,2337,True,-0.05771913975638075,7,2015
2015-07-27,3034,True,-0.061352148704196016,7,2015
2015-07-27,2408,True,-0.07341372897271735,7,2015
2015-07-27,3231,True,-0.06026311077845013,7,2015
2015-07-27,2344,True,-0.04234549202358616,7,2015
2015-07-27,2458,True,-0.046166514429699754,7,2015
2015-07-27,2312,True,-0.06207483933701351,7,2015
2015-07-27,2368,True,-0.05814719075820217,7,2015
2015-07-27,1590,True,-0.06461183722284868,7,2015
2015-07-28,2603,True,-0.04126269559568005,7,2015
2015-07-28,9904,True,-0.04982387281431941,7,2015
2015-07-28,1590,True,-0.051658735199640565,7,2015
2015-07-28,9933,True,-0.08020858414223872,7,2015
2015-07-28,1707,True,-0.0528215258973149,7,2015
2015-07-29,2382,True,-0.042753413538492976,7,2015
2015-07-29,2409,True,-0.06941253262847084,7,2015
2015-07-29,2379,True,-0.09925863671038286,7,2015
2015-07-30,2884,True,-0.08011041572944896,7,2015
2015-07-30,1402,True,-0.05682481787172409,7,2015
2015-07-30,6414,True,-0.06122889163995968,7,2015
2015-07-31,2892,True,-0.10164882096735733,7,2015
2015-07-31,2351,True,-0.06440301195373827,7,2015
2015-07-31,3037,True,-0.040547089383989376,7,2015
2015-07-31,2548,True,-0.052509887157387636,7,2015
2015-08-03,2454,True,-0.09134330751681038,8,2015
2015-08-03,3008,True,-0.07930921169514613,8,2015
2015-08-03,2360,True,-0.04038321715536461,8,2015
2015-08-03,3661,True,-0.040896766106413546,8,2015
2015-08-03,1590,True,-0.047118130948468034,8,2015
2015-08-03,1707,True,-0.05326647187234576,8,2015
2015-08-04,2454,True,-0.058697348398317334,8,2015
2015-08-04,2379,True,-0.04987856605584909,8,2015
2015-08-04,2408,True,-0.08098910776788984,8,2015
2015-08-04,2351,True,-0.0702437729882203,8,2015
2015-08-04,4938,True,-0.051395167525441515,8,2015
2015-08-04,2354,True,-0.040313488219225785,8,2015
2015-08-04,3661,True,-0.05152474691625289,8,2015
2015-08-04,1707,True,-0.045403454178052166,8,2015
2015-08-05,2454,True,-0.043589267461695974,8,2015
2015-08-06,3008,True,-0.0843297176997829,8,2015
2015-08-06,3231,True,-0.09885335549402594,8,2015
2015-08-06,2891,True,-0.09563915098380446,8,2015
2015-08-06,1216,True,-0.05341302198699102,8,2015
2015-08-06,2903,True,-0.05203107550066341,8,2015
2015-08-06,2324,True,-0.08523063283989882,8,2015
2015-08-06,2356,True,-0.08303118504168658,8,2015
2015-08-06,6414,True,-0.054867745752927605,8,2015
2015-08-06,1707,True,-0.040255127250148875,8,2015
2015-08-07,3034,True,-0.04284617111472628,8,2015
2015-08-07,3231,True,-0.06043903595839956,8,2015
2015-08-07,2360,True,-0.049311197316594564,8,2015
2015-08-07,2451,True,-0.051294214299611514,8,2015
2015-08-07,2027,True,-0.06227766123242557,8,2015
2015-08-10,2330,True,-0.044958803662784534,8,2015
2015-08-10,2357,True,-0.07392420609876377,8,2015
2015-08-10,3231,True,-0.04464552045476449,8,2015
2015-08-10,2451,True,-0.05384465465389881,8,2015
2015-08-11,2890,True,-0.10882912198056748,8,2015
2015-08-12,3008,True,-0.04573573525729096,8,2015
2015-08-12,2881,True,-0.05725484994541968,8,2015
2015-08-12,2882,True,-0.059451161547567626,8,2015
2015-08-12,2891,True,-0.06878155735971675,8,2015
2015-08-12,2886,True,-0.04393638956481543,8,2015
2015-08-12,2801,True,-0.08314875203993516,8,2015
2015-08-12,3037,True,-0.04887656605769624,8,2015
2015-08-12,2377,True,-0.081971485924281,8,2015
2015-08-12,2883,True,-0.04409237357356604,8,2015
2015-08-12,1231,True,-0.057503134524690185,8,2015
2015-08-12,9914,True,-0.08806931790500977,8,2015
2015-08-12,9921,True,-0.07192621144776717,8,2015
2015-08-13,2880,True,-0.09270781723099909,8,2015
2015-08-13,2615,True,-0.06585489155888526,8,2015
2015-08-13,2368,True,-0.046324290847472714,8,2015
2015-08-13,5880,True,-0.07476167391744372,8,2015
2015-08-13,6414,True,-0.046586689168123495,8,2015
2015-08-13,2915,True,-0.09971674580242763,8,2015
2015-08-14,3034,True,-0.04948344619262107,8,2015
2015-08-14,3231,True,-0.09112677018888621,8,2015
2015-08-14,2610,True,-0.07598635504847112,8,2015
2015-08-14,2401,True,-0.05876477066270763,8,2015
2015-08-14,2353,True,-0.04612210165480585,8,2015
2015-08-14,2368,True,-0.08113874982350727,8,2015
2015-08-17,2408,True,-0.07569055037207399,8,2015
2015-08-17,2618,True,-0.047628349415136204,8,2015
2015-08-17,2368,True,-0.06961001220520495,8,2015
2015-08-17,1707,True,-0.057478596580009686,8,2015
2015-08-18,2401,True,-0.056199526691419754,8,2015
2015-08-18,3037,True,-0.0483793019723186,8,2015
2015-08-18,9914,True,-0.06384131773619578,8,2015
2015-08-18,9945,True,-0.040755957137613985,8,2015
2015-08-19,2356,True,-0.06820908013015345,8,2015
2015-08-19,2451,True,-0.04974338714369361,8,2015
2015-08-19,1201,True,-0.05814121580111595,8,2015
2015-08-19,1215,True,-0.15562936703365768,8,2015
2015-08-19,1227,True,-0.08511869899964328,8,2015
2015-08-19,1231,True,-0.05257633850605678,8,2015
2015-08-19,2542,True,-0.06538569057669472,8,2015
2015-08-20,1590,True,-0.04021856779948245,8,2015
2015-08-20,1802,True,-0.061622937468836445,8,2015
2015-08-20,1227,True,-0.049860468966958435,8,2015
2015-08-20,2606,True,-0.06637505801043057,8,2015
2015-08-21,1303,True,-0.04090848242798956,8,2015
2015-08-21,2615,True,-0.04090848242798956,8,2015
2015-08-21,3443,True,-0.06902049292897411,8,2015
2015-08-21,2451,True,-0.04220718372669081,8,2015
2015-08-21,2368,True,-0.06109139002811576,8,2015
2015-08-21,6414,True,-0.06339295447767906,8,2015
2015-08-21,1707,True,-0.06733923821654358,8,2015
2015-08-24,2454,True,-0.041726513345127496,8,2015
2015-08-24,2609,True,-0.04134053218100824,8,2015
2015-08-24,2207,True,-0.04302041761832925,8,2015
2015-08-24,9910,True,-0.04182348398241847,8,2015
2015-08-24,9904,True,-0.04319937969554926,8,2015
2015-08-24,2401,True,-0.04284882780695103,8,2015
2015-08-24,3443,True,-0.04194077227704667,8,2015
2015-08-24,2377,True,-0.04269279722495683,8,2015
2015-08-24,2312,True,-0.042400415593832834,8,2015
2015-08-24,3661,True,-0.0422988102290695,8,2015
2015-08-24,2368,True,-0.04293679644613107,8,2015
2015-08-24,9933,True,-0.0430745591251192,8,2015
2015-08-24,6414,True,-0.04310937791507923,8,2015
2015-08-24,2915,True,-0.04291446929937597,8,2015
2015-08-24,9945,True,-0.04330131649473384,8,2015
2015-08-25,4904,True,-0.04227156983135531,8,2015
2015-08-25,1229,True,-0.10612612573822504,8,2015
2015-08-25,2385,True,-0.06810642491823075,8,2015
2015-08-25,3661,True,-0.05880274576036475,8,2015
2015-08-25,2812,True,-0.09254700988135593,8,2015
2015-08-25,5903,True,-0.0572452830785805,8,2015
2015-08-25,4133,True,-0.046056418843121325,8,2015
2015-08-26,2408,True,-0.054862419884927974,8,2015
2015-08-26,2356,True,-0.04359133977519432,8,2015
2015-08-26,2723,True,-0.05407173291530061,8,2015
2015-08-26,5903,True,-0.04286839014068551,8,2015
2015-08-27,9910,True,-0.05604100090386585,8,2015
2015-08-27,1476,True,-0.04541828848636584,8,2015
2015-08-27,1210,True,-0.07199776322531734,8,2015
2015-08-28,9910,True,-0.06930234049818312,8,2015
2015-08-28,1707,True,-0.05591703713826051,8,2015
2015-08-31,2609,True,-0.05319081772089823,8,2015
2015-08-31,1513,True,-0.08792980586403892,8,2015
2015-08-31,9933,True,-0.04416447856730238,8,2015
2015-08-31,1231,True,-0.043563769730875446,8,2015
2015-09-01,2881,True,-0.04453882340635333,9,2015
2015-09-01,1102,True,-0.05632156440358675,9,2015
2015-09-01,2615,True,-0.05158265167111169,9,2015
2015-09-01,2451,True,-0.05863795383758856,9,2015
2015-09-01,2890,True,-0.04265408024254029,9,2015
2015-09-01,2845,True,-0.058893972425828764,9,2015
2015-09-02,2379,True,-0.10664448801303233,9,2015
2015-09-03,2317,True,-0.08574478231613583,9,2015
2015-09-03,3008,True,-0.04060690675958258,9,2015
2015-09-04,3008,True,-0.044272546446821916,9,2015
2015-09-04,2723,True,-0.046340014319263635,9,2015
2015-09-11,2615,True,-0.04820277483479235,9,2015
2015-09-11,1476,True,-0.056850014825315986,9,2015
2015-09-15,2308,True,-0.07356815802073152,9,2015
2015-09-15,3008,True,-0.05099304206993499,9,2015
2015-09-16,2723,True,-0.043276479500485424,9,2015
2015-09-17,2313,True,-0.041931860641652254,9,2015
2015-09-21,2409,True,-0.041192926950344724,9,2015
2015-09-21,2542,True,-0.19474569602035507,9,2015
2015-09-22,3661,True,-0.04579613370238991,9,2015
2015-09-23,2408,True,-0.04355682468145804,9,2015
2015-09-23,3661,True,-0.07880704453302743,9,2015
2015-09-24,2454,True,-0.04672101143080565,9,2015
2015-09-24,2408,True,-0.049063984279588024,9,2015
2015-09-24,3231,True,-0.05102690762319484,9,2015
2015-09-24,3037,True,-0.05086982969159726,9,2015
2015-09-30,3008,True,-0.06255780390074392,9,2015
2015-10-01,3008,True,-0.051921532429851064,10,2015
2015-10-05,3008,True,-0.04476481556414783,10,2015
2015-10-05,1476,True,-0.04051459108046033,10,2015
2015-10-05,2313,True,-0.04892061804318829,10,2015
2015-10-06,9910,True,-0.044488686033386717,10,2015
2015-10-06,2313,True,-0.0634122953403525,10,2015
2015-10-07,2610,True,-0.05344565049620852,10,2015
2015-10-07,2618,True,-0.05507904432560961,10,2015
2015-10-07,2723,True,-0.05101205867967661,10,2015
2015-10-08,9910,True,-0.08578447434064175,10,2015
2015-10-08,1476,True,-0.08804011343838604,10,2015
2015-10-08,9904,True,-0.04703431073045573,10,2015
2015-10-08,2231,True,-0.17318297058124324,10,2015
2015-10-08,1707,True,-0.04778037317864582,10,2015
2015-10-12,1476,True,-0.05387318884624326,10,2015
2015-10-12,2351,True,-0.045010638938449476,10,2015
2015-10-12,2354,True,-0.051536309195545194,10,2015
2015-10-14,2401,True,-0.09274243129004175,10,2015
2015-10-14,9921,True,-0.040481723232591665,10,2015
2015-10-19,3008,True,-0.05843777842233377,10,2015
2015-10-20,2337,True,-0.04031435626639312,10,2015
2015-10-21,2408,True,-0.05603397520227868,10,2015
2015-10-21,3661,True,-0.047451628193096645,10,2015
2015-10-23,2368,True,-0.04397276746197649,10,2015
2015-10-28,2379,True,-0.07752841837188412,10,2015
2015-10-30,3231,True,-0.05205185224682015,10,2015
2015-10-30,2449,True,-0.05824489028326248,10,2015
2015-11-03,2345,True,-0.05089764484266994,11,2015
2015-11-05,2723,True,-0.04754832117233978,11,2015
2015-11-06,3008,True,-0.05866237637173567,11,2015
2015-11-06,2353,True,-0.04369159932852408,11,2015
2015-11-06,1590,True,-0.04452608601744369,11,2015
2015-11-09,2379,True,-0.04260466648907207,11,2015
2015-11-09,1590,True,-0.05171848844693077,11,2015
2015-11-10,2368,True,-0.04333920765943193,11,2015
2015-11-10,9914,True,-0.05139068502957182,11,2015
2015-11-11,2354,True,-0.0489608078487588,11,2015
2015-11-11,3661,True,-0.08388591656191693,11,2015
2015-11-11,2542,True,-0.06642201405576556,11,2015
2015-11-13,2615,True,-0.0424138466473926,11,2015
2015-11-13,2606,True,-0.0556346940414683,11,2015
2015-11-16,2618,True,-0.04700205282450457,11,2015
2015-11-16,1476,True,-0.056440062262514,11,2015
2015-11-16,2368,True,-0.042543140470855424,11,2015
2015-11-16,1590,True,-0.05196439221307351,11,2015
2015-11-16,1802,True,-0.06864520992582905,11,2015
2015-11-17,2606,True,-0.06707754559044457,11,2015
2015-11-20,2615,True,-0.040509918306693864,11,2015
2015-11-23,2345,True,-0.0407077398890518,11,2015
2015-11-23,2606,True,-0.04152875795144911,11,2015
2015-11-24,3008,True,-0.08581076041184799,11,2015
2015-11-25,2615,True,-0.040300551513447844,11,2015
2015-11-26,2377,True,-0.08117938472159013,11,2015
2015-11-27,1802,True,-0.04219451485616295,11,2015
2015-11-30,2615,True,-0.0548643552440489,11,2015
2015-11-30,2723,True,-0.04059943530227309,11,2015
2015-11-30,2606,True,-0.05426911714881092,11,2015
2015-11-30,4133,True,-0.041932944147500185,11,2015
2015-12-03,1707,True,-0.04126643856717896,12,2015
2015-12-07,3008,True,-0.06164075075720092,12,2015
2015-12-08,1201,True,-0.059609025793239415,12,2015
2015-12-09,2360,True,-0.05118232878330967,12,2015
2015-12-09,9910,True,-0.04265622171126741,12,2015
2015-12-09,2723,True,-0.04647644643036856,12,2015
2015-12-09,1789,True,-0.08614964904474756,12,2015
2015-12-09,4133,True,-0.08565000014937665,12,2015
2015-12-10,1476,True,-0.04700668488652536,12,2015
2015-12-10,2356,True,-0.055762339395996605,12,2015
2015-12-11,2377,True,-0.0416728648135731,12,2015
2015-12-11,4938,True,-0.051366369408393425,12,2015
2015-12-11,3661,True,-0.04898289787308027,12,2015
2015-12-11,1789,True,-0.04735211436149353,12,2015
2015-12-11,4133,True,-0.04159218495126679,12,2015
2015-12-14,3008,True,-0.045388641089438866,12,2015
2015-12-14,4938,True,-0.05158442461194558,12,2015
2015-12-14,9933,True,-0.053832276920248515,12,2015
2015-12-14,2606,True,-0.04673615520220499,12,2015
2015-12-15,2548,True,-0.04191836612669666,12,2015
2015-12-16,6414,True,-0.047017807738976396,12,2015
2015-12-17,3661,True,-0.051499807217162026,12,2015
2015-12-21,2015,True,-0.04381309744715256,12,2015
2015-12-22,2408,True,-0.09797062991972248,12,2015
2015-12-23,3008,True,-0.041850674088958935,12,2015
2015-12-23,2408,True,-0.047459115042227336,12,2015
2015-12-29,2408,True,-0.05418547364347243,12,2015
2016-01-04,2882,True,-0.06853301696698412,1,2016
2016-01-04,1326,True,-0.054038825150978034,1,2016
2016-01-06,2454,True,-0.055037172438433556,1,2016
2016-01-06,3008,True,-0.06220969405860257,1,2016
2016-01-06,2376,True,-0.08290046858304592,1,2016
2016-01-06,2377,True,-0.05025943161147419,1,2016
2016-01-06,2313,True,-0.06271318015253549,1,2016
2016-01-06,4938,True,-0.04806409110968204,1,2016
2016-01-07,2454,True,-0.07316496345546508,1,2016
2016-01-07,3008,True,-0.046980480851850914,1,2016
2016-01-07,2345,True,-0.05572477176935098,1,2016
2016-01-07,2615,True,-0.0428008428949731,1,2016
2016-01-07,2313,True,-0.0403554427769196,1,2016
2016-01-07,4133,True,-0.04434821775552955,1,2016
2016-01-08,2723,True,-0.04514112361810077,1,2016
2016-01-08,9914,True,-0.05605319294805225,1,2016
2016-01-11,2376,True,-0.043514557576558616,1,2016
2016-01-11,2377,True,-0.040904724278394505,1,2016
2016-01-12,3008,True,-0.04480376136903691,1,2016
2016-01-12,2408,True,-0.057092082705323344,1,2016
2016-01-12,2368,True,-0.04500392878178211,1,2016
2016-01-12,2723,True,-0.04243712609651157,1,2016
2016-01-12,1789,True,-0.043814602445051365,1,2016
2016-01-13,3231,True,-0.04740963224125002,1,2016
2016-01-13,1590,True,-0.05564968841406411,1,2016
2016-01-14,3008,True,-0.04495019599547048,1,2016
2016-01-14,9914,True,-0.0756372188962339,1,2016
2016-01-15,2345,True,-0.05453787749055092,1,2016
2016-01-18,2308,True,-0.04324972681975825,1,2016
2016-01-18,2357,True,-0.04079329114532948,1,2016
2016-01-19,2408,True,-0.041028227337102846,1,2016
2016-01-19,2723,True,-0.05175676280370575,1,2016
2016-01-20,3008,True,-0.04092997639795577,1,2016
2016-01-20,2345,True,-0.05348729562194161,1,2016
2016-01-20,2408,True,-0.04699819150571878,1,2016
2016-01-20,2915,True,-0.04192559567314487,1,2016
2016-01-20,2542,True,-0.04381244770920807,1,2016
2016-01-21,2385,True,-0.05062713933386745,1,2016
2016-01-21,6414,True,-0.05256801179793749,1,2016
2016-01-21,2542,True,-0.07371841943949745,1,2016
2016-01-22,5522,True,-0.06056913284753891,1,2016
2016-01-28,2356,True,-0.042932503006180525,1,2016
2016-01-29,2345,True,-0.06539477595973962,1,2016
2016-01-29,2409,True,-0.04099890094049995,1,2016
2016-01-29,2337,True,-0.11952929674884537,1,2016
2016-01-29,2356,True,-0.04219008616980312,1,2016
2016-01-30,2377,True,-0.04201502139908447,1,2016
2016-02-01,3008,True,-0.058300548080218895,2,2016
2016-02-01,2337,True,-0.04268697105672015,2,2016
2016-02-03,2454,True,-0.04468322164954429,2,2016
2016-02-15,2345,True,-0.05388985617463644,2,2016
2016-02-15,2360,True,-0.04580425756272217,2,2016
2016-02-15,2881,True,-0.042574910951605434,2,2016
2016-02-15,2915,True,-0.04392096843805355,2,2016
2016-02-16,2344,True,-0.05245853036317317,2,2016
2016-02-17,3008,True,-0.04361923779596821,2,2016
2016-02-17,2379,True,-0.0434435846553346,2,2016
2016-02-19,2379,True,-0.048684064748059086,2,2016
2016-02-24,6414,True,-0.06469844044227965,2,2016
2016-03-03,2345,True,-0.04212434049007883,3,2016
2016-03-07,2356,True,-0.040253998185251084,3,2016
2016-03-15,2542,True,-0.050932073824752525,3,2016
2016-03-22,3034,True,-0.05588882651928118,3,2016
2016-03-23,9910,True,-0.05928871791932259,3,2016
2016-03-23,1476,True,-0.07855519888496791,3,2016
2016-03-23,2356,True,-0.08351755343664484,3,2016
2016-03-24,2356,True,-0.049038437249111,3,2016
2016-03-28,3231,True,-0.042715213192371294,3,2016
2016-03-28,4133,True,-0.05249210718312173,3,2016
2016-03-29,9904,True,-0.06284802958670663,3,2016
2016-03-29,2915,True,-0.08764592682561576,3,2016
2016-03-29,9945,True,-0.08834279093711414,3,2016
2016-03-30,1513,True,-0.04332578738864584,3,2016
2016-03-30,9921,True,-0.051383901075530536,3,2016
2016-03-30,9945,True,-0.06962602379526511,3,2016
2016-03-31,5522,True,-0.04700988528812274,3,2016
2016-04-06,9914,True,-0.05305931211770164,4,2016
2016-04-07,9914,True,-0.041380420625681424,4,2016
2016-04-12,2345,True,-0.06347222272584639,4,2016
2016-04-12,1476,True,-0.09401733550780132,4,2016
2016-04-13,3034,True,-0.054915393066343354,4,2016
2016-04-13,1201,True,-0.054288191831239285,4,2016
2016-04-15,2345,True,-0.041368441540295245,4,2016
2016-04-19,3034,True,-0.05319250441207124,4,2016
2016-04-21,9910,True,-0.048653678010803704,4,2016
2016-04-22,3008,True,-0.046753207239588764,4,2016
2016-04-22,1590,True,-0.0771557496124702,4,2016
2016-04-22,1802,True,-0.04320304690976751,4,2016
2016-04-25,3661,True,-0.06226390809781145,4,2016
2016-04-26,2377,True,-0.04982608045154934,4,2016
2016-04-29,2337,True,-0.09223100850376034,4,2016
2016-05-03,2454,True,-0.07284164979893201,5,2016
2016-05-03,2337,True,-0.05967739859120255,5,2016
2016-05-03,3037,True,-0.08732033278753479,5,2016
2016-05-03,3661,True,-0.04110144049911543,5,2016
2016-05-04,2002,True,-0.04487610466128434,5,2016
2016-05-06,2454,True,-0.05116269936390943,5,2016
2016-05-06,3443,True,-0.0630002665304145,5,2016
2016-05-09,9910,True,-0.04300329114445459,5,2016
2016-05-09,1476,True,-0.09772027227653005,5,2016
2016-05-09,3661,True,-0.055387375815193186,5,2016
2016-05-09,6414,True,-0.04592655030343588,5,2016
2016-05-10,2312,True,-0.05871419559394887,5,2016
2016-05-11,3231,True,-0.0539310562457247,5,2016
2016-05-11,3661,True,-0.07559258320582196,5,2016
2016-05-11,1590,True,-0.055414968996685195,5,2016
2016-05-12,9910,True,-0.05348326098111337,5,2016
2016-05-12,1476,True,-0.06074748161642488,5,2016
2016-05-12,3661,True,-0.045485083927450355,5,2016
2016-05-12,2368,True,-0.048650707422876506,5,2016
2016-05-13,2337,True,-0.04815899649636333,5,2016
2016-05-13,2458,True,-0.045923269954240876,5,2016
2016-05-13,2313,True,-0.04473913462448895,5,2016
2016-05-13,3661,True,-0.0850531063670322,5,2016
2016-05-13,2368,True,-0.06477186784871156,5,2016
2016-05-16,2449,True,-0.04709590819467448,5,2016
2016-05-16,3661,True,-0.0492266363814189,5,2016
2016-05-18,2337,True,-0.047424515514622116,5,2016
2016-05-19,2337,True,-0.047235540557166736,5,2016
2016-05-19,1326,True,-0.04167998500161131,5,2016
2016-05-24,2379,True,-0.0621752986798262,5,2016
2016-05-26,2723,True,-0.06406167124011139,5,2016
2016-05-27,2458,True,-0.04010969341490631,5,2016
2016-05-30,2337,True,-0.044433739605451925,5,2016
2016-05-31,2337,True,-0.09688346290575156,5,2016
2016-05-31,3661,True,-0.08608351706169981,5,2016
2016-06-01,2337,True,-0.0862251228016151,6,2016
2016-06-02,1476,True,-0.06560094510598538,6,2016
2016-06-02,9914,True,-0.04859414238489693,6,2016
2016-06-03,3661,True,-0.06708526880495495,6,2016
2016-06-03,2883,True,-0.04383412970015725,6,2016
2016-06-03,2231,True,-0.04937815322549892,6,2016
2016-06-06,4133,True,-0.044046539029694555,6,2016
2016-06-07,2337,True,-0.04031160680426926,6,2016
2016-06-07,1476,True,-0.04079645802259879,6,2016
2016-06-08,1789,True,-0.04025255573502917,6,2016
2016-06-13,2408,True,-0.07287844107228089,6,2016
2016-06-14,2337,True,-0.10595799764746165,6,2016
2016-06-14,1476,True,-0.04991404160350547,6,2016
2016-06-17,2345,True,-0.042222230139772866,6,2016
2016-06-17,2337,True,-0.040953148592218526,6,2016
2016-06-20,6414,True,-0.04911259075901858,6,2016
2016-06-22,1476,True,-0.05356638153912855,6,2016
2016-06-24,3661,True,-0.05405254415576654,6,2016
2016-06-27,2881,True,-0.04109419284255835,6,2016
2016-06-27,2882,True,-0.052651352959927976,6,2016
2016-06-27,2385,True,-0.050279397862535345,6,2016
2016-06-27,2015,True,-0.042207224641690376,6,2016
2016-06-27,2637,True,-0.06577275536704466,6,2016
2016-06-28,2610,True,-0.05452807470979264,6,2016
2016-06-29,2345,True,-0.05012364827614859,6,2016
2016-06-29,2548,True,-0.0681884655482068,6,2016
2016-07-05,1215,True,-0.07186313835352205,7,2016
2016-07-07,2345,True,-0.05239355647339667,7,2016
2016-07-07,2451,True,-0.0720587144651828,7,2016
2016-07-07,2606,True,-0.04430825550898038,7,2016
2016-07-11,2376,True,-0.05501084373507222,7,2016
2016-07-11,4133,True,-0.053967244477187336,7,2016
2016-07-12,2303,True,-0.042062732311895876,7,2016
2016-07-12,2345,True,-0.04546950042454627,7,2016
2016-07-12,3034,True,-0.09831435378090862,7,2016
2016-07-12,4904,True,-0.06098023348153907,7,2016
2016-07-13,1519,True,-0.0410713378471527,7,2016
2016-07-13,2542,True,-0.10922898414679076,7,2016
2016-07-14,2356,True,-0.06643032289597683,7,2016
2016-07-18,3231,True,-0.04903944636852141,7,2016
2016-07-18,2615,True,-0.05684001245711866,7,2016
2016-07-20,2912,True,-0.05495090604364678,7,2016
2016-07-21,2412,True,-0.04270318047692853,7,2016
2016-07-22,1210,True,-0.0632198031049793,7,2016
2016-07-25,2337,True,-0.05448561502583832,7,2016
2016-07-26,9910,True,-0.10268871983538344,7,2016
2016-07-26,2324,True,-0.04828567757866467,7,2016
2016-07-26,9933,True,-0.08056544850266592,7,2016
2016-07-28,2884,True,-0.08670778044982858,7,2016
2016-07-29,5522,True,-0.08396964425420553,7,2016
2016-08-01,2382,True,-0.07694816471743145,8,2016
2016-08-01,3231,True,-0.04508606766628616,8,2016
2016-08-01,3661,True,-0.05092522344025292,8,2016
2016-08-02,4938,True,-0.05355366422097392,8,2016
2016-08-04,2903,True,-0.04273970736899877,8,2016
2016-08-05,2357,True,-0.04969421625201226,8,2016
2016-08-05,2892,True,-0.0795205027154669,8,2016
2016-08-08,1590,True,-0.0845555802282696,8,2016
2016-08-09,3231,True,-0.06019504781932103,8,2016
2016-08-09,2360,True,-0.054947615513065234,8,2016
2016-08-09,2377,True,-0.041614282179731926,8,2016
2016-08-09,9914,True,-0.06473740530285496,8,2016
2016-08-10,2345,True,-0.05999175701177321,8,2016
2016-08-10,2801,True,-0.05289236553104285,8,2016
2016-08-10,2368,True,-0.05807879670569963,8,2016
2016-08-10,5880,True,-0.05727383816106461,8,2016
2016-08-10,1789,True,-0.05332242261134649,8,2016
2016-08-11,2337,True,-0.04175084163359469,8,2016
2016-08-11,2401,True,-0.10216472681383496,8,2016
2016-08-11,2377,True,-0.06725983001092109,8,2016
2016-08-11,2313,True,-0.052658757279047036,8,2016
2016-08-11,2890,True,-0.08287233696069743,8,2016
2016-08-11,2723,True,-0.04459694049250765,8,2016
2016-08-12,2353,True,-0.07643694621027085,8,2016
2016-08-15,2409,True,-0.04296385630865399,8,2016
2016-08-15,3231,True,-0.04480349655678332,8,2016
2016-08-15,2886,True,-0.07081061584832708,8,2016
2016-08-15,1216,True,-0.044203620692944624,8,2016
2016-08-15,9914,True,-0.04410121413892524,8,2016
2016-08-15,9945,True,-0.04168396376122999,8,2016
2016-08-18,2880,True,-0.0860533963306051,8,2016
2016-08-18,1227,True,-0.09016910856810206,8,2016
2016-08-19,9904,True,-0.05566031035086072,8,2016
2016-08-22,2886,True,-0.05544325725144818,8,2016
2016-08-24,2618,True,-0.04511903256935942,8,2016
2016-08-24,2887,True,-0.09131613193647156,8,2016
2016-08-24,2812,True,-0.05340195485879625,8,2016
2016-08-24,2723,True,-0.06302692776146276,8,2016
2016-08-29,1229,True,-0.05442874473259101,8,2016
2016-08-29,1231,True,-0.06971634002018616,8,2016
2016-08-30,1513,True,-0.05591359377372461,8,2016
2016-08-31,1102,True,-0.055646099770130235,8,2016
2016-09-01,2845,True,-0.05545287815704889,9,2016
2016-09-01,6414,True,-0.051450140698429105,9,2016
2016-09-02,2317,True,-0.1138504399114561,9,2016
2016-09-02,2345,True,-0.05428849156232224,9,2016
2016-09-07,1476,True,-0.04498291591423375,9,2016
2016-09-08,2458,True,-0.04134118734764997,9,2016
2016-09-09,2723,True,-0.044345336432370264,9,2016
2016-09-12,2345,True,-0.04013738732534525,9,2016
2016-09-14,2308,True,-0.04087122747112141,9,2016
2016-09-20,2379,True,-0.043961513725739115,9,2016
2016-09-29,2379,True,-0.06621027880591539,9,2016
2016-09-29,2368,True,-0.04215037381262403,9,2016
2016-10-06,2231,True,-0.08034829280059327,10,2016
2016-10-11,3661,True,-0.06904523255886902,10,2016
2016-10-11,2368,True,-0.07275996610118879,10,2016
2016-10-11,1802,True,-0.05527019403806782,10,2016
2016-10-12,2891,True,-0.04336859598397089,10,2016
2016-10-12,9910,True,-0.04308708143570125,10,2016
2016-10-14,6414,True,-0.04690077680533471,10,2016
2016-10-17,2723,True,-0.04748457527342399,10,2016
2016-10-28,2337,True,-0.0567586812701415,10,2016
2016-11-02,2377,True,-0.04254420985746519,11,2016
2016-11-02,6414,True,-0.06961212214080056,11,2016
2016-11-02,2231,True,-0.04385572377517253,11,2016
2016-11-04,2454,True,-0.045258627616149655,11,2016
2016-11-08,2609,True,-0.10397835282314516,11,2016
2016-11-09,3034,True,-0.04752155815795056,11,2016
2016-11-09,2609,True,-0.06812616671266836,11,2016
2016-11-09,1476,True,-0.06854126413230155,11,2016
2016-11-09,1590,True,-0.04426068859273313,11,2016
2016-11-10,4904,True,-0.04058226007002852,11,2016
2016-11-11,2382,True,-0.05558189284834204,11,2016
2016-11-11,9910,True,-0.06062176525663544,11,2016
2016-11-11,1476,True,-0.05171913774504357,11,2016
2016-11-11,4938,True,-0.08062176525663546,11,2016
2016-11-11,2354,True,-0.06084154547641564,11,2016
2016-11-11,3661,True,-0.06695270050843417,11,2016
2016-11-11,6414,True,-0.08020247804489546,11,2016
2016-11-11,9914,True,-0.044002046946776355,11,2016
2016-11-14,3231,True,-0.046345421049219813,11,2016
2016-11-14,6414,True,-0.06674978926527676,11,2016
2016-11-15,2723,True,-0.050680364735685136,11,2016
2016-11-16,1590,True,-0.07082163249601578,11,2016
2016-11-22,3661,True,-0.047063095775345815,11,2016
2016-11-25,2610,True,-0.046704283169301905,11,2016
2016-12-02,2377,True,-0.045402765738255545,12,2016
2016-12-06,2609,True,-0.06429067618714718,12,2016
2016-12-07,2231,True,-0.049197676641277055,12,2016
2016-12-12,2377,True,-0.04057226121290429,12,2016
2016-12-12,2723,True,-0.06428795048047935,12,2016
2016-12-12,2606,True,-0.04030977630578651,12,2016
2016-12-13,2609,True,-0.06087769959701156,12,2016
2016-12-13,2231,True,-0.04408549342171281,12,2016
2016-12-14,2609,True,-0.059999717751203996,12,2016
2016-12-20,2609,True,-0.04906599158362917,12,2016
2016-12-28,2376,True,-0.05719952617251392,12,2016
2016-12-28,1707,True,-0.10475192090506993,12,2016
2016-12-30,1707,True,-0.107187695127242,12,2016
2017-01-03,1707,True,-0.10162396547937741,1,2017
2017-01-09,1707,True,-0.046625811094201774,1,2017
2017-01-11,4938,True,-0.06589732858315707,1,2017
2017-01-19,2337,True,-0.044725797279403165,1,2017
2017-02-02,2454,True,-0.04180329732700566,2,2017
2017-02-02,9910,True,-0.04744284822933381,2,2017
2017-02-02,1476,True,-0.09964873058227491,2,2017
2017-02-03,2344,True,-0.04054167773291069,2,2017
2017-02-08,2344,True,-0.07395259473032309,2,2017
2017-02-13,2409,True,-0.040558668539765336,2,2017
2017-02-14,2337,True,-0.07833390046532147,2,2017
2017-02-16,2337,True,-0.04705146671426502,2,2017
2017-02-20,2915,True,-0.047892266500302046,2,2017
2017-03-02,1802,True,-0.04923778273492235,3,2017
2017-03-07,2337,True,-0.10362937959171173,3,2017
2017-03-09,1802,True,-0.043831606225979355,3,2017
2017-03-10,2408,True,-0.041935199162223734,3,2017
2017-03-13,3443,True,-0.049551862225792956,3,2017
2017-03-27,2915,True,-0.09570206064474848,3,2017
2017-03-27,9945,True,-0.068723524596317,3,2017
2017-03-28,2723,True,-0.04003440664471687,3,2017
2017-03-30,9921,True,-0.04252856921663709,3,2017
2017-03-31,6414,True,-0.08547792049376432,3,2017
2017-04-05,2610,True,-0.06515817652481429,4,2017
2017-04-05,2618,True,-0.06229102513097842,4,2017
2017-04-05,6414,True,-0.10349002570275148,4,2017
2017-04-06,3008,True,-0.04373212727316356,4,2017
2017-04-07,9914,True,-0.04238261844856691,4,2017
2017-04-11,2345,True,-0.04158029856303172,4,2017
2017-04-11,1802,True,-0.06775510211565619,4,2017
2017-04-11,6414,True,-0.09067077897799006,4,2017
2017-04-12,2337,True,-0.04293480174339149,4,2017
2017-04-13,1590,True,-0.04571923823136077,4,2017
2017-04-14,1802,True,-0.044377972208389044,4,2017
2017-04-17,2609,True,-0.05137392216703134,4,2017
2017-04-20,3661,True,-0.057364412028207155,4,2017
2017-04-26,2379,True,-0.0452538953501463,4,2017
2017-05-02,2345,True,-0.05250964858798854,5,2017
2017-05-02,2344,True,-0.04832273590095812,5,2017
2017-05-02,3443,True,-0.04224915804936466,5,2017
2017-05-03,2345,True,-0.05363110422007611,5,2017
2017-05-03,2337,True,-0.04710551887047476,5,2017
2017-05-08,2337,True,-0.09283668355436799,5,2017
2017-05-08,2609,True,-0.06587291896292831,5,2017
2017-05-08,2451,True,-0.04171426511677441,5,2017
2017-05-09,2609,True,-0.06515072905704891,5,2017
2017-05-09,3661,True,-0.046691660036182116,5,2017
2017-05-09,2368,True,-0.04478598741571153,5,2017
2017-05-12,1231,True,-0.043100897602205146,5,2017
2017-05-25,3661,True,-0.0575895018742835,5,2017
2017-06-09,2337,True,-0.04379788597527204,6,2017
2017-06-14,3661,True,-0.045105969874266204,6,2017
2017-06-14,6414,True,-0.05497078536568014,6,2017
2017-06-22,2385,True,-0.061711391007281256,6,2017
2017-06-23,2015,True,-0.04979101223134637,6,2017
2017-06-28,2345,True,-0.04407654720561159,6,2017
2017-06-30,2723,True,-0.14188748274680207,6,2017
2017-06-30,5522,True,-0.06526999552054737,6,2017
2017-07-03,2451,True,-0.07100171821051453,7,2017
2017-07-04,2449,True,-0.06587057362065223,7,2017
2017-07-05,2883,True,-0.05088277415517639,7,2017
2017-07-06,2454,True,-0.04146674459973928,7,2017
2017-07-06,2376,True,-0.062037384268400185,7,2017
2017-07-06,1326,True,-0.051334610227132114,7,2017
2017-07-11,2345,True,-0.041933194720914634,7,2017
2017-07-11,3034,True,-0.055093629755344174,7,2017
2017-07-11,3045,True,-0.059410487083209416,7,2017
2017-07-12,4904,True,-0.05452322502215671,7,2017
2017-07-13,2356,True,-0.09155100661355366,7,2017
2017-07-13,2548,True,-0.0664919049587074,7,2017
2017-07-14,2337,True,-0.04195897839956248,7,2017
2017-07-17,2337,True,-0.049933779453021375,7,2017
2017-07-17,2891,True,-0.04019402567399701,7,2017
2017-07-17,2723,True,-0.055382483486364896,7,2017
2017-07-18,1303,True,-0.04885295214254451,7,2017
2017-07-18,9914,True,-0.056548712537533824,7,2017
2017-07-21,2412,True,-0.05174515838138018,7,2017
2017-07-21,2637,True,-0.06024177707394131,7,2017
2017-07-24,1434,True,-0.051979417318803144,7,2017
2017-07-25,1101,True,-0.04114670073116538,7,2017
2017-07-25,1476,True,-0.05167106199082066,7,2017
2017-07-26,2027,True,-0.04040837831719625,7,2017
2017-07-27,2303,True,-0.07851405089796046,7,2017
2017-07-27,5522,True,-0.08076180314571277,7,2017
2017-07-28,3443,True,-0.04829339576732249,7,2017
2017-07-31,1215,True,-0.04722043219084582,7,2017
2017-08-01,4938,True,-0.04096738393973043,8,2017
2017-08-01,2812,True,-0.05910593909654127,8,2017
2017-08-02,3231,True,-0.06615452177365444,8,2017
2017-08-03,3443,True,-0.05076512812021332,8,2017
2017-08-03,3661,True,-0.09529340666933354,8,2017
2017-08-04,2892,True,-0.06792580166779519,8,2017
2017-08-08,2357,True,-0.059305574102412204,8,2017
2017-08-08,2401,True,-0.0416931017050408,8,2017
2017-08-08,6414,True,-0.04122077977041015,8,2017
2017-08-09,2884,True,-0.07106769871034374,8,2017
2017-08-09,2801,True,-0.06954839292708875,8,2017
2017-08-10,2886,True,-0.054108615975540626,8,2017
2017-08-10,3443,True,-0.04518081658081508,8,2017
2017-08-10,3661,True,-0.08381395099400057,8,2017
2017-08-10,1210,True,-0.043250282100963496,8,2017
2017-08-10,2606,True,-0.040184813383373104,8,2017
2017-08-10,1789,True,-0.05467304308202748,8,2017
2017-08-14,2351,True,-0.04299776644762149,8,2017
2017-08-14,1789,True,-0.051310370096046165,8,2017
2017-08-16,2377,True,-0.07403252313652156,8,2017
2017-08-16,2887,True,-0.06894660522198817,8,2017
2017-08-16,5880,True,-0.06443106871502338,8,2017
2017-08-17,2880,True,-0.0834263002805257,8,2017
2017-08-22,1519,True,-0.04256650971082725,8,2017
2017-08-25,1229,True,-0.06738788274250407,8,2017
2017-08-28,1513,True,-0.043099451456215146,8,2017
2017-08-28,1231,True,-0.0702822596268446,8,2017
2017-08-29,2344,True,-0.04790076097404302,8,2017
2017-08-29,1210,True,-0.05161088038055158,8,2017
2017-08-31,2845,True,-0.065388957457504,8,2017
2017-08-31,9945,True,-0.12903969496972661,8,2017
2017-09-01,3443,True,-0.04500794966729986,9,2017
2017-09-07,2379,True,-0.04739631435349799,9,2017
2017-09-07,3443,True,-0.06954470859491545,9,2017
2017-09-11,2542,True,-0.0863299595931783,9,2017
2017-09-13,2603,True,-0.043706175349360825,9,2017
2017-09-13,2606,True,-0.04302106112323666,9,2017
2017-09-15,3443,True,-0.10255911228343398,9,2017
2017-09-15,3661,True,-0.04630911228343395,9,2017
2017-09-18,2603,True,-0.046027585027710594,9,2017
2017-09-18,2615,True,-0.04161326184732045,9,2017
2017-09-18,2890,True,-0.06632313310103638,9,2017
2017-09-19,3231,True,-0.04560155443099642,9,2017
2017-09-22,3008,True,-0.0479595551569305,9,2017
2017-09-25,2609,True,-0.07202171463978911,9,2017
2017-09-25,3443,True,-0.054657436405945656,9,2017
2017-09-25,2313,True,-0.08164416765846859,9,2017
2017-09-26,2344,True,-0.06218017594015684,9,2017
2017-09-26,3443,True,-0.041290529542192415,9,2017
2017-09-26,1513,True,-0.05307525137058227,9,2017
2017-09-26,2606,True,-0.04704740707326354,9,2017
2017-09-29,2609,True,-0.043631658499708514,9,2017
2017-10-05,2351,True,-0.04654275001080435,10,2017
2017-10-11,2603,True,-0.046744019116940996,10,2017
2017-10-11,1476,True,-0.0474828227670699,10,2017
2017-10-12,2231,True,-0.11445243356961361,10,2017
2017-10-18,2313,True,-0.05206102666122199,10,2017
2017-10-18,6414,True,-0.041241150945560426,10,2017
2017-10-20,3443,True,-0.06625896202059758,10,2017
2017-10-23,1590,True,-0.049300655725063196,10,2017
2017-10-25,2344,True,-0.06446164454267518,10,2017
2017-10-25,3661,True,-0.04994622950033563,10,2017
2017-10-27,2337,True,-0.07585491378567424,10,2017
2017-10-27,2408,True,-0.040677153415837025,10,2017
2017-10-27,2360,True,-0.05650476592537182,10,2017
2017-10-27,3443,True,-0.043532929315313745,10,2017
2017-10-27,3661,True,-0.05715122692723598,10,2017
2017-11-01,2603,True,-0.040373293128636176,11,2017
2017-11-01,3661,True,-0.07851520661681004,11,2017
2017-11-03,3661,True,-0.04025945715751584,11,2017
2017-11-07,2603,True,-0.05336256606536191,11,2017
2017-11-07,2610,True,-0.04430687599272273,11,2017
2017-11-07,1476,True,-0.04106442941939922,11,2017
2017-11-08,2337,True,-0.05795391716886381,11,2017
2017-11-09,2376,True,-0.06332772716536222,11,2017
2017-11-09,2458,True,-0.04479195163070654,11,2017
2017-11-10,3443,True,-0.0529261615999972,11,2017
2017-11-10,2324,True,-0.04102902940513243,11,2017
2017-11-10,4938,True,-0.05186164248493664,11,2017
2017-11-13,2337,True,-0.0753352592573295,11,2017
2017-11-13,2376,True,-0.0648956988177691,11,2017
2017-11-13,1476,True,-0.09379083468964908,11,2017
2017-11-13,2313,True,-0.04611242024067604,11,2017
2017-11-13,3661,True,-0.092425355705224,11,2017
2017-11-13,2368,True,-0.054473862589481246,11,2017
2017-11-14,2351,True,-0.05261602222423687,11,2017
2017-11-15,6414,True,-0.04323586786850271,11,2017
2017-11-15,9914,True,-0.04687206296743414,11,2017
2017-11-20,3443,True,-0.041320363699120524,11,2017
2017-11-21,2915,True,-0.052910460229972006,11,2017
2017-11-21,9945,True,-0.041583699492326626,11,2017
2017-11-22,2376,True,-0.04430938350475425,11,2017
2017-11-23,2337,True,-0.0739195589211235,11,2017
2017-11-23,2351,True,-0.04173588545173571,11,2017
2017-11-27,2313,True,-0.047982131612386986,11,2017
2017-11-28,2337,True,-0.04181219911178239,11,2017
2017-11-28,2344,True,-0.06306219911178228,11,2017
2017-11-28,1590,True,-0.08108106703631061,11,2017
2017-11-30,2408,True,-0.0516840569228507,11,2017
2017-11-30,2313,True,-0.04403868572474665,11,2017
2017-12-01,2345,True,-0.04193345591067201,12,2017
2017-12-01,2360,True,-0.044637550682755454,12,2017
2017-12-01,2344,True,-0.05591946989668608,12,2017
2017-12-01,3443,True,-0.0478973501724387,12,2017
2017-12-01,3661,True,-0.040421903330235896,12,2017
2017-12-04,3008,True,-0.04620176406446384,12,2017
2017-12-04,2360,True,-0.05785702497122179,12,2017
2017-12-04,2344,True,-0.04517778970834328,12,2017
2017-12-04,3443,True,-0.04540709172689604,12,2017
2017-12-05,2360,True,-0.045618754815226134,12,2017
2017-12-06,2454,True,-0.08574083774678533,12,2017
2017-12-06,3008,True,-0.08499290204931033,12,2017
2017-12-06,2337,True,-0.04904982537104987,12,2017
2017-12-06,6414,True,-0.054292710259779574,12,2017
2017-12-07,2337,True,-0.09571071107179546,12,2017
2017-12-07,2360,True,-0.05609306904091033,12,2017
2017-12-07,1590,True,-0.05791160012882741,12,2017
2017-12-08,2231,True,-0.048239483665152696,12,2017
2017-12-08,9914,True,-0.044880317040423126,12,2017
2017-12-13,2345,True,-0.04598457627259555,12,2017
2017-12-18,3443,True,-0.04123062103603649,12,2017
2017-12-22,2337,True,-0.047697107832499024,12,2017
2017-12-22,2344,True,-0.041302171501792155,12,2017
2017-12-25,3008,True,-0.046905899295907987,12,2017
2017-12-25,2313,True,-0.05693391050038981,12,2017
2017-12-26,3443,True,-0.08998886767549619,12,2017
2017-12-26,2313,True,-0.04117488515364843,12,2017
2017-12-27,3008,True,-0.05481650644605141,12,2017
2017-12-27,2351,True,-0.043493407030846816,12,2017
2018-01-02,2723,True,-0.042457870333156664,1,2018
2018-01-03,2723,True,-0.05408750803535394,1,2018
2018-01-08,3008,True,-0.04600221284144456,1,2018
2018-01-08,2337,True,-0.049993343661843596,1,2018
2018-01-09,3008,True,-0.04647552568635311,1,2018
2018-01-09,2357,True,-0.04137253725746066,1,2018
2018-01-09,2313,True,-0.050837141036317264,1,2018
2018-01-10,2408,True,-0.04614466518776141,1,2018
2018-01-10,3443,True,-0.05992285274000044,1,2018
2018-01-12,2345,True,-0.05677214710422547,1,2018
2018-01-15,2723,True,-0.05186202892199665,1,2018
2018-01-16,2345,True,-0.041505560380685536,1,2018
2018-01-16,1590,True,-0.042017930458272956,1,2018
2018-01-17,2408,True,-0.0503127162254145,1,2018
2018-01-22,1229,True,-0.04333774958071235,1,2018
2018-01-22,3037,True,-0.04336253825724512,1,2018
2018-01-23,2353,True,-0.07334143725015109,1,2018
2018-01-24,3008,True,-0.04284453046212401,1,2018
2018-01-24,1590,True,-0.04589709380502906,1,2018
2018-01-25,2345,True,-0.047558153632401935,1,2018
2018-01-25,2351,True,-0.043742804862924735,1,2018
2018-01-25,3443,True,-0.05186022729380716,1,2018
2018-01-25,2353,True,-0.07608220006689617,1,2018
2018-01-26,2313,True,-0.08210589604222439,1,2018
2018-01-29,1707,True,-0.04636403867491938,1,2018
2018-01-30,2377,True,-0.06447786218271659,1,2018
2018-01-30,3661,True,-0.04022431075658253,1,2018
2018-01-31,2379,True,-0.04383908910175468,1,2018
2018-02-01,3443,True,-0.04167615712508719,2,2018
2018-02-05,2337,True,-0.05504760235554754,2,2018
2018-02-05,2376,True,-0.05821393081401785,2,2018
2018-02-05,3661,True,-0.05371839203570619,2,2018
2018-02-06,3008,True,-0.050120231606697506,2,2018
2018-02-06,2344,True,-0.04674944508984354,2,2018
2018-02-06,2351,True,-0.049449090667100314,2,2018
2018-02-06,2401,True,-0.04260578073964557,2,2018
2018-02-06,3037,True,-0.04297737446384039,2,2018
2018-02-06,3443,True,-0.04982697647473274,2,2018
2018-02-06,3661,True,-0.04966361060213139,2,2018
2018-02-06,2368,True,-0.0451202316066975,2,2018
2018-02-06,1590,True,-0.04102932251578847,2,2018
2018-02-06,1802,True,-0.05012023160669762,2,2018
2018-02-06,1789,True,-0.04368748306868594,2,2018
2018-02-07,2360,True,-0.06257366676202383,2,2018
2018-02-07,3443,True,-0.0537574230279935,2,2018
2018-02-07,9921,True,-0.057879351688467175,2,2018
2018-02-08,2345,True,-0.045389158356995654,2,2018
2018-02-08,2337,True,-0.0672746080697625,2,2018
2018-02-08,2360,True,-0.04039810186862226,2,2018
2018-02-08,2344,True,-0.04474372937723449,2,2018
2018-02-08,3443,True,-0.06561929363922238,2,2018
2018-02-12,2360,True,-0.06020714304053063,2,2018
2018-02-12,3443,True,-0.043936805118127566,2,2018
2018-02-21,6414,True,-0.04869536498882943,2,2018
2018-02-21,5903,True,-0.048116017565766785,2,2018
2018-02-22,2377,True,-0.04698581789887888,2,2018
2018-02-26,3008,True,-0.04709274045817705,2,2018
2018-02-26,2360,True,-0.054952969367447126,2,2018
2018-03-05,2345,True,-0.043827004185663127,3,2018
2018-03-05,2351,True,-0.04045650081515975,3,2018
2018-03-08,2353,True,-0.05352773494751713,3,2018
2018-03-09,2376,True,-0.045511984918781015,3,2018
2018-03-09,2360,True,-0.05655365494117044,3,2018
2018-03-09,2027,True,-0.04253705929192182,3,2018
2018-03-12,2376,True,-0.04977651525688793,3,2018
2018-03-12,3443,True,-0.08845368243698642,3,2018
2018-03-14,2723,True,-0.052754511182638214,3,2018
2018-03-15,3008,True,-0.04418631046041921,3,2018
2018-03-15,2449,True,-0.07361402317034049,3,2018
2018-03-19,2723,True,-0.04414684177042606,3,2018
2018-03-22,3661,True,-0.0843115908951587,3,2018
2018-03-26,2345,True,-0.0965966058244286,3,2018
2018-03-26,2027,True,-0.052685944214651954,3,2018
2018-03-26,9921,True,-0.04524565792175656,3,2018
2018-03-28,2337,True,-0.05217901441915014,3,2018
2018-03-28,2408,True,-0.04113397775191248,3,2018
2018-03-30,2360,True,-0.044728872409534846,3,2018
2018-03-30,3661,True,-0.0907324021465056,3,2018
2018-04-02,3008,True,-0.0482335927875347,4,2018
2018-04-02,6414,True,-0.04539762128279801,4,2018
2018-04-03,6414,True,-0.0438578342186363,4,2018
2018-04-09,3008,True,-0.06454487213703862,4,2018
2018-04-09,2345,True,-0.07673037003682213,4,2018
2018-04-09,2313,True,-0.046195199104300234,4,2018
2018-04-09,3661,True,-0.04411700353224233,4,2018
2018-04-10,1513,True,-0.06582103186481053,4,2018
2018-04-10,1519,True,-0.09881641876569408,4,2018
2018-04-10,4133,True,-0.053014314140060144,4,2018
2018-04-11,1519,True,-0.04387554290917614,4,2018
2018-04-12,1519,True,-0.04970361149869408,4,2018
2018-04-16,2377,True,-0.043423716549950406,4,2018
2018-04-17,3443,True,-0.04204328413715198,4,2018
2018-04-18,3443,True,-0.10120510860074838,4,2018
2018-04-19,3443,True,-0.043189458197913075,4,2018
2018-04-19,1590,True,-0.06842074760723547,4,2018
2018-04-20,2330,True,-0.05803189928696321,4,2018
2018-04-20,2345,True,-0.08076161817425379,4,2018
2018-04-20,2408,True,-0.047752640162319095,4,2018
2018-04-20,3443,True,-0.057976947546366765,4,2018
2018-04-23,3008,True,-0.04278081604934238,4,2018
2018-04-23,2345,True,-0.09270274128127033,4,2018
2018-04-24,2337,True,-0.0463433660225431,4,2018
2018-04-24,3037,True,-0.04531537822575307,4,2018
2018-04-24,2027,True,-0.08466128311743862,4,2018
2018-04-24,1519,True,-0.040084161309730165,4,2018
2018-04-25,2379,True,-0.09915612915528772,4,2018
2018-04-26,2337,True,-0.05876556942195565,4,2018
2018-04-26,2360,True,-0.05151652915404736,4,2018
2018-04-26,1519,True,-0.08082340849010394,4,2018
2018-04-27,2723,True,-0.05482022860640976,4,2018
2018-04-30,2345,True,-0.05910958664791954,4,2018
2018-04-30,2360,True,-0.04447936156753374,4,2018
2018-04-30,2231,True,-0.10910958664791959,4,2018
2018-05-02,2337,True,-0.056695723722045094,5,2018
2018-05-02,3443,True,-0.04318810576110818,5,2018
2018-05-02,3711,True,-0.05614704519920807,5,2018
2018-05-02,1590,True,-0.04343550803720905,5,2018
2018-05-02,1519,True,-0.09383393166546258,5,2018
2018-05-03,3661,True,-0.0886409794557377,5,2018
2018-05-04,1476,True,-0.06855871658840822,5,2018
2018-05-04,2231,True,-0.04643563199199378,5,2018
2018-05-09,2345,True,-0.04243484917206136,5,2018
2018-05-11,2723,True,-0.050958087147202895,5,2018
2018-05-14,2609,True,-0.072975954926389,5,2018
2018-05-14,2027,True,-0.04765233033091946,5,2018
2018-05-14,1227,True,-0.04278566366425288,5,2018
2018-05-16,2376,True,-0.04708317404606364,5,2018
2018-05-29,2360,True,-0.04479016378751361,5,2018
2018-05-31,3661,True,-0.04600022922679789,5,2018
2018-06-07,1476,True,-0.07416730559086131,6,2018
2018-06-07,2377,True,-0.06603722429004837,6,2018
2018-06-11,3661,True,-0.08262445008392494,6,2018
2018-06-12,3443,True,-0.04161563457087408,6,2018
2018-06-13,1590,True,-0.040099557039504165,6,2018
2018-06-15,1590,True,-0.04695488859321868,6,2018
2018-06-15,2723,True,-0.05314389260147463,6,2018
2018-06-19,3008,True,-0.04204430773783159,6,2018
2018-06-19,2313,True,-0.06402728306766299,6,2018
2018-06-20,2345,True,-0.05518414338412269,6,2018
2018-06-20,3443,True,-0.04836596156594097,6,2018
2018-06-20,2377,True,-0.07260176942620289,6,2018
2018-06-20,1590,True,-0.05236164191151326,6,2018
2018-06-21,2385,True,-0.05287274560617266,6,2018
2018-06-21,2723,True,-0.08091935828640168,6,2018
2018-06-22,2376,True,-0.05074320713642173,6,2018
2018-06-22,1590,True,-0.041645774918698426,6,2018
2018-06-25,2408,True,-0.06073845212547753,6,2018
2018-06-25,2351,True,-0.043163091297521675,6,2018
2018-06-25,3443,True,-0.06221662933181012,6,2018
2018-06-26,2882,True,-0.04207268209218311,6,2018
2018-06-28,2408,True,-0.04141935653684794,6,2018
2018-06-28,2548,True,-0.0675880197636837,6,2018
2018-07-02,1590,True,-0.07068627051346653,7,2018
2018-07-02,6414,True,-0.05668513666012463,7,2018
2018-07-03,1590,True,-0.06288163012016443,7,2018
2018-07-03,6414,True,-0.08929598476431397,7,2018
2018-07-03,9914,True,-0.07497377513527012,7,2018
2018-07-03,9921,True,-0.04262043609031371,7,2018
2018-07-04,2451,True,-0.06211481676355103,7,2018
2018-07-05,2454,True,-0.04404366366152504,7,2018
2018-07-05,2376,True,-0.04775873112259002,7,2018
2018-07-05,1326,True,-0.07135170149907724,7,2018
2018-07-05,2458,True,-0.05534120281141322,7,2018
2018-07-05,1590,True,-0.08030800228020477,7,2018
2018-07-06,9904,True,-0.06712143000541396,7,2018
2018-07-06,3037,True,-0.04454697398134358,7,2018
2018-07-06,2015,True,-0.059856916681904876,7,2018
2018-07-09,2454,True,-0.051315306100160274,7,2018
2018-07-09,2376,True,-0.04795409934495448,7,2018
2018-07-09,2891,True,-0.05396728488432995,7,2018
2018-07-09,9910,True,-0.05247173414777123,7,2018
2018-07-09,3443,True,-0.04006435262952718,7,2018
2018-07-09,2377,True,-0.04004221502215982,7,2018
2018-07-10,2303,True,-0.04439866647126837,7,2018
2018-07-10,3045,True,-0.056898825263936116,7,2018
2018-07-10,1303,True,-0.062428613860989225,7,2018
2018-07-11,2345,True,-0.041852607114761256,7,2018
2018-07-11,4904,True,-0.04394005956651238,7,2018
2018-07-11,1301,True,-0.04707012622116925,7,2018
2018-07-11,1590,True,-0.07906019497594387,7,2018
2018-07-12,2409,True,-0.10873102404017386,7,2018
2018-07-12,2376,True,-0.07454095203597765,7,2018
2018-07-12,2356,True,-0.0536361281492581,7,2018
2018-07-12,2883,True,-0.04355472214354349,7,2018
2018-07-12,9914,True,-0.04154154769309569,7,2018
2018-07-17,1590,True,-0.07598004684522744,7,2018
2018-07-18,2408,True,-0.05288356559157813,7,2018
2018-07-18,2903,True,-0.05192194812665739,7,2018
2018-07-18,2449,True,-0.06705982633424078,7,2018
2018-07-18,1434,True,-0.05686560005531903,7,2018
2018-07-18,2231,True,-0.16410951577523458,7,2018
2018-07-19,2408,True,-0.041002220993882975,7,2018
2018-07-20,2376,True,-0.0510722146783226,7,2018
2018-07-20,1707,True,-0.042251884797985056,7,2018
2018-07-23,3661,True,-0.09426834509388797,7,2018
2018-07-23,6414,True,-0.07465811366879664,7,2018
2018-07-23,2231,True,-0.09426834509388797,7,2018
2018-07-23,9945,True,-0.04870960583887367,7,2018
2018-07-24,2454,True,-0.06802880639878471,7,2018
2018-07-24,5522,True,-0.06795335304991378,7,2018
2018-07-25,2345,True,-0.040664613670721064,7,2018
2018-07-25,2912,True,-0.09753151137319828,7,2018
2018-07-25,2354,True,-0.050711783482041764,7,2018
2018-07-25,9914,True,-0.046487645551007276,7,2018
2018-07-26,2303,True,-0.04211121204085951,7,2018
2018-07-26,2376,True,-0.04739024673165889,7,2018
2018-07-26,2884,True,-0.06378330386885331,7,2018
2018-07-26,9933,True,-0.0728572964479269,7,2018
2018-07-30,2382,True,-0.04937093012419279,7,2018
2018-07-30,2360,True,-0.04698632095759346,7,2018
2018-07-30,3443,True,-0.06210868512567112,7,2018
2018-07-30,3661,True,-0.046847473604237674,7,2018
2018-07-30,2915,True,-0.05813166347299768,7,2018
2018-07-31,2812,True,-0.05078710628764824,7,2018
2018-08-01,3231,True,-0.06034314460222071,8,2018
2018-08-01,2912,True,-0.09601378723924106,8,2018
2018-08-02,2345,True,-0.04356133483530422,8,2018
2018-08-02,1216,True,-0.0514583616663411,8,2018
2018-08-02,1590,True,-0.0458793941344956,8,2018
2018-08-03,2360,True,-0.05264208271123425,8,2018
2018-08-03,3443,True,-0.042870048443773824,8,2018
2018-08-06,3443,True,-0.07963989534652718,8,2018
2018-08-06,1590,True,-0.06306772304585676,8,2018
2018-08-08,3443,True,-0.04740555121294576,8,2018
2018-08-09,2886,True,-0.042454915312062844,8,2018
2018-08-09,2449,True,-0.06949271229962932,8,2018
2018-08-10,2360,True,-0.04548249579376562,8,2018
2018-08-10,2449,True,-0.04390754971564814,8,2018
2018-08-10,2231,True,-0.08670946920378475,8,2018
2018-08-13,3008,True,-0.0699961626475678,8,2018
2018-08-13,2337,True,-0.07580124058425441,8,2018
2018-08-13,2408,True,-0.04015665488112063,8,2018
2018-08-13,3661,True,-0.07857947738504756,8,2018
2018-08-14,2337,True,-0.0463074830658718,8,2018
2018-08-14,2344,True,-0.05140835858928256,8,2018
2018-08-14,6414,True,-0.04249944968037362,8,2018
2018-08-14,1215,True,-0.07352523986846744,8,2018
2018-08-15,2345,True,-0.08208314620818563,8,2018
2018-08-15,2379,True,-0.06745404308076247,8,2018
2018-08-15,2890,True,-0.05418910319920484,8,2018
2018-08-15,6414,True,-0.08779934582859422,8,2018
2018-08-15,1215,True,-0.06078429807024483,8,2018
2018-08-16,2454,True,-0.044573144186351346,8,2018
2018-08-16,2880,True,-0.060839384648302144,8,2018
2018-08-16,6414,True,-0.08188209959875499,8,2018
2018-08-16,2723,True,-0.07145051727030578,8,2018
2018-08-17,2376,True,-0.05571240417860504,8,2018
2018-08-17,2723,True,-0.10001535523212804,8,2018
2018-08-20,2313,True,-0.05412897800674209,8,2018
2018-08-21,5880,True,-0.05222904080590933,8,2018
2018-08-22,3008,True,-0.04407183400702932,8,2018
2018-08-22,2377,True,-0.04043202398424064,8,2018
2018-08-22,2887,True,-0.05150824678684764,8,2018
2018-08-24,2337,True,-0.05655642292322787,8,2018
2018-08-24,2360,True,-0.052413500776362136,8,2018
2018-08-24,2368,True,-0.05126976878788952,8,2018
2018-08-24,2027,True,-0.06521452438870429,8,2018
2018-08-27,1229,True,-0.09898901352339243,8,2018
2018-08-27,1231,True,-0.053559655935591005,8,2018
2018-08-29,2603,True,-0.043587755241002966,8,2018
2018-08-29,1513,True,-0.04038052690703727,8,2018
2018-08-30,1102,True,-0.0716801867618106,8,2018
2018-08-30,2723,True,-0.041049822076765934,8,2018
2018-08-31,2723,True,-0.05287278230784314,8,2018
2018-09-03,2458,True,-0.04598547289449666,9,2018
2018-09-03,2368,True,-0.051769484980821276,9,2018
2018-09-03,2027,True,-0.06217109555278093,9,2018
2018-09-04,2801,True,-0.06845657966632519,9,2018
2018-09-05,2368,True,-0.05104059788439144,9,2018
2018-09-05,1210,True,-0.09813075996845824,9,2018
2018-09-06,3008,True,-0.04548183121844854,9,2018
2018-09-06,2337,True,-0.04036935678082068,9,2018
2018-09-06,2379,True,-0.041179829317086775,9,2018
2018-09-06,2344,True,-0.05057010459364966,9,2018
2018-09-06,2845,True,-0.07955888056414365,9,2018
2018-09-07,2337,True,-0.08552754667644764,9,2018
2018-09-07,2408,True,-0.0817610397703424,9,2018
2018-09-07,2344,True,-0.07989297723214324,9,2018
2018-09-07,2313,True,-0.062634804370522,9,2018
2018-09-07,3661,True,-0.07105088380678089,9,2018
2018-09-07,6414,True,-0.06050186786258556,9,2018
2018-09-07,2542,True,-0.06824990392000614,9,2018
2018-09-10,3008,True,-0.0610384801203446,9,2018
2018-09-10,2345,True,-0.04662390244995304,9,2018
2018-09-10,2360,True,-0.044703629454761445,9,2018
2018-09-10,1101,True,-0.06392818009321352,9,2018
2018-09-10,2401,True,-0.048962238562608146,9,2018
2018-09-10,3443,True,-0.05817669748100893,9,2018
2018-09-10,2313,True,-0.08146041345667673,9,2018
2018-09-10,3661,True,-0.08281437864042915,9,2018
2018-09-10,2368,True,-0.07970019178921803,9,2018
2018-09-10,6414,True,-0.07287066381866555,9,2018
2018-09-11,1102,True,-0.06858409993688916,9,2018
2018-09-11,2618,True,-0.0418008493850128,9,2018
2018-09-11,2377,True,-0.049286557201846465,9,2018
2018-09-11,2451,True,-0.05452159993688918,9,2018
2018-09-11,2723,True,-0.04634517036924632,9,2018
2018-09-11,2231,True,-0.06493826660355592,9,2018
2018-09-12,2345,True,-0.04522528927863038,9,2018
2018-09-12,2337,True,-0.0410993271708742,9,2018
2018-09-12,2379,True,-0.04226476296284091,9,2018
2018-09-12,3034,True,-0.07200630925759981,9,2018
2018-09-12,3443,True,-0.05215312021961919,9,2018
2018-09-12,2368,True,-0.043501668175512855,9,2018
2018-09-12,1590,True,-0.09295363202815958,9,2018
2018-09-13,2356,True,-0.050211198205765174,9,2018
2018-09-14,2912,True,-0.04346522754795801,9,2018
2018-09-17,6414,True,-0.06120510239223663,9,2018
2018-09-18,3008,True,-0.09809641129008985,9,2018
2018-09-18,3443,True,-0.05981064998799247,9,2018
2018-09-19,2360,True,-0.040189351305982404,9,2018
2018-09-20,2345,True,-0.09253317992835305,9,2018
2018-09-20,3661,True,-0.09223618713832701,9,2018
2018-09-20,2368,True,-0.05414738840044117,9,2018
2018-09-20,1503,True,-0.05166823581986865,9,2018
2018-09-21,2337,True,-0.06812061390396877,9,2018
2018-09-21,3037,True,-0.04306099181627835,9,2018
2018-09-21,2723,True,-0.053627860280780294,9,2018
2018-09-25,3034,True,-0.045209466131165235,9,2018
2018-09-25,1590,True,-0.10184526640521703,9,2018
2018-09-26,2345,True,-0.04110329954837935,9,2018
2018-09-26,9910,True,-0.08325561812207974,9,2018
2018-09-26,1476,True,-0.09313683984153678,9,2018
2018-09-27,2345,True,-0.0628501951098008,9,2018
2018-09-27,1590,True,-0.04582617287434317,9,2018
2018-10-02,2379,True,-0.04674694271700538,10,2018
2018-10-03,2345,True,-0.05220405964971202,10,2018
2018-10-03,2458,True,-0.04379946477371559,10,2018
2018-10-03,2368,True,-0.05492240733888491,10,2018
2018-10-03,2231,True,-0.04312302342074585,10,2018
2018-10-04,2337,True,-0.08769503658441899,10,2018
2018-10-04,2408,True,-0.056903189073568256,10,2018
2018-10-04,2360,True,-0.05777446437166897,10,2018
2018-10-04,2912,True,-0.04576716879967588,10,2018
2018-10-04,1590,True,-0.05586270706422822,10,2018
2018-10-05,3008,True,-0.05217947842619873,10,2018
2018-10-05,2379,True,-0.062407150671918474,10,2018
2018-10-05,2344,True,-0.04323298533679108,10,2018
2018-10-05,3443,True,-0.07791620925516494,10,2018
2018-10-05,2313,True,-0.06682324074667177,10,2018
2018-10-05,3661,True,-0.07551303791968221,10,2018
2018-10-05,1519,True,-0.04190319810274855,10,2018
2018-10-05,6414,True,-0.06481245077178764,10,2018
2018-10-05,2723,True,-0.04462058940709633,10,2018
2018-10-05,2231,True,-0.04666777209377991,10,2018
2018-10-08,2379,True,-0.04064671861809579,10,2018
2018-10-08,3034,True,-0.06747334027230358,10,2018
2018-10-08,2231,True,-0.09369711649607983,10,2018
2018-10-09,2337,True,-0.0922965829496574,10,2018
2018-10-09,2360,True,-0.0942081520985936,10,2018
2018-10-09,3037,True,-0.08248940209859348,10,2018
2018-10-09,3443,True,-0.05879256599900854,10,2018
2018-10-09,2449,True,-0.047276539779753025,10,2018
2018-10-09,1590,True,-0.04970150839780622,10,2018
2018-10-12,2360,True,-0.06694338498314413,10,2018
2018-10-12,2401,True,-0.04684861176192347,10,2018
2018-10-12,1789,True,-0.06334255425207093,10,2018
2018-10-12,4133,True,-0.046189356720120714,10,2018
2018-10-16,3008,True,-0.04524193314173005,10,2018
2018-10-16,2408,True,-0.056334289061672115,10,2018
2018-10-17,2313,True,-0.04118195436898496,10,2018
2018-10-17,6414,True,-0.060428274087002895,10,2018
2018-10-18,2408,True,-0.05309494207802018,10,2018
2018-10-18,2351,True,-0.04237055320352762,10,2018
2018-10-18,3443,True,-0.07534167410416409,10,2018
2018-10-18,2377,True,-0.04000059576040477,10,2018
2018-10-18,2231,True,-0.05390982988881471,10,2018
2018-10-19,2207,True,-0.043912270146664,10,2018
2018-10-19,2351,True,-0.06761106294302267,10,2018
2018-10-19,1210,True,-0.044010021857319066,10,2018
2018-10-22,9914,True,-0.06188528878887148,10,2018
2018-10-23,2360,True,-0.06986610255302553,10,2018
2018-10-23,1102,True,-0.04706287453643567,10,2018
2018-10-23,2351,True,-0.0664200931056769,10,2018
2018-10-23,3443,True,-0.040688689345194116,10,2018
2018-10-23,1590,True,-0.04908029773680247,10,2018
2018-10-23,6414,True,-0.0519203575275349,10,2018
2018-10-24,1101,True,-0.05086158639159579,10,2018
2018-10-24,2027,True,-0.07707584092117438,10,2018
2018-10-24,9914,True,-0.09547269750270683,10,2018
2018-10-25,2337,True,-0.07441482043980019,10,2018
2018-10-25,2408,True,-0.048539336146465994,10,2018
2018-10-25,2360,True,-0.05030171435948105,10,2018
2018-10-25,2344,True,-0.046570133062039054,10,2018
2018-10-25,2313,True,-0.05248058964480995,10,2018
2018-10-25,3661,True,-0.047152691482756026,10,2018
2018-10-25,2027,True,-0.05640342702904588,10,2018
2018-10-25,1789,True,-0.04319788922286916,10,2018
2018-10-26,2303,True,-0.04383492861271851,10,2018
2018-10-26,2337,True,-0.04784036456150617,10,2018
2018-10-26,1590,True,-0.08284070034982502,10,2018
2018-10-26,1215,True,-0.06566947497640527,10,2018
2018-10-29,2345,True,-0.06304643814074487,10,2018
2018-10-29,2337,True,-0.05829927611804101,10,2018
2018-10-29,3034,True,-0.04525195192520607,10,2018
2018-10-29,2360,True,-0.06394733904164576,10,2018
2018-10-29,3037,True,-0.07814077776338649,10,2018
2018-10-30,3008,True,-0.04407001984797538,10,2018
2018-10-30,2723,True,-0.05625949458206531,10,2018
2018-10-30,9914,True,-0.07128296876046908,10,2018
2018-10-31,9910,True,-0.04828454975204885,10,2018
2018-10-31,2723,True,-0.09901409639092326,10,2018
2018-10-31,9921,True,-0.06788232467716657,10,2018
2018-11-01,2409,True,-0.04458871948719242,11,2018
2018-11-01,2606,True,-0.04485517637193067,11,2018
2018-11-02,2368,True,-0.043018981132313554,11,2018
2018-11-05,2303,True,-0.09239498647920245,11,2018
2018-11-05,1102,True,-0.044143427791211096,11,2018
2018-11-05,9910,True,-0.04195198319093067,11,2018
2018-11-05,3443,True,-0.09507913011408302,11,2018
2018-11-05,2313,True,-0.06148403054753408,11,2018
2018-11-05,6414,True,-0.04131441757738201,11,2018
2018-11-06,3008,True,-0.055687415040401145,11,2018
2018-11-06,2408,True,-0.055933064561253965,11,2018
2018-11-06,2344,True,-0.04327565125520444,11,2018
2018-11-06,3443,True,-0.050740550061359746,11,2018
2018-11-06,2313,True,-0.050885384509288534,11,2018
2018-11-06,6414,True,-0.052762310907388865,11,2018
2018-11-06,2231,True,-0.04156582754077248,11,2018
2018-11-07,2912,True,-0.04764879160108523,11,2018
2018-11-08,2353,True,-0.04449741914369492,11,2018
2018-11-08,1590,True,-0.07879524005403508,11,2018
2018-11-09,1590,True,-0.061655414757384765,11,2018
2018-11-12,2353,True,-0.052630477780874936,11,2018
2018-11-12,2354,True,-0.04797756027584466,11,2018
2018-11-12,2027,True,-0.04372771623342409,11,2018
2018-11-13,2356,True,-0.09461045282943191,11,2018
2018-11-14,2357,True,-0.09184580074899165,11,2018
2018-11-14,2337,True,-0.04805415108218905,11,2018
2018-11-15,2376,True,-0.048603620210732196,11,2018
2018-11-15,2377,True,-0.04112045988069504,11,2018
2018-11-15,3661,True,-0.046794484073237747,11,2018
2018-11-15,2723,True,-0.051760106685919155,11,2018
2018-11-15,5903,True,-0.04481819948825741,11,2018
2018-11-16,2454,True,-0.052256849564117004,11,2018
2018-11-16,2377,True,-0.08543796650333332,11,2018
2018-11-16,3661,True,-0.05813637920174584,11,2018
2018-11-16,1402,True,-0.061875695441062174,11,2018
2018-11-20,2345,True,-0.06481324328779928,11,2018
2018-11-20,2351,True,-0.0419804200680727,11,2018
2018-11-22,3037,True,-0.06455294323319674,11,2018
2018-11-22,3443,True,-0.0654081350964704,11,2018
2018-11-22,2368,True,-0.0557962091142953,11,2018
2018-11-23,3443,True,-0.0679534122893592,11,2018
2018-11-27,1101,True,-0.05556458139297305,11,2018
2018-11-27,2356,True,-0.043499232959759666,11,2018
2018-11-29,2368,True,-0.05263367629075817,11,2018
2018-11-30,3008,True,-0.04645230661115602,11,2018
2018-11-30,2548,True,-0.04471420632882268,11,2018
2018-12-03,1476,True,-0.043537754413118704,12,2018
2018-12-03,2915,True,-0.05783766638744926,12,2018
2018-12-04,3008,True,-0.05246719232140101,12,2018
2018-12-04,2379,True,-0.044433855340695605,12,2018
2018-12-05,2408,True,-0.06905282528246792,12,2018
2018-12-05,1476,True,-0.08571074992623051,12,2018
2018-12-05,2344,True,-0.04076301473459287,12,2018
2018-12-05,3443,True,-0.0654984644700426,12,2018
2018-12-05,3661,True,-0.06158366305825691,12,2018
2018-12-05,1590,True,-0.04437903042926017,12,2018
2018-12-06,2454,True,-0.040019411732435825,12,2018
2018-12-06,3008,True,-0.07807624667081313,12,2018
2018-12-06,2337,True,-0.07130629805334864,12,2018
2018-12-06,2401,True,-0.04586339437023011,12,2018
2018-12-06,3037,True,-0.050722120227626885,12,2018
2018-12-06,2313,True,-0.045183479948792,12,2018
2018-12-06,2368,True,-0.06957880938999304,12,2018
2018-12-06,6414,True,-0.05219913024560795,12,2018
2018-12-06,2231,True,-0.04054596598589209,12,2018
2018-12-07,2345,True,-0.04092608785477961,12,2018
2018-12-07,1590,True,-0.047288685783427514,12,2018
2018-12-10,2408,True,-0.05264746718613099,12,2018
2018-12-10,9904,True,-0.04422852802558151,12,2018
2018-12-10,3661,True,-0.05008447579134366,12,2018
2018-12-11,2376,True,-0.04762066003854078,12,2018
2018-12-11,2368,True,-0.05497360121501134,12,2018
2018-12-11,2723,True,-0.05153794747753389,12,2018
2018-12-13,3037,True,-0.059702477511137456,12,2018
2018-12-13,2368,True,-0.058437181848378775,12,2018
2018-12-14,2449,True,-0.062382617925187914,12,2018
2018-12-18,2201,True,-0.05374782578814069,12,2018
2018-12-19,1590,True,-0.09158282319876462,12,2018
2018-12-20,2357,True,-0.04671990601056108,12,2018
2018-12-20,2337,True,-0.04153553029580347,12,2018
2018-12-21,2360,True,-0.0759738020370398,12,2018
2018-12-22,2458,True,-0.0576222667369527,12,2018
2018-12-25,3037,True,-0.04777047696173149,12,2018
2018-12-25,2548,True,-0.07792405688818622,12,2018
2018-12-26,2408,True,-0.04529782665864154,12,2018
2018-12-26,2376,True,-0.07459880739556188,12,2018
2018-12-27,2449,True,-0.04552702211877375,12,2018
2018-12-28,3037,True,-0.0447293348485855,12,2018
2019-01-02,2412,True,-0.044358223062104254,1,2019
2019-01-02,4904,True,-0.04361689887176924,1,2019
2019-01-02,1326,True,-0.04173706840555137,1,2019
2019-01-03,2408,True,-0.06150508778625101,1,2019
2019-01-03,3443,True,-0.09614882242998572,1,2019
2019-01-04,2449,True,-0.04171650941887717,1,2019
2019-01-04,2353,True,-0.04633202432402628,1,2019
2019-01-04,2231,True,-0.04803299878057943,1,2019
2019-01-09,3037,True,-0.11220087086238162,1,2019
2019-01-09,2368,True,-0.0518420489451511,1,2019
2019-01-10,9910,True,-0.06311149854777048,1,2019
2019-01-11,3037,True,-0.04079346573737081,1,2019
2019-01-14,1590,True,-0.0468470381359234,1,2019
2019-01-17,2345,True,-0.06696022091867453,1,2019
2019-01-21,1590,True,-0.04029579094309729,1,2019
2019-01-22,2368,True,-0.055811693010057166,1,2019
2019-01-24,1476,True,-0.04189396805936484,1,2019
2019-01-25,2027,True,-0.04269825309141456,1,2019
2019-01-29,1590,True,-0.04632360016692212,1,2019
2019-01-29,9921,True,-0.04034875739962647,1,2019
2019-01-30,2303,True,-0.0542246118863136,1,2019
2019-01-30,2409,True,-0.06672461188631355,1,2019
2019-01-30,1201,True,-0.05796440401697438,1,2019
2019-02-11,2303,True,-0.048869801658470026,2,2019
2019-02-11,2409,True,-0.059438786961842495,2,2019
2019-02-12,3443,True,-0.05470555102347578,2,2019
2019-02-14,1590,True,-0.06345778659487374,2,2019
2019-02-22,2360,True,-0.09137206013590266,2,2019
2019-02-26,3661,True,-0.04025866554784194,2,2019
2019-02-27,2357,True,-0.042401355903289376,2,2019
2019-03-04,2912,True,-0.048122433006010386,3,2019
2019-03-05,3037,True,-0.056952310726206275,3,2019
2019-03-07,2379,True,-0.04258801886286653,3,2019
2019-03-08,2337,True,-0.044042752532417316,3,2019
2019-03-08,1590,True,-0.055078273638757634,3,2019
2019-03-08,2723,True,-0.05545156505866835,3,2019
2019-03-11,2723,True,-0.05131809489904809,3,2019
2019-03-12,2308,True,-0.05857472182828914,3,2019
2019-03-15,5903,True,-0.04185206669383728,3,2019
2019-03-18,1102,True,-0.042909076649815886,3,2019
2019-03-18,3661,True,-0.07273283284588702,3,2019
2019-03-21,6414,True,-0.04663728977863032,3,2019
2019-03-25,9914,True,-0.04228136617769847,3,2019
2019-03-26,3037,True,-0.054718046774120746,3,2019
2019-03-28,1201,True,-0.04189081923860331,3,2019
2019-04-01,9914,True,-0.04099260685248737,4,2019
2019-04-01,9921,True,-0.050294932433882805,4,2019
2019-04-03,2723,True,-0.043079692596255686,4,2019
2019-04-08,3034,True,-0.041119116053418545,4,2019
2019-04-08,2458,True,-0.04190858973762911,4,2019
2019-04-09,3037,True,-0.0756268134367165,4,2019
2019-04-12,1802,True,-0.06125983736551622,4,2019
2019-04-15,2201,True,-0.04111105484372178,4,2019
2019-04-16,1590,True,-0.052149424101820954,4,2019
2019-04-17,2454,True,-0.04176511390273321,4,2019
2019-04-23,2449,True,-0.05441759303745956,4,2019
2019-04-24,2313,True,-0.061840886107293276,4,2019
2019-04-26,3037,True,-0.04569001267703174,4,2019
2019-04-26,3661,True,-0.04504942388052066,4,2019
2019-04-29,2337,True,-0.0428943589304667,4,2019
2019-04-29,3037,True,-0.09798027037118831,4,2019
2019-04-29,3443,True,-0.04631443981669839,4,2019
2019-04-29,2368,True,-0.048935586973077344,4,2019
2019-04-29,1590,True,-0.05213750812576903,4,2019
2019-05-03,1476,True,-0.05881857723258107,5,2019
2019-05-06,1590,True,-0.05060897211082137,5,2019
2019-05-08,2458,True,-0.06594895793224657,5,2019
2019-05-08,4938,True,-0.059786421281905075,5,2019
2019-05-09,3008,True,-0.05348287384657455,5,2019
2019-05-09,1476,True,-0.04136994589562923,5,2019
2019-05-09,2458,True,-0.07565392647815347,5,2019
2019-05-09,2385,True,-0.04778007931082803,5,2019
2019-05-10,6414,True,-0.04375407710365146,5,2019
2019-05-13,3008,True,-0.04016036373912781,5,2019
2019-05-13,3231,True,-0.05524444739076064,5,2019
2019-05-13,1590,True,-0.060634012758876164,5,2019
2019-05-14,1231,True,-0.05186636702685861,5,2019
2019-05-16,2379,True,-0.040533419709409754,5,2019
2019-05-16,3037,True,-0.06652752000439492,5,2019
2019-05-17,3008,True,-0.09021247989343169,5,2019
2019-05-17,3037,True,-0.08543200862711538,5,2019
2019-05-17,2449,True,-0.0896322478005946,5,2019
2019-05-17,2458,True,-0.04224867898845426,5,2019
2019-05-17,6414,True,-0.0476643395610656,5,2019
2019-05-20,3661,True,-0.04376037200721431,5,2019
2019-05-20,2368,True,-0.07037812570767935,5,2019
2019-05-20,2231,True,-0.04085320981672683,5,2019
2019-05-21,2337,True,-0.06384014106939964,5,2019
2019-05-23,3008,True,-0.06031068785480253,5,2019
2019-05-23,2360,True,-0.04823555368664511,5,2019
2019-05-23,3037,True,-0.06115079936051137,5,2019
2019-05-23,3711,True,-0.06367520147923411,5,2019
2019-05-24,9910,True,-0.043680244374345756,5,2019
2019-05-27,2345,True,-0.06315081828778425,5,2019
2019-05-27,2379,True,-0.0684355239735427,5,2019
2019-05-27,2231,True,-0.10370314848035435,5,2019
2019-05-29,2408,True,-0.047899457965910275,5,2019
2019-05-31,3231,True,-0.04722773229448321,5,2019
2019-06-03,2615,True,-0.049460486420013126,6,2019
2019-06-04,1590,True,-0.0491912012645159,6,2019
2019-06-06,3034,True,-0.09585535094347311,6,2019
2019-06-06,2723,True,-0.04070554819264674,6,2019
2019-06-10,1476,True,-0.055951271772336705,6,2019
2019-06-12,9910,True,-0.0540302218145311,6,2019
2019-06-14,3661,True,-0.04239922823595256,6,2019
2019-06-17,1519,True,-0.0475774249722225,6,2019
2019-06-17,2231,True,-0.06702754414144285,6,2019
2019-06-21,2458,True,-0.04988268520658673,6,2019
2019-06-21,6414,True,-0.04172587132500455,6,2019
2019-06-24,1590,True,-0.08118403817688342,6,2019
2019-06-25,2385,True,-0.05932603194498394,6,2019
2019-06-26,1326,True,-0.07389956371612832,6,2019
2019-06-28,1201,True,-0.05701217165197108,6,2019
2019-07-01,2015,True,-0.06724151961524188,7,2019
2019-07-02,1301,True,-0.08309630370205133,7,2019
2019-07-03,3008,True,-0.042258941238142896,7,2019
2019-07-03,2345,True,-0.05795377272244807,7,2019
2019-07-03,3034,True,-0.04337105813973353,7,2019
2019-07-03,1303,True,-0.06481664165428258,7,2019
2019-07-03,2451,True,-0.042510590378844866,7,2019
2019-07-03,2548,True,-0.06613735384720565,7,2019
2019-07-04,2408,True,-0.09548069616005112,7,2019
2019-07-04,2881,True,-0.04141711072960513,7,2019
2019-07-05,2915,True,-0.07330400808987043,7,2019
2019-07-08,2357,True,-0.05489536597300967,7,2019
2019-07-08,1201,True,-0.04598775472568314,7,2019
2019-07-09,2376,True,-0.043645831267654124,7,2019
2019-07-09,3037,True,-0.04782350905842151,7,2019
2019-07-10,2379,True,-0.042944467545993445,7,2019
2019-07-11,2356,True,-0.07396097295599635,7,2019
2019-07-11,3661,True,-0.044181810781961706,7,2019
2019-07-11,2606,True,-0.043319467799020295,7,2019
2019-07-12,3034,True,-0.05055732667988221,7,2019
2019-07-12,9910,True,-0.05999445162540506,7,2019
2019-07-12,3661,True,-0.04119794986323299,7,2019
2019-07-15,2376,True,-0.07035391301885245,7,2019
2019-07-15,2891,True,-0.04704567487416582,7,2019
2019-07-15,2903,True,-0.05158740014373901,7,2019
2019-07-15,2324,True,-0.051963948893906695,7,2019
2019-07-16,2303,True,-0.05876592658876832,7,2019
2019-07-16,4904,True,-0.05888955781448356,7,2019
2019-07-16,5522,True,-0.06665592495183913,7,2019
2019-07-17,1434,True,-0.07138450658232544,7,2019
2019-07-18,3034,True,-0.044549028214239714,7,2019
2019-07-18,2449,True,-0.06688982644637913,7,2019
2019-07-19,1402,True,-0.07731519070690979,7,2019
2019-07-22,3231,True,-0.06910764760716999,7,2019
2019-07-22,2207,True,-0.04240098765189422,7,2019
2019-07-23,9910,True,-0.08981402663604325,7,2019
2019-07-24,1102,True,-0.08084403278898357,7,2019
2019-07-24,2313,True,-0.06311353633508289,7,2019
2019-07-24,2606,True,-0.041628346514473794,7,2019
2019-07-25,2884,True,-0.06881055222700799,7,2019
2019-07-25,2412,True,-0.04939646986808571,7,2019
2019-07-26,6414,True,-0.040701065570223134,7,2019
2019-07-26,2637,True,-0.05052284101699867,7,2019
2019-07-29,2382,True,-0.057207228325518465,7,2019
2019-07-30,2379,True,-0.04042228132399713,7,2019
2019-07-31,4938,True,-0.08883523308573173,7,2019
2019-08-02,3008,True,-0.06267802073361439,8,2019
2019-08-02,2337,True,-0.05608597974366114,8,2019
2019-08-02,3443,True,-0.0652594249344518,8,2019
2019-08-02,2368,True,-0.04469076189754928,8,2019
2019-08-05,2360,True,-0.05147444307165455,8,2019
2019-08-05,2401,True,-0.040542543430077405,8,2019
2019-08-05,3443,True,-0.09033022920502437,8,2019
2019-08-06,2801,True,-0.04954058344754494,8,2019
2019-08-07,3443,True,-0.04248285304797467,8,2019
2019-08-08,2606,True,-0.042230090931710235,8,2019
2019-08-12,2337,True,-0.061175665787999114,8,2019
2019-08-12,2886,True,-0.06686232571323743,8,2019
2019-08-12,2892,True,-0.0541627713611192,8,2019
2019-08-12,2458,True,-0.055941983542516074,8,2019
2019-08-12,2887,True,-0.04129625191565252,8,2019
2019-08-12,2723,True,-0.04009907952282783,8,2019
2019-08-13,1101,True,-0.1410323866923513,8,2019
2019-08-13,1201,True,-0.04637977038142649,8,2019
2019-08-14,5880,True,-0.052580110670628524,8,2019
2019-08-14,2027,True,-0.06814758390904598,8,2019
2019-08-15,2880,True,-0.07765358467678744,8,2019
2019-08-15,2615,True,-0.05098949585173078,8,2019
2019-08-16,9910,True,-0.04398440047051648,8,2019
2019-08-16,2723,True,-0.04215496056058114,8,2019
2019-08-26,2360,True,-0.045696018753294335,8,2019
2019-08-26,2377,True,-0.06555261003845715,8,2019
2019-08-26,1590,True,-0.05815573948369181,8,2019
2019-08-26,6414,True,-0.045875037729305804,8,2019
2019-08-27,2812,True,-0.0705622142926536,8,2019
2019-08-27,1210,True,-0.06802869208752456,8,2019
2019-08-28,1513,True,-0.041717863231997825,8,2019
2019-08-29,1229,True,-0.08945401096307407,8,2019
2019-08-29,2845,True,-0.06585200208979972,8,2019
2019-08-29,1231,True,-0.05842004733546949,8,2019
2019-09-02,3661,True,-0.045488270247612934,9,2019
2019-09-04,3661,True,-0.046291871742441926,9,2019
2019-09-09,2231,True,-0.04895728105879108,9,2019
2019-09-10,3008,True,-0.05138224064346834,9,2019
2019-09-17,2201,True,-0.058096335542772666,9,2019
2019-09-24,2313,True,-0.043772521196883574,9,2019
2019-09-25,2308,True,-0.04365616699088173,9,2019
2019-09-25,2027,True,-0.04858159635783534,9,2019
2019-09-26,2449,True,-0.06800985288642157,9,2019
2019-10-01,2357,True,-0.04111609803024364,10,2019
2019-10-01,3661,True,-0.045548836536623234,10,2019
2019-10-01,2027,True,-0.05227849982793376,10,2019
2019-10-01,9914,True,-0.058620848045676806,10,2019
2019-10-02,2542,True,-0.08130607692800074,10,2019
2019-10-09,2408,True,-0.08123661604536703,10,2019
2019-10-09,3037,True,-0.04445812401376148,10,2019
2019-10-14,9914,True,-0.0402006501531502,10,2019
2019-10-21,1590,True,-0.04162874263597757,10,2019
2019-10-25,3034,True,-0.0553136484597748,10,2019
2019-10-29,2308,True,-0.042470225496220176,10,2019
2019-11-01,2345,True,-0.04091513553991173,11,2019
2019-11-01,2360,True,-0.06464272439417725,11,2019
2019-11-04,1590,True,-0.04189337174003974,11,2019
2019-11-06,3037,True,-0.04621024251785135,11,2019
2019-11-08,2337,True,-0.04720435508196799,11,2019
2019-11-11,2723,True,-0.044476250863359296,11,2019
2019-11-13,2377,True,-0.06298652815691992,11,2019
2019-11-13,2027,True,-0.043410303992680595,11,2019
2019-11-14,2027,True,-0.04275388339724811,11,2019
2019-11-15,2360,True,-0.050779907610535996,11,2019
2019-11-18,2345,True,-0.04418235274811125,11,2019
2019-11-19,3661,True,-0.05041282743877733,11,2019
2019-11-22,3661,True,-0.06544245624872741,11,2019
2019-11-25,3034,True,-0.04539438124352894,11,2019
2019-11-26,1789,True,-0.04559421710760598,11,2019
2019-11-27,2345,True,-0.04013125925110442,11,2019
2019-12-02,3037,True,-0.04056419784923328,12,2019
2019-12-02,3661,True,-0.04288935356045888,12,2019
2019-12-04,1590,True,-0.061214305538465436,12,2019
2019-12-10,2027,True,-0.04720760404272859,12,2019
2019-12-12,2360,True,-0.04046545215831666,12,2019
2019-12-13,2313,True,-0.06138904274066458,12,2019
2019-12-18,3034,True,-0.04124125722266395,12,2019
2019-12-18,2313,True,-0.04309210194468641,12,2019
2019-12-20,3034,True,-0.05496128746119318,12,2019
2019-12-23,3037,True,-0.060425829571745276,12,2019
2019-12-24,2345,True,-0.04136365581619253,12,2019
2020-01-03,2313,True,-0.06314728096237397,1,2020
2020-01-03,3661,True,-0.045918535486961336,1,2020
2020-01-06,2313,True,-0.04098160585410857,1,2020
2020-01-07,2345,True,-0.044636123370441885,1,2020
2020-01-10,9921,True,-0.041637504347341536,1,2020
2020-01-30,2317,True,-0.04171906672442433,1,2020
2020-01-30,2610,True,-0.04115322521313287,1,2020
2020-01-30,2618,True,-0.04130879969236773,1,2020
2020-01-30,2207,True,-0.04175919352511454,1,2020
2020-01-30,2344,True,-0.04100242714334807,1,2020
2020-01-30,3037,True,-0.041374450952871906,1,2020
2020-01-30,2458,True,-0.040591811652338446,1,2020
2020-01-30,2313,True,-0.04107531017169403,1,2020
2020-01-30,2312,True,-0.04001706678298784,1,2020
2020-01-30,2368,True,-0.0420440938100149,1,2020
2020-01-30,6414,True,-0.0418483990937722,1,2020
2020-01-30,1201,True,-0.04204409381001479,1,2020
2020-01-30,2723,True,-0.040858323059026654,1,2020
2020-01-30,2231,True,-0.0410539948001138,1,2020
2020-01-31,3037,True,-0.04763748081115286,1,2020
2020-01-31,2368,True,-0.061061685685171715,1,2020
2020-01-31,2723,True,-0.10199735819979165,1,2020
2020-01-31,2231,True,-0.05385777848126465,1,2020
2020-01-31,1789,True,-0.04247470683941294,1,2020
2020-02-03,2368,True,-0.05021204007957099,2,2020
2020-02-03,1201,True,-0.047346049340070875,2,2020
2020-02-03,2723,True,-0.088120536811597,2,2020
2020-02-03,2231,True,-0.052785663832382215,2,2020
2020-02-04,4133,True,-0.047711854042881176,2,2020
2020-02-05,3661,True,-0.045522476501562804,2,2020
2020-02-05,2368,True,-0.040067931047017315,2,2020
2020-02-05,4133,True,-0.10006793104701736,2,2020
2020-02-07,3661,True,-0.08418651948031819,2,2020
2020-02-10,2344,True,-0.04633776293490555,2,2020
2020-02-10,1590,True,-0.04013558280953689,2,2020
2020-02-11,4133,True,-0.048621372583732426,2,2020
2020-02-17,3661,True,-0.05627051427819187,2,2020
2020-02-18,3008,True,-0.042318449261509974,2,2020
2020-02-18,2408,True,-0.04567007699394267,2,2020
2020-02-19,2337,True,-0.0812423974339081,2,2020
2020-02-21,2376,True,-0.048643420387206454,2,2020
2020-02-26,2409,True,-0.04158837293116313,2,2020
2020-02-26,2313,True,-0.04134835977975759,2,2020
2020-02-27,2313,True,-0.04271891235176449,2,2020
2020-02-27,9914,True,-0.04020008878144797,2,2020
2020-03-03,4133,True,-0.05465435874849878,3,2020
2020-03-04,2360,True,-0.04026231338619357,3,2020
2020-03-05,4133,True,-0.040882721918814,3,2020
2020-03-09,3661,True,-0.07200858582885143,3,2020
2020-03-09,2368,True,-0.04414788931143869,3,2020
2020-03-10,1789,True,-0.10042084092004887,3,2020
2020-03-10,4133,True,-0.0772470373936006,3,2020
2020-03-11,3661,True,-0.06538994479014393,3,2020
2020-03-12,3008,True,-0.04399306964810113,3,2020
2020-03-12,2379,True,-0.04052163926675057,3,2020
2020-03-12,2408,True,-0.04254184128695249,3,2020
2020-03-12,1476,True,-0.04213048793442276,3,2020
2020-03-12,2344,True,-0.04428450756636016,3,2020
2020-03-12,2351,True,-0.05126711966488185,3,2020
2020-03-12,3037,True,-0.050563231661283965,3,2020
2020-03-12,3443,True,-0.04509069430309532,3,2020
2020-03-12,2313,True,-0.049035347780459045,3,2020
2020-03-12,3661,True,-0.04610279646081095,3,2020
2020-03-12,2368,True,-0.05118026169007895,3,2020
2020-03-12,1590,True,-0.04465600619181521,3,2020
2020-03-12,6414,True,-0.04796302560721944,3,2020
2020-03-12,2231,True,-0.04564984439495568,3,2020
2020-03-13,2609,True,-0.045407626939790446,3,2020
2020-03-13,2351,True,-0.05438723216518254,3,2020
2020-03-13,2313,True,-0.04071451551616673,3,2020
2020-03-13,1519,True,-0.04105660119426674,3,2020
2020-03-13,2723,True,-0.04971501108170945,3,2020
2020-03-13,2231,True,-0.0605009505191077,3,2020
2020-03-13,9914,True,-0.061656129571860896,3,2020
2020-03-13,9921,True,-0.048730959503833715,3,2020
2020-03-13,1789,True,-0.05936218873971416,3,2020
2020-03-13,4133,True,-0.06301667378954795,3,2020
2020-03-16,3008,True,-0.04536125107986208,3,2020
2020-03-16,2360,True,-0.04718628520651655,3,2020
2020-03-16,2609,True,-0.04735597806244715,3,2020
2020-03-16,2207,True,-0.06223418171056547,3,2020
2020-03-16,2344,True,-0.04373128875010254,3,2020
2020-03-16,3037,True,-0.05982826808237604,3,2020
2020-03-16,3661,True,-0.04992017591446704,3,2020
2020-03-16,2368,True,-0.056670446106409006,3,2020
2020-03-16,6414,True,-0.0587393467678303,3,2020
2020-03-16,2723,True,-0.05387624400138388,3,2020
2020-03-16,2231,True,-0.06040991141868221,3,2020
2020-03-16,9914,True,-0.06096214335609593,3,2020
2020-03-17,2408,True,-0.05345633445080365,3,2020
2020-03-17,2801,True,-0.049854855613475677,3,2020
2020-03-17,2207,True,-0.05149426145630741,3,2020
2020-03-17,2344,True,-0.04730768580215493,3,2020
2020-03-17,1590,True,-0.041149988680753244,3,2020
2020-03-17,1802,True,-0.04105768580215495,3,2020
2020-03-17,6414,True,-0.04912586762033676,3,2020
2020-03-17,2723,True,-0.050283365344358275,3,2020
2020-03-17,2231,True,-0.06383278232725152,3,2020
2020-03-18,2408,True,-0.04898233984440615,3,2020
2020-03-18,1303,True,-0.04117932954601689,3,2020
2020-03-18,1326,True,-0.04486944607601263,3,2020
2020-03-18,2610,True,-0.05239438567632727,3,2020
2020-03-18,2618,True,-0.07213171049839773,3,2020
2020-03-18,2207,True,-0.05142777675098587,3,2020
2020-03-18,1476,True,-0.058642664689960385,3,2020
2020-03-18,2231,True,-0.07518421355090088,3,2020
2020-03-18,9914,True,-0.047726948593635916,3,2020
2020-03-20,2303,True,-0.04109353221152375,3,2020
2020-03-20,2357,True,-0.04048174367939424,3,2020
2020-03-20,3034,True,-0.052042437321012845,3,2020
2020-03-20,2801,True,-0.052042437321012845,3,2020
2020-03-20,2412,True,-0.04256376433523076,3,2020
2020-03-20,3045,True,-0.053042437321012735,3,2020
2020-03-20,4904,True,-0.05845269373126923,3,2020
2020-03-20,2912,True,-0.07123964499989596,3,2020
2020-03-20,2385,True,-0.06709031693797582,3,2020
2020-03-20,2451,True,-0.09684012518228466,3,2020
2020-03-20,2015,True,-0.0431535484321239,3,2020
2020-03-20,1227,True,-0.06996358427441782,3,2020
2020-03-20,5903,True,-0.052042437321012845,3,2020
2020-03-20,2231,True,-0.05309506889996015,3,2020
2020-03-20,9914,True,-0.1067688054802168,3,2020
2020-03-20,9921,True,-0.04363907597647506,3,2020
2020-03-20,1707,True,-0.041143254759705004,3,2020
2020-03-23,2345,True,-0.06421027660276521,3,2020
2020-03-23,2409,True,-0.05098333744076731,3,2020
2020-03-23,2337,True,-0.04181472587026389,3,2020
2020-03-23,2408,True,-0.05699574747418821,3,2020
2020-03-23,2360,True,-0.05643515698554034,3,2020
2020-03-23,1476,True,-0.05807685614416944,3,2020
2020-03-23,3443,True,-0.047879007252920026,3,2020
2020-03-23,2312,True,-0.04034166143999005,3,2020
2020-03-23,6414,True,-0.06363927362361918,3,2020
2020-03-23,2231,True,-0.06457769937465804,3,2020
2020-03-23,9914,True,-0.06552606607644937,3,2020
2020-03-24,2015,True,-0.04331294907558239,3,2020
2020-03-24,1503,True,-0.04459664612307926,3,2020
2020-03-24,5903,True,-0.04331294907558239,3,2020
2020-03-24,4133,True,-0.04331294907558239,3,2020
2020-03-25,1102,True,-0.04221693465839306,3,2020
2020-03-25,1216,True,-0.04734513978659817,3,2020
2020-03-25,2449,True,-0.045724394243648395,3,2020
2020-03-25,2451,True,-0.04293337508071583,3,2020
2020-03-25,2723,True,-0.05837962254521879,3,2020
2020-03-25,4133,True,-0.05796729456656781,3,2020
2020-03-27,2449,True,-0.04110244039702274,3,2020
2020-03-30,2409,True,-0.041381476248133285,3,2020
2020-03-30,9921,True,-0.046655400524935796,3,2020
2020-03-31,9910,True,-0.04870640153431747,3,2020
2020-03-31,2353,True,-0.0451530326672954,3,2020
2020-03-31,2883,True,-0.049459664880904454,3,2020
2020-03-31,9921,True,-0.04060697035950032,3,2020
2020-04-01,2027,True,-0.07125288714612125,4,2020
2020-04-01,2231,True,-0.04526377402875529,4,2020
2020-04-06,2027,True,-0.04366568666632216,4,2020
2020-04-07,1789,True,-0.06501680802945939,4,2020
2020-04-08,2368,True,-0.08278688129160819,4,2020
2020-04-09,2385,True,-0.06431054277713774,4,2020
2020-04-09,2368,True,-0.04732029576228034,4,2020
2020-04-09,1590,True,-0.0496201373599384,4,2020
2020-04-15,2368,True,-0.04496504458008327,4,2020
2020-04-15,4133,True,-0.05340940609031536,4,2020
2020-04-20,2345,True,-0.06767220580360112,4,2020
2020-04-20,2360,True,-0.04092904605073266,4,2020
2020-04-28,2303,True,-0.07997694613407605,4,2020
2020-04-28,4133,True,-0.08916599156444396,4,2020
2020-04-30,2345,True,-0.04527519259235407,4,2020
2020-05-04,2379,True,-0.040641468667874735,5,2020
2020-05-04,2207,True,-0.05944190791418388,5,2020
2020-05-05,3661,True,-0.06942219019011275,5,2020
2020-05-08,2312,True,-0.04527157796015159,5,2020
2020-05-08,1789,True,-0.05426245289305544,5,2020
2020-05-08,4133,True,-0.10179331709058627,5,2020
2020-05-11,4133,True,-0.0925189859172439,5,2020
2020-05-12,1229,True,-0.06252872445180627,5,2020
2020-05-14,2337,True,-0.041388722853225916,5,2020
2020-05-14,1590,True,-0.040645506663674495,5,2020
2020-05-15,4938,True,-0.05229170880155961,5,2020
2020-05-15,4133,True,-0.050334079410301845,5,2020
2020-05-18,3008,True,-0.05088471805902519,5,2020
2020-05-18,3034,True,-0.04457186081280564,5,2020
2020-05-18,2449,True,-0.10031356677789206,5,2020
2020-05-18,2313,True,-0.0754542137539821,5,2020
2020-05-18,3711,True,-0.057683129416632804,5,2020
2020-05-18,2368,True,-0.05324013750764802,5,2020
2020-05-19,2449,True,-0.045611156721533486,5,2020
2020-05-19,4938,True,-0.04608238688026367,5,2020
2020-05-20,3661,True,-0.042288397577905146,5,2020
2020-05-21,2207,True,-0.041773916871257095,5,2020
2020-05-21,9914,True,-0.04462878748444244,5,2020
2020-05-27,2377,True,-0.04485376708396854,5,2020
2020-05-27,1789,True,-0.043857089343104894,5,2020
2020-05-27,4133,True,-0.10135146293650316,5,2020
2020-05-28,4133,True,-0.07167731771310906,5,2020
2020-05-29,1590,True,-0.09875888440870846,5,2020
2020-06-01,1590,True,-0.04059719835834527,6,2020
2020-06-01,4133,True,-0.0487234668022046,6,2020
2020-06-02,2345,True,-0.06291858794504268,6,2020
2020-06-02,2368,True,-0.04809831848559787,6,2020
2020-06-03,2368,True,-0.04095687897067204,6,2020
2020-06-05,1590,True,-0.0509003859890569,6,2020
2020-06-08,2345,True,-0.051511470817713255,6,2020
2020-06-08,2376,True,-0.07399614918483023,6,2020
2020-06-08,2377,True,-0.05385895930599085,6,2020
2020-06-08,9914,True,-0.054929483029986036,6,2020
2020-06-08,4133,True,-0.0500528972632285,6,2020
2020-06-10,2548,True,-0.08731680282640271,6,2020
2020-06-11,2890,True,-0.054713098777280415,6,2020
2020-06-11,1802,True,-0.05557132374416401,6,2020
2020-06-11,2723,True,-0.049635215019646454,6,2020
2020-06-15,2458,True,-0.0706792456239277,6,2020
2020-06-15,3661,True,-0.04287439962084007,6,2020
2020-06-16,4133,True,-0.04223969879832785,6,2020
2020-06-19,9910,True,-0.04052898949993335,6,2020
2020-06-22,2368,True,-0.04053147131599947,6,2020
2020-06-24,2357,True,-0.09372606141264216,6,2020
2020-06-29,9910,True,-0.05236478609739937,6,2020
2020-06-29,2015,True,-0.0542504308662557,6,2020
2020-06-29,1215,True,-0.06189848877514648,6,2020
2020-06-30,4938,True,-0.08976519206318936,6,2020
2020-06-30,4133,True,-0.04667063618926396,6,2020
2020-07-01,2881,True,-0.04378544087562885,7,2020
2020-07-01,2882,True,-0.043181265534147244,7,2020
2020-07-01,1326,True,-0.04961109844371769,7,2020
2020-07-01,2606,True,-0.06484695884778445,7,2020
2020-07-02,1301,True,-0.051961610158220095,7,2020
2020-07-02,2451,True,-0.061643839214226115,7,2020
2020-07-06,2883,True,-0.059140072721732995,7,2020
2020-07-06,2637,True,-0.075241462239173,7,2020
2020-07-07,3034,True,-0.05673335927776859,7,2020
2020-07-07,3231,True,-0.10549266249307923,7,2020
2020-07-08,2201,True,-0.04337963458993038,7,2020
2020-07-09,2312,True,-0.04153280621949534,7,2020
2020-07-09,2231,True,-0.04478658634640758,7,2020
2020-07-10,3008,True,-0.08069187970685408,7,2020
2020-07-10,2313,True,-0.06445518186744746,7,2020
2020-07-10,3661,True,-0.0636222691970789,7,2020
2020-07-10,1789,True,-0.047135417743422205,7,2020
2020-07-13,3034,True,-0.055781374055680996,7,2020
2020-07-13,2891,True,-0.04502210843421599,7,2020
2020-07-13,2449,True,-0.06770438894979573,7,2020
2020-07-13,1434,True,-0.08536528612766607,7,2020
2020-07-13,2231,True,-0.04812390681732119,7,2020
2020-07-13,4133,True,-0.10608234481686445,7,2020
2020-07-14,4133,True,-0.09187300926191672,7,2020
2020-07-15,2303,True,-0.048276638263160164,7,2020
2020-07-15,3443,True,-0.05892530717954555,7,2020
2020-07-15,2356,True,-0.0764698650123435,7,2020
2020-07-15,3661,True,-0.06211010461059293,7,2020
2020-07-15,4133,True,-0.09861677431758183,7,2020
2020-07-16,2345,True,-0.044323045254663476,7,2020
2020-07-16,1227,True,-0.0466166769847003,7,2020
2020-07-16,2915,True,-0.07498838069577075,7,2020
2020-07-16,9945,True,-0.04908582636548821,7,2020
2020-07-16,4133,True,-0.10121117750680265,7,2020
2020-07-17,3045,True,-0.04919308543442388,7,2020
2020-07-17,2324,True,-0.07217554157477488,7,2020
2020-07-17,1503,True,-0.050492941192365554,7,2020
2020-07-17,4133,True,-0.09177312708785332,7,2020
2020-07-20,3231,True,-0.08076215949058559,7,2020
2020-07-20,4938,True,-0.040215720943099734,7,2020
2020-07-20,4133,True,-0.1005945617252227,7,2020
2020-07-21,1201,True,-0.07521978136842139,7,2020
2020-07-21,4133,True,-0.10766021972882528,7,2020
2020-07-23,2317,True,-0.04318107067738842,7,2020
2020-07-23,3008,True,-0.040970779295941735,7,2020
2020-07-23,1102,True,-0.09397598263740004,7,2020
2020-07-23,2354,True,-0.04549530936712377,7,2020
2020-07-23,5522,True,-0.0694236669452295,7,2020
2020-07-24,2360,True,-0.05417528928322132,7,2020
2020-07-24,3661,True,-0.06933004344252977,7,2020
2020-07-24,1590,True,-0.05895676473534869,7,2020
2020-07-27,1402,True,-0.09820977269438488,7,2020
2020-07-27,1519,True,-0.08834750755477858,7,2020
2020-07-27,2231,True,-0.07846448159849448,7,2020
2020-07-27,4133,True,-0.08823758983604232,7,2020
2020-07-28,2454,True,-0.05484408058137678,7,2020
2020-07-28,2884,True,-0.057994643317431746,7,2020
2020-07-28,3443,True,-0.04754193647141512,7,2020
2020-07-28,1231,True,-0.07261537179016796,7,2020
2020-07-28,4133,True,-0.08820079478915487,7,2020
2020-07-29,2368,True,-0.054737580456325,7,2020
2020-07-29,4133,True,-0.09546940074349493,7,2020
2020-07-30,2351,True,-0.04317920847768785,7,2020
2020-07-30,1519,True,-0.04035508479790816,7,2020
2020-08-03,2382,True,-0.09498793295904648,8,2020
2020-08-03,3711,True,-0.04765348709159321,8,2020
2020-08-06,2345,True,-0.0459454746650152,8,2020
2020-08-06,2376,True,-0.040547364003746596,8,2020
2020-08-06,2360,True,-0.049319293828308026,8,2020
2020-08-06,4133,True,-0.08271286358962116,8,2020
2020-08-07,2379,True,-0.05662688733807063,8,2020
2020-08-07,3034,True,-0.06308924576578555,8,2020
2020-08-07,2892,True,-0.07087485034181427,8,2020
2020-08-10,2458,True,-0.044654641228168944,8,2020
2020-08-10,2377,True,-0.04384948824910292,8,2020
2020-08-10,2313,True,-0.041708513282040914,8,2020
2020-08-10,4133,True,-0.091333200521407,8,2020
2020-08-11,2345,True,-0.045836255353257166,8,2020
2020-08-11,2801,True,-0.05253728628109208,8,2020
2020-08-11,2385,True,-0.04925505877206057,8,2020
2020-08-11,2887,True,-0.049987879901993576,8,2020
2020-08-11,9914,True,-0.049047264527568996,8,2020
2020-08-11,4133,True,-0.0947098473432447,8,2020
2020-08-12,1101,True,-0.11431016828663607,8,2020
2020-08-12,1229,True,-0.12328404484167085,8,2020
2020-08-12,3661,True,-0.06473288847049882,8,2020
2020-08-12,5880,True,-0.06239215445823629,8,2020
2020-08-12,1802,True,-0.058810867452458976,8,2020
2020-08-13,2886,True,-0.06359956277178734,8,2020
2020-08-13,3037,True,-0.09770337813396023,8,2020
2020-08-13,2313,True,-0.07582606375997845,8,2020
2020-08-13,4133,True,-0.04819315053384486,8,2020
2020-08-18,2454,True,-0.09775285881506475,8,2020
2020-08-18,3008,True,-0.0459186832582615,8,2020
2020-08-18,2379,True,-0.05092181021260796,8,2020
2020-08-18,3034,True,-0.0797976647150976,8,2020
2020-08-18,9910,True,-0.14169886622437405,8,2020
2020-08-18,2449,True,-0.04418915701349975,8,2020
2020-08-19,2408,True,-0.052364237044899724,8,2020
2020-08-19,2344,True,-0.04590824447067648,8,2020
2020-08-19,9921,True,-0.04068463852051445,8,2020
2020-08-19,9945,True,-0.278579162873624,8,2020
2020-08-20,2409,True,-0.04261493207070713,8,2020
2020-08-20,3037,True,-0.062447970269543324,8,2020
2020-08-20,3443,True,-0.059296725804739575,8,2020
2020-08-20,2368,True,-0.04075145792201587,8,2020
2020-08-20,2723,True,-0.062150873055438566,8,2020
2020-08-20,4133,True,-0.04253101431011233,8,2020
2020-08-24,2377,True,-0.05573579145616354,8,2020
2020-08-24,2368,True,-0.04037204242078236,8,2020
2020-08-25,4133,True,-0.05777976155103323,8,2020
2020-08-26,2812,True,-0.06914130514596975,8,2020
2020-08-27,2615,True,-0.051888040374516144,8,2020
2020-08-28,3443,True,-0.040868570068234286,8,2020
2020-08-28,2368,True,-0.05843163481823198,8,2020
2020-08-28,1210,True,-0.049613050722827276,8,2020
2020-08-31,3661,True,-0.043791414146872924,8,2020
2020-08-31,1590,True,-0.06277226984203776,8,2020
2020-09-01,2845,True,-0.062450263564370695,9,2020
2020-09-01,2231,True,-0.061130967189104296,9,2020
2020-09-01,4133,True,-0.04441454927865643,9,2020
2020-09-03,4133,True,-0.06316021818910038,9,2020
2020-09-04,2379,True,-0.042973425257124206,9,2020
2020-09-04,3661,True,-0.06212790030015346,9,2020
2020-09-07,2376,True,-0.04519456365942077,9,2020
2020-09-07,3037,True,-0.048064715989684544,9,2020
2020-09-07,2377,True,-0.05933210273302115,9,2020
2020-09-07,3661,True,-0.09995608713341109,9,2020
2020-09-07,2368,True,-0.055253098868701674,9,2020
2020-09-07,9914,True,-0.048726602671361204,9,2020
2020-09-08,2609,True,-0.058042488518315775,9,2020
2020-09-08,3661,True,-0.09660209697550365,9,2020
2020-09-08,1513,True,-0.04848469050371256,9,2020
2020-09-09,3661,True,-0.09246636138026731,9,2020
2020-09-09,6414,True,-0.13849001810607575,9,2020
2020-09-09,4133,True,-0.04052184532971893,9,2020
2020-09-10,1789,True,-0.05196608790891038,9,2020
2020-09-11,2603,True,-0.06500915540296319,9,2020
2020-09-11,2609,True,-0.06263616435561119,9,2020
2020-09-11,2027,True,-0.05964519707679321,9,2020
2020-09-14,2603,True,-0.07339894015698424,9,2020
2020-09-14,1519,True,-0.04418753899070817,9,2020
2020-09-16,2603,True,-0.048971321841161056,9,2020
2020-09-22,1513,True,-0.04749218732231617,9,2020
2020-09-23,2609,True,-0.0464853225892375,9,2020
2020-09-24,9921,True,-0.06022421458229367,9,2020
2020-09-24,2542,True,-0.07635174901968712,9,2020
2020-09-25,3034,True,-0.05331482416266863,9,2020
2020-09-25,2313,True,-0.041248000836628045,9,2020
2020-09-25,3661,True,-0.09337495601806244,9,2020
2020-09-25,2368,True,-0.06200689079634824,9,2020
2020-09-25,1513,True,-0.04404064807674778,9,2020
2020-09-25,4133,True,-0.08966135069814872,9,2020
2020-09-28,2609,True,-0.050129924035249136,9,2020
2020-09-28,3661,True,-0.06796462294543909,9,2020
2020-09-29,2376,True,-0.05209078761284695,9,2020
2020-09-29,3037,True,-0.04261187942426141,9,2020
2020-10-12,3008,True,-0.08623428664634392,10,2020
2020-10-16,3661,True,-0.08018525793119356,10,2020
2020-10-21,2368,True,-0.04409810971132053,10,2020
2020-10-26,3661,True,-0.07363311563536304,10,2020
2020-10-26,4133,True,-0.049172915652828914,10,2020
2020-10-27,2344,True,-0.04021394049528313,10,2020
2020-10-27,3037,True,-0.041699674926549114,10,2020
2020-10-28,2376,True,-0.09472226801365188,10,2020
2020-10-28,2609,True,-0.041558107612649525,10,2020
2020-10-28,3037,True,-0.07783261741657085,10,2020
2020-10-29,3037,True,-0.08506982673511321,10,2020
2020-10-30,2303,True,-0.05996732340384719,10,2020
2020-10-30,2201,True,-0.043612801663486626,10,2020
2020-10-30,2377,True,-0.04126881953497479,10,2020
2020-10-30,1513,True,-0.06393637793558632,10,2020
2020-11-02,3037,True,-0.045251969613800666,11,2020
2020-11-02,1590,True,-0.0481386998190793,11,2020
2020-11-04,2353,True,-0.048487580421234314,11,2020
2020-11-10,2603,True,-0.08256741589763043,11,2020
2020-11-10,2615,True,-0.07789124685536979,11,2020
2020-11-10,2458,True,-0.05607387915604427,11,2020
2020-11-10,2377,True,-0.05608892127397451,11,2020
2020-11-10,9914,True,-0.08570122073921509,11,2020
2020-11-10,9921,True,-0.07029832298337617,11,2020
2020-11-11,1519,True,-0.044044744229342785,11,2020
2020-11-11,4133,True,-0.05265880098004549,11,2020
2020-11-12,2609,True,-0.08102417544446974,11,2020
2020-11-20,2723,True,-0.04557218726726149,11,2020
2020-11-25,2344,True,-0.04690974385003419,11,2020
2020-11-30,2912,True,-0.046993409918128254,11,2020
2020-11-30,2207,True,-0.05306429981254754,11,2020
2020-12-01,2615,True,-0.06637306361639662,12,2020
2020-12-01,3037,True,-0.06471854282925195,12,2020
2020-12-01,1802,True,-0.04308819527502108,12,2020
2020-12-02,1590,True,-0.04123081848137838,12,2020
2020-12-03,2231,True,-0.05291600289354586,12,2020
2020-12-04,2615,True,-0.04599184134844914,12,2020
2020-12-04,3661,True,-0.05533576979152711,12,2020
2020-12-04,2723,True,-0.041129740585602266,12,2020
2020-12-04,4133,True,-0.04284302845091149,12,2020
2020-12-07,2231,True,-0.0725245625066596,12,2020
2020-12-07,4133,True,-0.053920070119140004,12,2020
2020-12-08,2337,True,-0.05811757469161793,12,2020
2020-12-08,5522,True,-0.07290739263104207,12,2020
2020-12-09,2312,True,-0.04064313494479757,12,2020
2020-12-10,2303,True,-0.045076484121096404,12,2020
2020-12-10,2344,True,-0.07221755872313071,12,2020
2020-12-11,2603,True,-0.0537622911616722,12,2020
2020-12-11,2615,True,-0.05238740190503167,12,2020
2020-12-11,3443,True,-0.046072094067027065,12,2020
2020-12-11,1513,True,-0.08883264497771481,12,2020
2020-12-15,1513,True,-0.05978667134567084,12,2020
2020-12-16,2360,True,-0.042979411088148275,12,2020
2020-12-17,2345,True,-0.05532585464803702,12,2020
2020-12-21,9914,True,-0.054549932942054805,12,2020
2020-12-21,9921,True,-0.054031744142388774,12,2020
2020-12-22,2603,True,-0.05407160730090119,12,2020
2020-12-22,2610,True,-0.06295606779826488,12,2020
2020-12-22,2618,True,-0.04925087324200647,12,2020
2020-12-22,2615,True,-0.07345393408560494,12,2020
2020-12-22,2368,True,-0.07358574509460888,12,2020
2020-12-22,2723,True,-0.04476806847819012,12,2020
2020-12-22,2606,True,-0.04463078480722468,12,2020
2020-12-29,2337,True,-0.04425305112787877,12,2020
2020-12-29,2615,True,-0.0650734122735824,12,2020
2020-12-31,2409,True,-0.04643379800155559,12,2020
2020-12-31,1513,True,-0.04832854251469135,12,2020
2021-01-04,2303,True,-0.043214541433129736,1,2021
2021-01-04,2345,True,-0.056748643477507396,1,2021
2021-01-04,2337,True,-0.042377215761075546,1,2021
2021-01-04,2344,True,-0.045424867360380636,1,2021
2021-01-04,1513,True,-0.09323551292772468,1,2021
2021-01-04,4133,True,-0.04364455021551249,1,2021
2021-01-05,2615,True,-0.04623628103348602,1,2021
2021-01-05,2201,True,-0.042728493021553605,1,2021
2021-01-05,1802,True,-0.042080483532679604,1,2021
2021-01-06,3008,True,-0.06244307019329337,1,2021
2021-01-06,2603,True,-0.053371749357266796,1,2021
2021-01-06,2609,True,-0.08853658452210184,1,2021
2021-01-06,2615,True,-0.06729116327668067,1,2021
2021-01-06,2351,True,-0.05885716363275334,1,2021
2021-01-06,3443,True,-0.0536179362117139,1,2021
2021-01-06,1802,True,-0.044361827240548546,1,2021
2021-01-07,2603,True,-0.10184140668172136,1,2021
2021-01-07,2609,True,-0.10444251322304542,1,2021
2021-01-07,2615,True,-0.06413229122171991,1,2021
2021-01-08,2368,True,-0.04481124665333115,1,2021
2021-01-08,2231,True,-0.04712768167649552,1,2021
2021-01-08,4133,True,-0.05521921148536581,1,2021
2021-01-11,2408,True,-0.0642833168332402,1,2021
2021-01-11,1476,True,-0.059857917185338415,1,2021
2021-01-12,2603,True,-0.0873797070362301,1,2021
2021-01-12,2609,True,-0.09107327439815249,1,2021
2021-01-12,2201,True,-0.05214584164409963,1,2021
2021-01-12,3661,True,-0.05767352651961066,1,2021
2021-01-12,2606,True,-0.04071364638837516,1,2021
2021-01-13,2609,True,-0.076950449629316,1,2021
2021-01-13,9910,True,-0.04133694085217525,1,2021
2021-01-13,2027,True,-0.044529402523325864,1,2021
2021-01-13,4133,True,-0.08032130628467708,1,2021
2021-01-15,2603,True,-0.08315662072464448,1,2021
2021-01-15,2609,True,-0.08174362522492097,1,2021
2021-01-15,2615,True,-0.08318396849668987,1,2021
2021-01-15,2637,True,-0.04125904126207626,1,2021
2021-01-18,2337,True,-0.04009897420971325,1,2021
2021-01-18,2344,True,-0.05993058190114569,1,2021
2021-01-18,3037,True,-0.04629421826478213,1,2021
2021-01-19,2603,True,-0.06701986863396941,1,2021
2021-01-19,2609,True,-0.09012911233144832,1,2021
2021-01-19,2615,True,-0.05032494232641755,1,2021
2021-01-20,2609,True,-0.049851090067384835,1,2021
2021-01-20,2351,True,-0.04141567928980136,1,2021
2021-01-20,2401,True,-0.06808621592550831,1,2021
2021-01-20,2312,True,-0.054922296511588836,1,2021
2021-01-22,2330,True,-0.04653457709638774,1,2021
2021-01-25,3037,True,-0.059229494368166775,1,2021
2021-01-26,2609,True,-0.047726024214265736,1,2021
2021-01-26,3661,True,-0.06395143106391353,1,2021
2021-01-27,2603,True,-0.041513535894817946,1,2021
2021-01-27,2609,True,-0.04288935450689231,1,2021
2021-01-27,2027,True,-0.04316575030567611,1,2021
2021-01-28,2303,True,-0.05532185981147069,1,2021
2021-01-28,2345,True,-0.041711762487869834,1,2021
2021-01-28,2360,True,-0.056758058784166114,1,2021
2021-01-28,1590,True,-0.07013690373080766,1,2021
2021-01-28,2231,True,-0.04212186747474649,1,2021
2021-01-29,2317,True,-0.040534669552711684,1,2021
2021-01-29,2379,True,-0.04083793959490579,1,2021
2021-01-29,2360,True,-0.043497679049000156,1,2021
2021-01-29,2603,True,-0.0417039034503276,1,2021
2021-01-29,1590,True,-0.05980395341979062,1,2021
2021-02-01,2609,True,-0.043754136191319765,2,2021
2021-02-01,2615,True,-0.042189602889533356,2,2021
2021-02-01,2401,True,-0.06010392690189528,2,2021
2021-02-01,2353,True,-0.05637024793937198,2,2021
2021-02-03,2345,True,-0.04285884929068566,2,2021
2021-02-04,2409,True,-0.06042730350199026,2,2021
2021-02-05,2360,True,-0.042376388120359675,2,2021
2021-02-17,9910,True,-0.04251719949282992,2,2021
2021-02-17,4938,True,-0.06410275679267294,2,2021
2021-02-17,9921,True,-0.04064754137317181,2,2021
2021-02-17,4133,True,-0.07651836942555887,2,2021
2021-02-18,2360,True,-0.0626568026197594,2,2021
2021-02-19,3661,True,-0.060795898002930934,2,2021
2021-02-23,3034,True,-0.04106545239607406,2,2021
2021-02-23,2351,True,-0.047678874390219554,2,2021
2021-02-23,3443,True,-0.04675048064466158,2,2021
2021-02-23,4133,True,-0.08669337404567688,2,2021
2021-02-24,2201,True,-0.04364458394816708,2,2021
2021-02-24,3661,True,-0.04184360960987934,2,2021
2021-02-24,1590,True,-0.05031468938530694,2,2021
2021-02-25,3008,True,-0.04471458989363401,2,2021
2021-02-25,2458,True,-0.04616213757755776,2,2021
2021-03-02,2337,True,-0.04040900020932985,3,2021
2021-03-02,2609,True,-0.0614347161649113,3,2021
2021-03-02,2615,True,-0.04701236529655,3,2021
2021-03-03,2408,True,-0.0491404302416098,3,2021
2021-03-03,3661,True,-0.04555849038238008,3,2021
2021-03-04,2303,True,-0.04526032512525493,3,2021
2021-03-04,2337,True,-0.042383229422589784,3,2021
2021-03-04,1590,True,-0.04400556691293291,3,2021
2021-03-05,2027,True,-0.07433920430474172,3,2021
2021-03-05,2723,True,-0.05531187547723659,3,2021
2021-03-08,2231,True,-0.07905081673724365,3,2021
2021-03-09,2345,True,-0.04030182402133893,3,2021
2021-03-09,2351,True,-0.04633440415796537,3,2021
2021-03-09,3037,True,-0.047457833574077804,3,2021
2021-03-09,2368,True,-0.04857216639572755,3,2021
2021-03-16,2609,True,-0.04287397740735811,3,2021
2021-03-19,2317,True,-0.040435996946940396,3,2021
2021-03-22,3661,True,-0.052180565815553415,3,2021
2021-03-22,1590,True,-0.06309111029085435,3,2021
2021-03-22,9914,True,-0.04288946496395385,3,2021
2021-03-23,2603,True,-0.0675621022070689,3,2021
2021-03-23,2609,True,-0.06550123122671789,3,2021
2021-03-23,2610,True,-0.04122016594146857,3,2021
2021-03-23,2615,True,-0.051326471460618056,3,2021
2021-03-24,3443,True,-0.042493280023660415,3,2021
2021-03-25,2409,True,-0.04898648572104777,3,2021
2021-03-25,2603,True,-0.04597258830518566,3,2021
2021-03-25,2615,True,-0.040590613300785144,3,2021
2021-03-25,9910,True,-0.05419057375164524,3,2021
2021-03-26,2201,True,-0.05253802578486933,3,2021
2021-03-26,2353,True,-0.047511810349859636,3,2021
2021-03-26,2723,True,-0.0430366947726012,3,2021
2021-03-29,1476,True,-0.04109555320781508,3,2021
2021-03-29,3661,True,-0.04251218912579521,3,2021
2021-03-31,2317,True,-0.04328985536881186,3,2021
2021-04-09,2603,True,-0.04017726694114835,4,2021
2021-04-09,2609,True,-0.0708755361671424,4,2021
2021-04-09,2385,True,-0.14148323035974222,4,2021
2021-04-09,3661,True,-0.0959784820017954,4,2021
2021-04-09,2637,True,-0.0455673000994126,4,2021
2021-04-12,2454,True,-0.04500089859772931,4,2021
2021-04-12,3034,True,-0.04851505104805191,4,2021
2021-04-12,2360,True,-0.051647138746507545,4,2021
2021-04-12,2401,True,-0.050714945978443324,4,2021
2021-04-12,3661,True,-0.10571555413997107,4,2021
2021-04-13,2409,True,-0.05010703133037893,4,2021
2021-04-13,3661,True,-0.09636579619556503,4,2021
2021-04-13,1590,True,-0.057637966280213074,4,2021
2021-04-13,4133,True,-0.04130546248468632,4,2021
2021-04-14,3661,True,-0.09859350273292404,4,2021
2021-04-15,2201,True,-0.04437232820862681,4,2021
2021-04-15,3661,True,-0.10890879889773987,4,2021
2021-04-16,3443,True,-0.06818297007216015,4,2021
2021-04-16,3661,True,-0.04326383490021593,4,2021
2021-04-19,3034,True,-0.050565987120174634,4,2021
2021-04-19,2376,True,-0.06708847172776572,4,2021
2021-04-19,3443,True,-0.04581672949793964,4,2021
2021-04-19,2377,True,-0.06148623083140709,4,2021
2021-04-19,3661,True,-0.0829309625702565,4,2021
2021-04-21,9910,True,-0.05020630215885071,4,2021
2021-04-21,1476,True,-0.042510787445304475,4,2021
2021-04-21,1590,True,-0.045143996862900514,4,2021
2021-04-22,1229,True,-0.045237846913364965,4,2021
2021-04-22,2344,True,-0.048990726277704955,4,2021
2021-04-22,2401,True,-0.05671274201227161,4,2021
2021-04-22,2312,True,-0.042602327296713316,4,2021
2021-04-22,3661,True,-0.08659325700192866,4,2021
2021-04-22,2723,True,-0.04652881017056454,4,2021
2021-04-22,2231,True,-0.05411026380464978,4,2021
2021-04-23,2603,True,-0.04724848192941414,4,2021
2021-04-23,2615,True,-0.05038526284397274,4,2021
2021-04-23,2324,True,-0.1009867295038335,4,2021
2021-04-23,3661,True,-0.07849440860017734,4,2021
2021-04-23,2027,True,-0.05992644629819957,4,2021
2021-04-27,2351,True,-0.042317492966011644,4,2021
2021-04-27,2451,True,-0.0655293413514402,4,2021
2021-04-27,2368,True,-0.043316797797433165,4,2021
2021-04-27,9914,True,-0.0541282652415537,4,2021
2021-04-28,2337,True,-0.04375717680753228,4,2021
2021-04-29,2303,True,-0.05453411470572404,4,2021
2021-04-29,2360,True,-0.0577865418901901,4,2021
2021-04-29,2610,True,-0.044579159750769135,4,2021
2021-04-29,9904,True,-0.05020078137239074,4,2021
2021-04-29,2344,True,-0.04626308666834093,4,2021
2021-04-29,2351,True,-0.0415147390329577,4,2021
2021-04-29,3711,True,-0.040184521209789145,4,2021
2021-05-03,2454,True,-0.05209512793080714,5,2021
2021-05-03,2303,True,-0.049840311329999075,5,2021
2021-05-03,2409,True,-0.0841320907198175,5,2021
2021-05-03,3034,True,-0.04227688709990814,5,2021
2021-05-03,2610,True,-0.04590533412458161,5,2021
2021-05-03,2344,True,-0.046209229267544526,5,2021
2021-05-03,2351,True,-0.06098907378962289,5,2021
2021-05-03,2401,True,-0.06589699024925508,5,2021
2021-05-03,2353,True,-0.04435134325599684,5,2021
2021-05-03,3661,True,-0.08418216492067895,5,2021
2021-05-04,2409,True,-0.05405986759238292,5,2021
2021-05-04,2603,True,-0.07128997501943336,5,2021
2021-05-04,2609,True,-0.05978213151557167,5,2021
2021-05-04,2610,True,-0.06746020260075804,5,2021
2021-05-04,2615,True,-0.07149020482864622,5,2021
2021-05-04,2368,True,-0.044501899635550304,5,2021
2021-05-04,2027,True,-0.0700220313523592,5,2021
2021-05-04,1802,True,-0.07067657473720236,5,2021
2021-05-04,2606,True,-0.07169791538118443,5,2021
2021-05-04,2637,True,-0.07144518125748257,5,2021
2021-05-05,2454,True,-0.06964916526521833,5,2021
2021-05-05,2303,True,-0.04719849765326043,5,2021
2021-05-05,2337,True,-0.060504419645151165,5,2021
2021-05-05,3034,True,-0.07853262537293024,5,2021
2021-05-05,2344,True,-0.06278123091801444,5,2021
2021-05-05,2351,True,-0.06315361018538998,5,2021
2021-05-05,3037,True,-0.04854802531857758,5,2021
2021-05-05,3443,True,-0.04100928456749562,5,2021
2021-05-05,3711,True,-0.04075949569856339,5,2021
2021-05-05,1590,True,-0.053694224148986926,5,2021
2021-05-06,2409,True,-0.055080369522884934,5,2021
2021-05-06,2377,True,-0.04043737601391202,5,2021
2021-05-06,3661,True,-0.10606481121364626,5,2021
2021-05-06,2637,True,-0.04196871772510187,5,2021
2021-05-06,4133,True,-0.0415554392973438,5,2021
2021-05-07,1301,True,-0.08588462101555343,5,2021
2021-05-07,1326,True,-0.05019454381728565,5,2021
2021-05-07,2610,True,-0.06988268138650748,5,2021
2021-05-07,1802,True,-0.048181686018418365,5,2021
2021-05-07,9914,True,-0.046683737457835536,5,2021
2021-05-10,2317,True,-0.05060739788771342,5,2021
2021-05-10,2454,True,-0.08872461988691051,5,2021
2021-05-10,2303,True,-0.040087303325065625,5,2021
2021-05-10,3008,True,-0.04725128927440927,5,2021
2021-05-10,2409,True,-0.058490697838584314,5,2021
2021-05-10,3034,True,-0.06940295115282415,5,2021
2021-05-10,2408,True,-0.05207560741863295,5,2021
2021-05-10,2344,True,-0.04475790312840879,5,2021
2021-05-10,3037,True,-0.05925788235479958,5,2021
2021-05-10,2312,True,-0.042704662325403285,5,2021
2021-05-10,2385,True,-0.044111645688630595,5,2021
2021-05-11,2345,True,-0.05477056428203205,5,2021
2021-05-11,2409,True,-0.060647411395952276,5,2021
2021-05-11,2379,True,-0.057189044809094,5,2021
2021-05-11,3034,True,-0.061033518378338224,5,2021
2021-05-11,2376,True,-0.05960719957099877,5,2021
2021-05-11,2610,True,-0.04060263496425728,5,2021
2021-05-11,2351,True,-0.040898317992051424,5,2021
2021-05-11,2401,True,-0.04719685121034308,5,2021
2021-05-11,3443,True,-0.06073308759535597,5,2021
2021-05-11,2377,True,-0.05095618517309305,5,2021
2021-05-11,2368,True,-0.05018624368864585,5,2021
2021-05-11,1590,True,-0.061950949570998746,5,2021
2021-05-11,2027,True,-0.0459132137219422,5,2021
2021-05-11,1519,True,-0.04275903037907954,5,2021
2021-05-11,2723,True,-0.06139846338315343,5,2021
2021-05-11,2231,True,-0.04332139924979957,5,2021
2021-05-12,2409,True,-0.042081613598879096,5,2021
2021-05-12,2376,True,-0.050739622256887794,5,2021
2021-05-12,2603,True,-0.05054490762702681,5,2021
2021-05-12,2609,True,-0.050557768591427486,5,2021
2021-05-12,2610,True,-0.04873349829954423,5,2021
2021-05-12,2618,True,-0.04880565878446277,5,2021
2021-05-12,2615,True,-0.05046330283163216,5,2021
2021-05-12,2401,True,-0.04436248684749424,5,2021
2021-05-12,2368,True,-0.051172522689788245,5,2021
2021-05-12,2027,True,-0.05106953607804767,5,2021
2021-05-12,1802,True,-0.05053558001462901,5,2021
2021-05-12,1519,True,-0.04787581939308496,5,2021
2021-05-12,2723,True,-0.049332031892242244,5,2021
2021-05-12,2606,True,-0.051172522689788245,5,2021
2021-05-12,2637,True,-0.05004257918696344,5,2021
2021-05-12,2231,True,-0.049074620591886185,5,2021
2021-05-13,2376,True,-0.05840206345782383,5,2021
2021-05-13,2603,True,-0.09290130405462538,5,2021
2021-05-13,2609,True,-0.09199355728822556,5,2021
2021-05-13,2615,True,-0.09200507461989027,5,2021
2021-05-13,2353,True,-0.04230202676955185,5,2021
2021-05-13,3661,True,-0.05312107501621365,5,2021
2021-05-13,2027,True,-0.09255978216931837,5,2021
2021-05-13,2015,True,-0.0630563585790449,5,2021
2021-05-13,1802,True,-0.09202734906330745,5,2021
2021-05-13,2606,True,-0.09216274721850759,5,2021
2021-05-13,2637,True,-0.09176352957791056,5,2021
2021-05-14,2002,True,-0.05471575028105495,5,2021
2021-05-14,2603,True,-0.10238541359852375,5,2021
2021-05-14,2609,True,-0.07255810828734736,5,2021
2021-05-14,2027,True,-0.05645681582010835,5,2021
2021-05-14,1802,True,-0.10580264153188072,5,2021
2021-05-14,2606,True,-0.1065220359894155,5,2021
2021-05-17,2409,True,-0.04743132029491324,5,2021
2021-05-17,2337,True,-0.051535974028236155,5,2021
2021-05-17,2002,True,-0.05458522276676878,5,2021
2021-05-17,2603,True,-0.06262047472287965,5,2021
2021-05-17,2609,True,-0.06276312807523363,5,2021
2021-05-17,2610,True,-0.055478359863313044,5,2021
2021-05-17,2618,True,-0.06207819656838418,5,2021
2021-05-17,2344,True,-0.06118140575537421,5,2021
2021-05-17,2351,True,-0.048128981733770095,5,2021
2021-05-17,2401,True,-0.061029024028990776,5,2021
2021-05-17,3443,True,-0.042823551035958675,5,2021
2021-05-17,2312,True,-0.0601414052287915,5,2021
2021-05-17,2027,True,-0.04431393021427086,5,2021
2021-05-17,1802,True,-0.06206626396373525,5,2021
2021-05-17,2723,True,-0.06073610104820657,5,2021
2021-05-17,2606,True,-0.049169872016224116,5,2021
2021-05-17,2637,True,-0.06175641666583751,5,2021
2021-05-17,2231,True,-0.0609063641495041,5,2021
2021-05-18,3008,True,-0.04848356052103729,5,2021
2021-05-18,2412,True,-0.044857829526885204,5,2021
2021-05-18,3045,True,-0.044710573837460785,5,2021
2021-05-18,4904,True,-0.05374671841577415,5,2021
2021-05-18,2385,True,-0.043516539387641204,5,2021
2021-05-18,1201,True,-0.08071301055060563,5,2021
2021-05-18,5903,True,-0.05374671841577415,5,2021
2021-05-18,1231,True,-0.10677702144607713,5,2021
2021-05-18,1707,True,-0.04158866370452806,5,2021
2021-05-18,1789,True,-0.06878431240073667,5,2021
2021-05-19,2454,True,-0.05753671882783789,5,2021
2021-05-19,3034,True,-0.04229124991298432,5,2021
2021-05-19,1231,True,-0.04142887174534298,5,2021
2021-05-20,2409,True,-0.05024795865996269,5,2021
2021-05-20,3034,True,-0.05980034675698699,5,2021
2021-05-20,2376,True,-0.08737803763988473,5,2021
2021-05-20,2002,True,-0.06013872500234198,5,2021
2021-05-20,3661,True,-0.05026017762379455,5,2021
2021-05-20,2015,True,-0.046761137086495444,5,2021
2021-05-20,1802,True,-0.04766002354058964,5,2021
2021-05-20,2606,True,-0.08298789511178607,5,2021
2021-05-25,2603,True,-0.05441130778419033,5,2021
2021-05-25,2615,True,-0.076115011487894,5,2021
2021-05-25,1476,True,-0.04312262183797021,5,2021
2021-05-25,2637,True,-0.07240072577360833,5,2021
2021-05-25,4133,True,-0.07963819029584117,5,2021
2021-05-26,1590,True,-0.0490373947427486,5,2021
2021-05-27,9910,True,-0.050127160060909046,5,2021
2021-05-31,2609,True,-0.05795138920734482,5,2021
2021-05-31,2615,True,-0.0685141364205775,5,2021
2021-05-31,4133,True,-0.106604705918165,5,2021
2021-06-01,3034,True,-0.04422422441513072,6,2021
2021-06-01,9910,True,-0.043711379993479384,6,2021
2021-06-02,2385,True,-0.04257399231460263,6,2021
2021-06-03,9921,True,-0.04393585124233549,6,2021
2021-06-04,2637,True,-0.07740331690534581,6,2021
2021-06-07,2603,True,-0.04807964791807012,6,2021
2021-06-07,2609,True,-0.07017057558839684,6,2021
2021-06-07,2610,True,-0.07706530687337204,6,2021
2021-06-07,2618,True,-0.05006587408834645,6,2021
2021-06-07,2637,True,-0.06495357037139166,6,2021
2021-06-07,2231,True,-0.04759791015858855,6,2021
2021-06-08,2351,True,-0.1000631271007407,6,2021
2021-06-09,2618,True,-0.041617282657062854,6,2021
2021-06-09,3661,True,-0.06100660946688438,6,2021
2021-06-09,2548,True,-0.055997233527864315,6,2021
2021-06-10,2409,True,-0.05503995478975803,6,2021
2021-06-11,2368,True,-0.04723355737814345,6,2021
2021-06-15,2409,True,-0.04263033965109764,6,2021
2021-06-15,4133,True,-0.09020438604749659,6,2021
2021-06-16,2409,True,-0.06101613386160006,6,2021
2021-06-16,3661,True,-0.04639597737293152,6,2021
2021-06-16,2606,True,-0.040436730929256114,6,2021
2021-06-17,5522,True,-0.07170446199447886,6,2021
2021-06-21,2454,True,-0.04477670866542148,6,2021
2021-06-21,2408,True,-0.04930398461648432,6,2021
2021-06-21,2376,True,-0.05207204545298626,6,2021
2021-06-21,1802,True,-0.048379737760678485,6,2021
2021-06-21,2231,True,-0.040113496230188325,6,2021
2021-06-21,4133,True,-0.05239072677166744,6,2021
2021-06-22,2376,True,-0.06309087787070064,6,2021
2021-06-22,2610,True,-0.06287049881873127,6,2021
2021-06-22,2618,True,-0.0467552693117623,6,2021
2021-06-22,9910,True,-0.0677347288338028,6,2021
2021-06-22,2458,True,-0.04493107157530116,6,2021
2021-06-22,2377,True,-0.054189012039622536,6,2021
2021-06-22,2723,True,-0.04509115802198235,6,2021
2021-06-23,2603,True,-0.10630546285873496,6,2021
2021-06-23,2609,True,-0.10567297179267118,6,2021
2021-06-23,2615,True,-0.10818718677739256,6,2021
2021-06-23,2027,True,-0.05441892648522791,6,2021
2021-06-23,2606,True,-0.10773916026193084,6,2021
2021-06-23,2637,True,-0.10788348683293766,6,2021
2021-06-28,3711,True,-0.04931254764827468,6,2021
2021-06-28,1215,True,-0.053270984065889745,6,2021
2021-06-29,2401,True,-0.05155496946969791,6,2021
2021-06-29,2451,True,-0.04784378050911438,6,2021
2021-06-29,2637,True,-0.0533924710181541,6,2021
2021-06-29,4133,True,-0.04047739341593022,6,2021
2021-06-30,4938,True,-0.07555438408986873,6,2021
2021-06-30,2353,True,-0.05467123690014355,6,2021
2021-07-01,3037,True,-0.0412949194801546,7,2021
2021-07-01,2231,True,-0.042242795674384805,7,2021
2021-07-02,2606,True,-0.04754340938436048,7,2021
2021-07-05,2615,True,-0.08384407678949661,7,2021
2021-07-05,2606,True,-0.08572886887336977,7,2021
2021-07-05,2637,True,-0.1019564768817998,7,2021
2021-07-07,2603,True,-0.09503788490722187,7,2021
2021-07-07,2615,True,-0.06270197757131457,7,2021
2021-07-08,2376,True,-0.0725197293138499,7,2021
2021-07-08,1476,True,-0.06303427544283083,7,2021
2021-07-08,1590,True,-0.04154627798641632,7,2021
2021-07-08,9921,True,-0.04741788916776193,7,2021
2021-07-09,3008,True,-0.04092364676960417,7,2021
2021-07-09,2603,True,-0.08892517669884496,7,2021
2021-07-09,2609,True,-0.08712768650713114,7,2021
2021-07-09,2615,True,-0.08552473281805865,7,2021
2021-07-09,1802,True,-0.0806172349550716,7,2021
2021-07-09,2606,True,-0.04144578544963765,7,2021
2021-07-09,2637,True,-0.0495359365700128,7,2021
2021-07-12,2723,True,-0.04655083038438529,7,2021
2021-07-13,2603,True,-0.09406661128421447,7,2021
2021-07-13,2609,True,-0.09545020107080628,7,2021
2021-07-13,2618,True,-0.04646737686630655,7,2021
2021-07-13,2615,True,-0.09500909143501125,7,2021
2021-07-13,2027,True,-0.05107508306328814,7,2021
2021-07-13,2637,True,-0.06939016607282535,7,2021
2021-07-13,4133,True,-0.048709489115414194,7,2021
2021-07-14,2409,True,-0.044041945224986126,7,2021
2021-07-14,2603,True,-0.09392805000858524,7,2021
2021-07-14,2609,True,-0.06779168637222162,7,2021
2021-07-14,2344,True,-0.07145761636863775,7,2021
2021-07-14,2637,True,-0.04960986819040354,7,2021
2021-07-15,2356,True,-0.12877922487970217,7,2021
2021-07-15,2368,True,-0.0420644139734454,7,2021
2021-07-16,2330,True,-0.04488285276894102,7,2021
2021-07-16,2606,True,-0.043408459606246536,7,2021
2021-07-16,2637,True,-0.04136536511756797,7,2021
2021-07-20,2603,True,-0.0730414895566561,7,2021
2021-07-20,2609,True,-0.07741691852027996,7,2021
2021-07-20,2615,True,-0.0734926512981404,7,2021
2021-07-21,2409,True,-0.04030679914139216,7,2021
2021-07-21,3231,True,-0.09400465601089063,7,2021
2021-07-21,2603,True,-0.07858884026321648,7,2021
2021-07-21,2609,True,-0.0927498624173874,7,2021
2021-07-21,2615,True,-0.07749609259733685,7,2021
2021-07-21,4133,True,-0.09158915955258322,7,2021
2021-07-22,2603,True,-0.0778948312388313,7,2021
2021-07-22,2609,True,-0.08839183659766288,7,2021
2021-07-22,9910,True,-0.05925683840729009,7,2021
2021-07-22,2458,True,-0.045152060053807085,7,2021
2021-07-22,1590,True,-0.05973576561035517,7,2021
2021-07-22,2027,True,-0.05502871648005311,7,2021
2021-07-22,1802,True,-0.0673376464880981,7,2021
2021-07-23,4904,True,-0.058080488727065484,7,2021
2021-07-23,3037,True,-0.05209861783272094,7,2021
2021-07-23,1590,True,-0.07281019855178215,7,2021
2021-07-26,2382,True,-0.0899408641265084,7,2021
2021-07-26,2881,True,-0.07133315258551612,7,2021
2021-07-26,2882,True,-0.06285593085105115,7,2021
2021-07-26,2603,True,-0.08252490201255971,7,2021
2021-07-26,2609,True,-0.06015466057015331,7,2021
2021-07-26,2615,True,-0.0927792310168887,7,2021
2021-07-26,1590,True,-0.04682334866394758,7,2021
2021-07-27,2603,True,-0.09186005173998155,7,2021
2021-07-27,2609,True,-0.09148062950845545,7,2021
2021-07-27,2615,True,-0.04533370653603328,7,2021
2021-07-27,2401,True,-0.05888259029276919,7,2021
2021-07-27,1802,True,-0.04653691128042357,7,2021
2021-07-28,2454,True,-0.04073533948046251,7,2021
2021-07-28,3034,True,-0.05086531358367388,7,2021
2021-07-28,3661,True,-0.04103321982663091,7,2021
2021-07-28,2015,True,-0.057378723545359805,7,2021
2021-07-28,1519,True,-0.04219421053870512,7,2021
2021-07-30,2603,True,-0.0767674451499548,7,2021
2021-07-30,2609,True,-0.08678735136363268,7,2021
2021-07-30,2615,True,-0.08905257741918125,7,2021
2021-07-30,1402,True,-0.04002148437304652,7,2021
2021-07-30,2606,True,-0.058714635790917055,7,2021
2021-07-30,2637,True,-0.052762254838536124,7,2021
2021-08-02,2357,True,-0.09943181494833732,8,2021
2021-08-02,1231,True,-0.05096652081060639,8,2021
2021-08-04,2458,True,-0.051551246700252185,8,2021
2021-08-05,2409,True,-0.043688328753164044,8,2021
2021-08-05,1102,True,-0.10361619792958816,8,2021
2021-08-05,2723,True,-0.04344237167267469,8,2021
2021-08-06,2344,True,-0.045190023845100534,8,2021
2021-08-06,3661,True,-0.058559253483442285,8,2021
2021-08-09,1210,True,-0.047587306855566204,8,2021
2021-08-10,2610,True,-0.04512351989912904,8,2021
2021-08-10,2377,True,-0.041600904709612356,8,2021
2021-08-11,2408,True,-0.045009752111369684,8,2021
2021-08-11,2376,True,-0.043414339500673284,8,2021
2021-08-11,2603,True,-0.04799745249203589,8,2021
2021-08-11,2618,True,-0.04320308379676927,8,2021
2021-08-11,2344,True,-0.04772583926926508,8,2021
2021-08-11,2351,True,-0.04352978627970825,8,2021
2021-08-11,2401,True,-0.04985823907310636,8,2021
2021-08-12,2886,True,-0.0724874432276953,8,2021
2021-08-12,1101,True,-0.0698762066206451,8,2021
2021-08-12,2890,True,-0.0647633376258543,8,2021
2021-08-13,2345,True,-0.08464451401069772,8,2021
2021-08-13,2337,True,-0.04837000420677606,8,2021
2021-08-13,2344,True,-0.054791332934025605,8,2021
2021-08-13,2449,True,-0.04322191986843826,8,2021
2021-08-13,2368,True,-0.040116777878763776,8,2021
2021-08-13,1802,True,-0.059812299245596945,8,2021
2021-08-13,2231,True,-0.04178737115355491,8,2021
2021-08-16,2345,True,-0.08708472481687406,8,2021
2021-08-16,2891,True,-0.049161634262204594,8,2021
2021-08-16,2609,True,-0.04038970443764316,8,2021
2021-08-16,9910,True,-0.04393790077117359,8,2021
2021-08-16,2231,True,-0.07866721639936562,8,2021
2021-08-17,2308,True,-0.04979415003246082,8,2021
2021-08-17,3034,True,-0.0521033571102513,8,2021
2021-08-17,2401,True,-0.0515289170575505,8,2021
2021-08-17,3037,True,-0.04747030899894236,8,2021
2021-08-17,2377,True,-0.057207574131890954,8,2021
2021-08-17,2368,True,-0.043878431620657216,8,2021
2021-08-17,2027,True,-0.05632256785120118,8,2021
2021-08-17,1802,True,-0.0603930086169209,8,2021
2021-08-18,2377,True,-0.043455233735522104,8,2021
2021-08-19,2609,True,-0.04985929391464113,8,2021
2021-08-19,2449,True,-0.07215477621012342,8,2021
2021-08-19,1802,True,-0.05944805786387016,8,2021
2021-08-20,2015,True,-0.06386279824856089,8,2021
2021-08-20,9933,True,-0.052715286139357824,8,2021
2021-08-20,1231,True,-0.05188106308874351,8,2021
2021-08-23,3045,True,-0.06568736767122203,8,2021
2021-08-23,2377,True,-0.044856966545254465,8,2021
2021-08-23,1210,True,-0.06136538809569299,8,2021
2021-08-24,2409,True,-0.06991636996589239,8,2021
2021-08-24,3034,True,-0.04488229839237294,8,2021
2021-08-24,2609,True,-0.04014186597244,8,2021
2021-08-24,1590,True,-0.041038952088592026,8,2021
2021-08-25,2412,True,-0.05764992761231749,8,2021
2021-08-26,3661,True,-0.04796729990369034,8,2021
2021-08-27,2368,True,-0.062188735032227604,8,2021
2021-08-27,2606,True,-0.042887743900250574,8,2021
2021-08-31,2884,True,-0.04784978014225564,8,2021
2021-08-31,1802,True,-0.04546315667800386,8,2021
2021-09-01,2603,True,-0.05666348731162854,9,2021
2021-09-01,2609,True,-0.06518684047311787,9,2021
2021-09-01,2606,True,-0.0520214789931496,9,2021
2021-09-01,2637,True,-0.06855553463335054,9,2021
2021-09-03,2609,True,-0.050307530137083147,9,2021
2021-09-03,2615,True,-0.06398157725062073,9,2021
2021-09-03,1590,True,-0.05311691347744,9,2021
2021-09-03,2606,True,-0.05725197458152768,9,2021
2021-09-03,2637,True,-0.0456638286848711,9,2021
2021-09-06,3034,True,-0.048535275660203055,9,2021
2021-09-06,2881,True,-0.08010753381804875,9,2021
2021-09-06,2603,True,-0.05024584848391362,9,2021
2021-09-06,2609,True,-0.05272555620902981,9,2021
2021-09-06,2615,True,-0.04003444185816447,9,2021
2021-09-06,2401,True,-0.052835012212691664,9,2021
2021-09-06,1802,True,-0.04076422191755331,9,2021
2021-09-07,2368,True,-0.0480439205607119,9,2021
2021-09-07,2887,True,-0.06334762911695886,9,2021
2021-09-08,2337,True,-0.0524588355839395,9,2021
2021-09-08,2368,True,-0.050548973915041664,9,2021
2021-09-09,1216,True,-0.05477676262773327,9,2021
2021-09-09,3661,True,-0.04868533523274402,9,2021
2021-09-09,4133,True,-0.09993571765600442,9,2021
2021-09-10,4133,True,-0.04303249905567367,9,2021
2021-09-13,2368,True,-0.0658112832374465,9,2021
2021-09-14,2603,True,-0.06478638723171472,9,2021
2021-09-14,2609,True,-0.05661734743616888,9,2021
2021-09-14,2615,True,-0.04086863831396571,9,2021
2021-09-17,1229,True,-0.08269034579266035,9,2021
2021-09-17,2845,True,-0.0551443998467144,9,2021
2021-09-22,3443,True,-0.044312309096064276,9,2021
2021-09-22,2915,True,-0.08296003684098437,9,2021
2021-09-22,5522,True,-0.06643717614004159,9,2021
2021-09-23,9945,True,-0.2643844206728896,9,2021
2021-09-24,1229,True,-0.07119577922792088,9,2021
2021-09-24,2542,True,-0.04085389888604042,9,2021
2021-09-27,2368,True,-0.07249951371937381,9,2021
2021-09-27,1590,True,-0.07346586402135825,9,2021
2021-09-27,2915,True,-0.0858502340373072,9,2021
2021-09-27,9945,True,-0.060601931615091656,9,2021
2021-09-28,2603,True,-0.04338520778173956,9,2021
2021-09-28,2609,True,-0.04193453818319333,9,2021
2021-09-28,2377,True,-0.04503055862861134,9,2021
2021-09-29,3711,True,-0.043646514991756674,9,2021
2021-09-29,3661,True,-0.047047825089396006,9,2021
2021-09-29,2368,True,-0.04296976210416906,9,2021
2021-10-01,2603,True,-0.07700134607944155,10,2021
2021-10-01,2615,True,-0.07607509515319068,10,2021
2021-10-01,2401,True,-0.04575616192163591,10,2021
2021-10-01,1590,True,-0.07493785401594956,10,2021
2021-10-01,2606,True,-0.060885375881838635,10,2021
2021-10-01,2637,True,-0.058141103177171485,10,2021
2021-10-01,9914,True,-0.04104286012095561,10,2021
2021-10-04,2603,True,-0.08624768995082664,10,2021
2021-10-04,2615,True,-0.08742403344312642,10,2021
2021-10-04,3661,True,-0.08933139039135528,10,2021
2021-10-04,2915,True,-0.26594429361716176,10,2021
2021-10-04,2637,True,-0.04175074523006505,10,2021
2021-10-06,2345,True,-0.0649495982813368,10,2021
2021-10-06,2408,True,-0.043491287189204766,10,2021
2021-10-06,2603,True,-0.04444112036723853,10,2021
2021-10-06,2615,True,-0.06042967191334099,10,2021
2021-10-06,2368,True,-0.04602306479103298,10,2021
2021-10-06,2723,True,-0.043789570517223944,10,2021
2021-10-08,3008,True,-0.05860589202066081,10,2021
2021-10-08,3711,True,-0.04744519848651864,10,2021
2021-10-12,2603,True,-0.08152501200865621,10,2021
2021-10-12,2615,True,-0.08092029224464443,10,2021
2021-10-12,2606,True,-0.08529044410742166,10,2021
2021-10-12,2637,True,-0.07433628330616611,10,2021
2021-10-12,9914,True,-0.040872838095612776,10,2021
2021-10-13,3037,True,-0.057480357942919114,10,2021
2021-10-13,2606,True,-0.05080288948904771,10,2021
2021-10-14,2308,True,-0.046648991370111303,10,2021
2021-10-14,3008,True,-0.041048635163709546,10,2021
2021-10-18,2345,True,-0.047577340908326396,10,2021
2021-10-18,2201,True,-0.04605537619023577,10,2021
2021-10-18,2606,True,-0.06306055898894698,10,2021
2021-10-19,2344,True,-0.04059499626018923,10,2021
2021-10-21,1513,True,-0.0973879097029633,10,2021
2021-10-22,2615,True,-0.04143151224418824,10,2021
2021-10-22,2351,True,-0.052838590798880605,10,2021
2021-10-22,1802,True,-0.04783647319760771,10,2021
2021-10-22,2606,True,-0.06865136752247321,10,2021
2021-10-27,3008,True,-0.040374290773256036,10,2021
2021-10-28,2312,True,-0.06673120025603418,10,2021
2021-10-28,3661,True,-0.05937189289672684,10,2021
2021-11-01,2027,True,-0.0763774585875794,11,2021
2021-11-02,2313,True,-0.04776048598152064,11,2021
2021-11-02,2915,True,-0.0551361292062205,11,2021
2021-11-03,2351,True,-0.05271252726731621,11,2021
2021-11-03,3037,True,-0.05062532875154633,11,2021
2021-11-08,3231,True,-0.04649606068662135,11,2021
2021-11-08,3443,True,-0.041633477932362356,11,2021
2021-11-08,1590,True,-0.08235686525318628,11,2021
2021-11-08,9921,True,-0.06809454779720156,11,2021
2021-11-09,1590,True,-0.04389389248272019,11,2021
2021-11-11,2603,True,-0.08446878658173608,11,2021
2021-11-11,2609,True,-0.07522965614695344,11,2021
2021-11-11,2615,True,-0.09583884307891123,11,2021
2021-11-12,2377,True,-0.04568075006540705,11,2021
2021-11-12,1802,True,-0.04931607056819741,11,2021
2021-11-15,2637,True,-0.04032983836648348,11,2021
2021-11-17,6414,True,-0.055893166832717556,11,2021
2021-11-22,2351,True,-0.0421094630833208,11,2021
2021-11-25,3661,True,-0.09950601882401836,11,2021
2021-11-26,2610,True,-0.08320919410119584,11,2021
2021-11-26,2618,True,-0.08301823218194035,11,2021
2021-11-26,2637,True,-0.040471853050195496,11,2021
2021-11-29,2610,True,-0.07112673156984417,11,2021
2021-11-29,2618,True,-0.07933093472982078,11,2021
2021-11-30,4133,True,-0.1038956669130901,11,2021
2021-12-01,2312,True,-0.041415351015200275,12,2021
2021-12-02,3037,True,-0.04600692618742087,12,2021
2021-12-06,2376,True,-0.05022539419530288,12,2021
2021-12-06,3443,True,-0.0492012286238422,12,2021
2021-12-06,3661,True,-0.04240361537688349,12,2021
2021-12-09,2303,True,-0.04077744836602598,12,2021
2021-12-13,2610,True,-0.05675201069318251,12,2021
2021-12-13,2618,True,-0.05553903903153027,12,2021
2021-12-13,2615,True,-0.040273905633882924,12,2021
2021-12-14,2376,True,-0.04256476790346495,12,2021
2021-12-14,2609,True,-0.04826329731522969,12,2021
2021-12-14,2618,True,-0.04016440558462451,12,2021
2021-12-14,2615,True,-0.0489931177793955,12,2021
2021-12-14,3661,True,-0.0741688319428738,12,2021
2021-12-15,2312,True,-0.054729697849387915,12,2021
2021-12-16,2345,True,-0.06403879733420234,12,2021
2021-12-17,2345,True,-0.06588897707773463,12,2021
2021-12-17,3443,True,-0.08678620423452006,12,2021
2021-12-21,6414,True,-0.047591865718140204,12,2021
2022-01-03,2609,True,-0.046981900281536905,1,2022
2022-01-03,2615,True,-0.04867850914553749,1,2022
2022-01-03,2344,True,-0.049145244958250435,1,2022
2022-01-05,2401,True,-0.052460320833223474,1,2022
2022-01-06,3443,True,-0.057188602004197356,1,2022
2022-01-06,6414,True,-0.06206116572233829,1,2022
2022-01-07,2351,True,-0.04918430058687827,1,2022
2022-01-07,6414,True,-0.0471978664783511,1,2022
2022-01-10,2615,True,-0.044859132776353894,1,2022
2022-01-11,2376,True,-0.05417549755650916,1,2022
2022-01-11,2351,True,-0.0466888428507701,1,2022
2022-01-11,3661,True,-0.0699142742021954,1,2022
2022-01-11,6414,True,-0.040888262792764335,1,2022
2022-01-11,4133,True,-0.10048422238872387,1,2022
2022-01-12,2360,True,-0.048015928264969365,1,2022
2022-01-12,2603,True,-0.04174887642738301,1,2022
2022-01-12,2610,True,-0.04062805468060371,1,2022
2022-01-13,2360,True,-0.0415256249468789,1,2022
2022-01-13,2615,True,-0.04576454347755816,1,2022
2022-01-13,2351,True,-0.040187944150958894,1,2022
2022-01-14,3008,True,-0.0926933620424203,1,2022
2022-01-14,1519,True,-0.06166168448787825,1,2022
2022-01-17,2603,True,-0.04188234410286146,1,2022
2022-01-17,2615,True,-0.04723122193012547,1,2022
2022-01-18,4133,True,-0.04278318183514418,1,2022
2022-01-19,2637,True,-0.04678693236601636,1,2022
2022-01-20,2368,True,-0.04957391997338987,1,2022
2022-01-20,4133,True,-0.07506042342599503,1,2022
2022-01-21,2409,True,-0.0404798532947301,1,2022
2022-01-21,2603,True,-0.053099828758394765,1,2022
2022-01-21,2615,True,-0.04355765284174469,1,2022
2022-01-21,3037,True,-0.07914603625621515,1,2022
2022-01-21,3661,True,-0.04090390067801393,1,2022
2022-01-25,4133,True,-0.04426600129804707,1,2022
2022-01-26,2303,True,-0.07143498872098406,1,2022
2022-02-07,2303,True,-0.06692458684133562,2,2022
2022-02-07,2345,True,-0.04258726918188027,2,2022
2022-02-07,2379,True,-0.056081780983300744,2,2022
2022-02-07,3034,True,-0.04884452992778421,2,2022
2022-02-07,1476,True,-0.0508458525409895,2,2022
2022-02-07,3443,True,-0.08578383501995557,2,2022
2022-02-07,9921,True,-0.07019166871688876,2,2022
2022-02-07,4133,True,-0.07850435435765413,2,2022
2022-02-10,3231,True,-0.04046119436915024,2,2022
2022-02-14,2345,True,-0.04322843943564673,2,2022
2022-02-14,3661,True,-0.05079337243875851,2,2022
2022-02-14,4133,True,-0.05836042224718755,2,2022
2022-02-17,3443,True,-0.04411331153920782,2,2022
2022-02-21,2610,True,-0.08673232039258115,2,2022
2022-02-21,2618,True,-0.07584453310100835,2,2022
2022-02-22,2615,True,-0.05469485363482399,2,2022
2022-02-24,6770,True,-0.04337511804922406,2,2022
2022-02-24,2610,True,-0.05438296139047577,2,2022
2022-02-24,2618,True,-0.04724774082616584,2,2022
2022-02-24,2231,True,-0.044103493076671885,2,2022
2022-03-01,3037,True,-0.047879445818471394,3,2022
2022-03-02,2723,True,-0.08359287983420231,3,2022
2022-03-04,2454,True,-0.04205493830069365,3,2022
2022-03-04,2345,True,-0.04169081012757672,3,2022
2022-03-04,1476,True,-0.04267540412734508,3,2022
2022-03-07,3037,True,-0.06365986101164779,3,2022
2022-03-07,3661,True,-0.06814296572894453,3,2022
2022-03-08,2610,True,-0.054754776170277714,3,2022
2022-03-08,2618,True,-0.04136361496982191,3,2022
2022-03-08,3661,True,-0.042919441693433785,3,2022
2022-03-09,3661,True,-0.05632332636842201,3,2022
2022-03-10,1229,True,-0.04956473357418503,3,2022
2022-03-10,1476,True,-0.12210264046122113,3,2022
2022-03-11,9921,True,-0.04051967517576485,3,2022
2022-03-14,3037,True,-0.04712068943487849,3,2022
2022-03-14,1590,True,-0.05540309362480059,3,2022
2022-03-15,3443,True,-0.062103678163011156,3,2022
2022-03-15,3661,True,-0.08434989846538693,3,2022
2022-03-15,2606,True,-0.05429037465586323,3,2022
2022-03-15,2637,True,-0.056784506111262234,3,2022
2022-03-16,2409,True,-0.04549322712884429,3,2022
2022-03-16,2603,True,-0.09528320912730126,3,2022
2022-03-16,2615,True,-0.06411461620857084,3,2022
2022-03-16,3661,True,-0.0661901216657188,3,2022
2022-03-16,2637,True,-0.0513226390951752,3,2022
2022-03-16,2542,True,-0.07262372798931405,3,2022
2022-03-17,4904,True,-0.041998023891869254,3,2022
2022-03-18,2345,True,-0.08764162872745951,3,2022
2022-03-18,3661,True,-0.06789798730355012,3,2022
2022-03-21,2723,True,-0.041648559350104836,3,2022
2022-03-21,5903,True,-0.04002751489271797,3,2022
2022-03-24,1476,True,-0.04021412076076411,3,2022
2022-03-24,2344,True,-0.07427904853673659,3,2022
2022-03-25,2345,True,-0.052345001661397036,3,2022
2022-03-25,2603,True,-0.05127986306952685,3,2022
2022-03-25,2609,True,-0.04121536129016738,3,2022
2022-03-25,9914,True,-0.054220600811125494,3,2022
2022-03-28,2027,True,-0.04100979690952283,3,2022
2022-03-28,9921,True,-0.07680543120246802,3,2022
2022-03-29,2454,True,-0.05431871685972629,3,2022
2022-03-29,2313,True,-0.05435408087330591,3,2022
2022-03-29,4133,True,-0.06982125259047774,3,2022
2022-04-06,3008,True,-0.046680982336894224,4,2022
2022-04-06,3037,True,-0.05437014795478746,4,2022
2022-04-06,2312,True,-0.07929531061775974,4,2022
2022-04-07,2618,True,-0.04689842223381152,4,2022
2022-04-07,2313,True,-0.048695046721446256,4,2022
2022-04-07,2015,True,-0.07016217772960692,4,2022
2022-04-08,2360,True,-0.047048187759021275,4,2022
2022-04-08,2351,True,-0.05699101649379631,4,2022
2022-04-08,3661,True,-0.06661492430688984,4,2022
2022-04-11,3037,True,-0.06598753303961163,4,2022
2022-04-12,2915,True,-0.04784304847441801,4,2022
2022-04-12,9945,True,-0.05387166735195737,4,2022
2022-04-13,4133,True,-0.06305528431326309,4,2022
2022-04-14,2886,True,-0.04089572985421887,4,2022
2022-04-14,2884,True,-0.05363959813970544,4,2022
2022-04-14,2344,True,-0.04016068153847642,4,2022
2022-04-15,3037,True,-0.05142250063669251,4,2022
2022-04-15,3661,True,-0.05103584381219949,4,2022
2022-04-15,2368,True,-0.04471865067265434,4,2022
2022-04-15,1590,True,-0.048240052772676616,4,2022
2022-04-18,2618,True,-0.04208727184872496,4,2022
2022-04-18,4133,True,-0.09112308452090145,4,2022
2022-04-19,1789,True,-0.04864146063326749,4,2022
2022-04-20,2027,True,-0.040780510683695495,4,2022
2022-04-22,3037,True,-0.04024227571444627,4,2022
2022-04-22,3443,True,-0.05510519057736118,4,2022
2022-04-22,2324,True,-0.09714993498431022,4,2022
2022-04-22,3661,True,-0.07998474836426715,4,2022
2022-04-22,2368,True,-0.055735811524009075,4,2022
2022-04-25,3443,True,-0.059383115528382144,4,2022
2022-04-25,6414,True,-0.05268384084766896,4,2022
2022-04-25,2637,True,-0.07093454425772493,4,2022
2022-04-26,2409,True,-0.04356525277648174,4,2022
2022-04-26,2610,True,-0.04155989229365267,4,2022
2022-04-26,3443,True,-0.0409630429854935,4,2022
2022-04-26,2027,True,-0.05143991058998279,4,2022
2022-04-26,2606,True,-0.056807577085605715,4,2022
2022-04-26,4133,True,-0.07654163743005252,4,2022
2022-04-27,2312,True,-0.08614255235351158,4,2022
2022-04-28,3037,True,-0.05446362611298046,4,2022
2022-04-28,2312,True,-0.07250777104161417,4,2022
2022-04-28,2606,True,-0.04241500194770127,4,2022
2022-04-28,4133,True,-0.048662344374025016,4,2022
2022-05-04,4133,True,-0.1030868806520895,5,2022
2022-05-05,2915,True,-0.10202125562426763,5,2022
2022-05-06,3661,True,-0.06563402836090346,5,2022
2022-05-06,2915,True,-0.08448323471010974,5,2022
2022-05-09,9910,True,-0.04591477333682227,5,2022
2022-05-09,2915,True,-0.07595915708554192,5,2022
2022-05-09,2637,True,-0.04639370053988735,5,2022
2022-05-10,2345,True,-0.054841546810397566,5,2022
2022-05-10,4133,True,-0.10187774194940782,5,2022
2022-05-11,4133,True,-0.09232815104471338,5,2022
2022-05-12,2610,True,-0.07220391771478102,5,2022
2022-05-12,2618,True,-0.07651608095218759,5,2022
2022-05-13,4938,True,-0.0603911142202048,5,2022
2022-05-13,2354,True,-0.055584469669753146,5,2022
2022-05-13,3661,True,-0.04338551130000932,5,2022
2022-05-16,2382,True,-0.0700312771798981,5,2022
2022-05-16,2603,True,-0.042415596464190804,5,2022
2022-05-16,2354,True,-0.04504819421873985,5,2022
2022-05-17,2345,True,-0.04700669485304847,5,2022
2022-05-17,2637,True,-0.043287305339814994,5,2022
2022-05-19,1476,True,-0.052775588944734685,5,2022
2022-05-19,9921,True,-0.043007246841063294,5,2022
2022-05-19,4133,True,-0.05516636056627557,5,2022
2022-05-24,3037,True,-0.04552660639175816,5,2022
2022-05-26,3037,True,-0.04953502407201789,5,2022
2022-05-26,3661,True,-0.06833276760676128,5,2022
2022-05-26,2368,True,-0.04191032853034689,5,2022
2022-05-27,2637,True,-0.04215078206474543,5,2022
2022-05-31,1402,True,-0.04695217826768946,5,2022
2022-05-31,1231,True,-0.04693433119567999,5,2022
2022-05-31,2606,True,-0.04672208162710042,5,2022
2022-06-01,3037,True,-0.04314555387498915,6,2022
2022-06-02,3661,True,-0.0454835120118734,6,2022
2022-06-08,2637,True,-0.06606409266863822,6,2022
2022-06-09,2637,True,-0.0493271644245387,6,2022
2022-06-10,1590,True,-0.05065424990166994,6,2022
2022-06-13,2603,True,-0.040253467220213834,6,2022
2022-06-13,4133,True,-0.04200911259545381,6,2022
2022-06-15,3037,True,-0.08959712957520266,6,2022
2022-06-16,2603,True,-0.05341387838843538,6,2022
2022-06-16,2615,True,-0.05462328675142471,6,2022
2022-06-16,3037,True,-0.08263604368898182,6,2022
2022-06-16,2385,True,-0.08618118210744376,6,2022
2022-06-16,5522,True,-0.05357343776816294,6,2022
2022-06-17,2345,True,-0.0534180838206022,6,2022
2022-06-17,2618,True,-0.04084699241385281,6,2022
2022-06-17,1590,True,-0.04744476665868591,6,2022
2022-06-20,2603,True,-0.05965566504329489,6,2022
2022-06-20,2609,True,-0.04291926336965468,6,2022
2022-06-20,2615,True,-0.06375991621707877,6,2022
2022-06-20,2027,True,-0.045618860354463275,6,2022
2022-06-20,2723,True,-0.06264032334176062,6,2022
2022-06-20,2606,True,-0.04933273003416738,6,2022
2022-06-20,2634,True,-0.07545009646567002,6,2022
2022-06-20,2637,True,-0.052309534537689495,6,2022
2022-06-21,2609,True,-0.045384605754262224,6,2022
2022-06-22,2454,True,-0.04762787074747135,6,2022
2022-06-22,2303,True,-0.08282804647961065,6,2022
2022-06-22,3034,True,-0.049605708311734414,6,2022
2022-06-22,2603,True,-0.05007864577889157,6,2022
2022-06-22,2609,True,-0.054976943827874575,6,2022
2022-06-22,3037,True,-0.04519798072123529,6,2022
2022-06-22,3443,True,-0.05874672188882815,6,2022
2022-06-22,2634,True,-0.06601416374929317,6,2022
2022-06-22,2637,True,-0.047118814912083834,6,2022
2022-06-22,2548,True,-0.05641120211144782,6,2022
2022-06-23,2454,True,-0.14217899236792914,6,2022
2022-06-23,2303,True,-0.04357746997458528,6,2022
2022-06-23,2409,True,-0.06365073004784533,6,2022
2022-06-23,6770,True,-0.05744709549469623,6,2022
2022-06-23,2002,True,-0.06047455138779573,6,2022
2022-06-23,2603,True,-0.05380155961043959,6,2022
2022-06-23,2609,True,-0.043483174830785065,6,2022
2022-06-23,2610,True,-0.053405230866175935,6,2022
2022-06-23,2618,True,-0.04005291054451393,6,2022
2022-06-23,2615,True,-0.07512508902220433,6,2022
2022-06-24,2454,True,-0.04092500167585242,6,2022
2022-06-24,3711,True,-0.048988217286237895,6,2022
2022-06-27,2609,True,-0.13719941754177126,6,2022
2022-06-28,1326,True,-0.047430974895970805,6,2022
2022-06-28,1802,True,-0.10113667082246758,6,2022
2022-06-29,2603,True,-0.16823083020165872,6,2022
2022-06-29,2609,True,-0.05611910543295291,6,2022
2022-06-29,2615,True,-0.05100732789751124,6,2022
2022-06-29,9910,True,-0.0791874286531787,6,2022
2022-06-29,1476,True,-0.05574318702237786,6,2022
2022-06-29,2377,True,-0.04113890684487971,6,2022
2022-06-29,3711,True,-0.1192765586667421,6,2022
2022-06-30,2408,True,-0.11088488546304999,6,2022
2022-06-30,2412,True,-0.041167846726142834,6,2022
2022-06-30,4938,True,-0.1227403339356319,6,2022
2022-06-30,2353,True,-0.11832623722786174,6,2022
2022-06-30,2368,True,-0.07544203113295335,6,2022
2022-06-30,4133,True,-0.04559896450058888,6,2022
2022-07-01,2345,True,-0.06922643857430869,7,2022
2022-07-01,2409,True,-0.04738106037981596,7,2022
2022-07-01,2337,True,-0.055200986068919905,7,2022
2022-07-01,2376,True,-0.05186643535993099,7,2022
2022-07-01,2360,True,-0.042589368652000054,7,2022
2022-07-01,2344,True,-0.04673081017484573,7,2022
2022-07-01,2351,True,-0.07031080205294662,7,2022
2022-07-01,2401,True,-0.045248238791087664,7,2022
2022-07-01,3037,True,-0.04955829712770157,7,2022
2022-07-01,3443,True,-0.0580120311334861,7,2022
2022-07-01,2377,True,-0.0455838116568085,7,2022
2022-07-01,2312,True,-0.05881654917938353,7,2022
2022-07-01,3661,True,-0.04994466427649383,7,2022
2022-07-01,2368,True,-0.07056253777072066,7,2022
2022-07-01,9921,True,-0.0498606104820655,7,2022
2022-07-04,2317,True,-0.05622740587847313,7,2022
2022-07-04,2345,True,-0.05078642299124186,7,2022
2022-07-04,2882,True,-0.08413067454708861,7,2022
2022-07-04,2351,True,-0.09749597271909943,7,2022
2022-07-04,2449,True,-0.06361359465241329,7,2022
2022-07-04,2451,True,-0.13101049360743605,7,2022
2022-07-04,1231,True,-0.07056184739654231,7,2022
2022-07-05,2379,True,-0.05249342567701982,7,2022
2022-07-05,1301,True,-0.13241944547357426,7,2022
2022-07-05,2351,True,-0.06344182370964274,7,2022
2022-07-05,2458,True,-0.05645637073542415,7,2022
2022-07-05,3661,True,-0.052086918903017594,7,2022
2022-07-06,3231,True,-0.08388529463855814,7,2022
2022-07-06,1301,True,-0.049781951173512515,7,2022
2022-07-06,1303,True,-0.1440483573822659,7,2022
2022-07-06,2351,True,-0.06331386606712945,7,2022
2022-07-06,2883,True,-0.0700507081723926,7,2022
2022-07-07,1301,True,-0.04289559792552243,7,2022
2022-07-07,1303,True,-0.04516013729762734,7,2022
2022-07-07,2458,True,-0.1278093910289707,7,2022
2022-07-07,6414,True,-0.057662332205441244,7,2022
2022-07-07,1789,True,-0.05046564102897076,7,2022
2022-07-08,3045,True,-0.05227090982325214,7,2022
2022-07-08,2207,True,-0.04480956498326652,7,2022
2022-07-11,2409,True,-0.046930774219524574,7,2022
2022-07-12,3034,True,-0.1929629926411371,7,2022
2022-07-12,1326,True,-0.04383264633581868,7,2022
2022-07-12,2603,True,-0.04050131356887937,7,2022
2022-07-12,2609,True,-0.04249004694594277,7,2022
2022-07-12,2615,True,-0.04386846830065333,7,2022
2022-07-12,2401,True,-0.04350448781000765,7,2022
2022-07-12,3443,True,-0.061750101845095384,7,2022
2022-07-12,3661,True,-0.04065253033010102,7,2022
2022-07-12,1590,True,-0.07291411145418031,7,2022
2022-07-12,4133,True,-0.07245075561251274,7,2022
2022-07-13,9914,True,-0.04353762435091606,7,2022
2022-07-13,9921,True,-0.04608194625743704,7,2022
2022-07-14,2891,True,-0.0578148554788407,7,2022
2022-07-14,4904,True,-0.06326865361381141,7,2022
2022-07-14,2903,True,-0.052677953216313536,7,2022
2022-07-14,2401,True,-0.0734291511998232,7,2022
2022-07-14,2356,True,-0.06080881425638164,7,2022
2022-07-15,9914,True,-0.04509891775361104,7,2022
2022-07-18,4904,True,-0.04729928391226574,7,2022
2022-07-18,2353,True,-0.04046027341544695,7,2022
2022-07-19,3045,True,-0.0466092143107836,7,2022
2022-07-19,2812,True,-0.055192027527046356,7,2022
2022-07-20,2615,True,-0.20977779499964658,7,2022
2022-07-20,2915,True,-0.09874164632868346,7,2022
2022-07-20,9945,True,-0.09861956297627464,7,2022
2022-07-21,1101,True,-0.09243025233146594,7,2022
2022-07-21,9904,True,-0.04860995935729194,7,2022
2022-07-21,2449,True,-0.06497548726894219,7,2022
2022-07-21,1227,True,-0.04800280477901829,7,2022
2022-07-21,2915,True,-0.10585914596869282,7,2022
2022-07-21,9945,True,-0.10602826485927296,7,2022
2022-07-22,2377,True,-0.041366481261156815,7,2022
2022-07-25,2303,True,-0.04845009010421747,7,2022
2022-07-25,2360,True,-0.0490975452761771,7,2022
2022-07-26,2002,True,-0.10286720930795314,7,2022
2022-07-26,1519,True,-0.04704771221314953,7,2022
2022-07-27,2409,True,-0.04764093567452581,7,2022
2022-07-27,2881,True,-0.07156127209486224,7,2022
2022-07-27,1789,True,-0.07341907909972806,7,2022
2022-07-28,2884,True,-0.05459296627733134,7,2022
2022-07-28,1102,True,-0.08553522285641746,7,2022
2022-07-28,1476,True,-0.04997376421487731,7,2022
2022-07-28,3037,True,-0.09416436705461817,7,2022
2022-07-28,1402,True,-0.04863983477992683,7,2022
2022-07-29,2357,True,-0.11895370205046217,7,2022
2022-07-29,6770,True,-0.07983021566531255,7,2022
2022-07-29,1590,True,-0.04472437004837724,7,2022
2022-07-29,2915,True,-0.10081404779465551,7,2022
2022-07-29,9945,True,-0.10008305364260871,7,2022
2022-08-01,2382,True,-0.07599275230966146,8,2022
2022-08-01,3661,True,-0.07069536885544608,8,2022
2022-08-03,2458,True,-0.04134868311925288,8,2022
2022-08-04,2376,True,-0.12896140151762397,8,2022
2022-08-04,2892,True,-0.043314653899045256,8,2022
2022-08-04,1216,True,-0.041001638447343884,8,2022
2022-08-04,9910,True,-0.05074160195099336,8,2022
2022-08-04,3661,True,-0.05036365209848608,8,2022
2022-08-04,2368,True,-0.09024019394098098,8,2022
2022-08-04,1590,True,-0.08568340968980842,8,2022
2022-08-08,2201,True,-0.05540830457922189,8,2022
2022-08-09,2337,True,-0.046489474893222034,8,2022
2022-08-09,2344,True,-0.049241859961200625,8,2022
2022-08-09,2449,True,-0.042166130375500606,8,2022
2022-08-09,2915,True,-0.06361315879927315,8,2022
2022-08-10,3034,True,-0.052227128830875394,8,2022
2022-08-10,1476,True,-0.05201345361720018,8,2022
2022-08-10,2890,True,-0.04165563817463898,8,2022
2022-08-10,5880,True,-0.04207193314936393,8,2022
2022-08-11,2886,True,-0.0512560541848652,8,2022
2022-08-11,2880,True,-0.052636019299347,8,2022
2022-08-11,1519,True,-0.06086574007090359,8,2022
2022-08-12,2357,True,-0.07829596868915309,8,2022
2022-08-12,6414,True,-0.056858518956024534,8,2022
2022-08-12,9914,True,-0.05898688609935673,8,2022
2022-08-15,2382,True,-0.04339807687392326,8,2022
2022-08-15,2357,True,-0.04133870662132587,8,2022
2022-08-15,2603,True,-0.048348395405823794,8,2022
2022-08-15,2609,True,-0.04459617890662591,8,2022
2022-08-15,2401,True,-0.05845994755474258,8,2022
2022-08-17,2377,True,-0.08815305603373161,8,2022
2022-08-17,2313,True,-0.06341700776827155,8,2022
2022-08-19,9921,True,-0.047887304308492966,8,2022
2022-08-22,3008,True,-0.0574553781030918,8,2022
2022-08-22,2615,True,-0.048079925270169174,8,2022
2022-08-22,2637,True,-0.041338302985118355,8,2022
2022-08-23,2409,True,-0.04852200641908613,8,2022
2022-08-23,3037,True,-0.04752068033860116,8,2022
2022-08-24,2887,True,-0.09659399198516368,8,2022
2022-08-25,1215,True,-0.053205722280411,8,2022
2022-08-26,3443,True,-0.05084332892657299,8,2022
2022-08-29,2615,True,-0.05286016666713876,8,2022
2022-08-29,6414,True,-0.040955795633503586,8,2022
2022-08-29,2637,True,-0.053302852569480294,8,2022
2022-09-01,2345,True,-0.047213961917791036,9,2022
2022-09-01,3037,True,-0.07459447774715167,9,2022
2022-09-02,2360,True,-0.055905124301232095,9,2022
2022-09-02,2603,True,-0.06997782345049733,9,2022
2022-09-02,2609,True,-0.06879054096789874,9,2022
2022-09-02,2615,True,-0.06267214939083779,9,2022
2022-09-05,6770,True,-0.08609914813060959,9,2022
2022-09-05,3661,True,-0.056139829646700945,9,2022
2022-09-05,4133,True,-0.05904596158509101,9,2022
2022-09-06,2845,True,-0.0573324952879117,9,2022
2022-09-06,4133,True,-0.06860459195383246,9,2022
2022-09-07,6414,True,-0.07076778397114908,9,2022
2022-09-08,2609,True,-0.04264945003189515,9,2022
2022-09-08,2637,True,-0.0444626578191454,9,2022
2022-09-19,2609,True,-0.06731660384020363,9,2022
2022-09-19,2615,True,-0.07427105848451507,9,2022
2022-09-19,2606,True,-0.04242577052758498,9,2022
2022-09-19,2637,True,-0.06016856696047709,9,2022
2022-09-20,2409,True,-0.052688426908630424,9,2022
2022-09-21,2351,True,-0.05445473451708608,9,2022
2022-09-21,2377,True,-0.05069641251837457,9,2022
2022-09-22,2603,True,-0.05474894587913949,9,2022
2022-09-22,9914,True,-0.04904249129487938,9,2022
2022-09-22,9921,True,-0.04318802873882323,9,2022
2022-09-26,2603,True,-0.04954384996933796,9,2022
2022-09-26,2609,True,-0.056483338381613166,9,2022
2022-09-26,2615,True,-0.04386116757424578,9,2022
2022-09-26,2401,True,-0.04420041772198362,9,2022
2022-09-26,1519,True,-0.05866522003635226,9,2022
2022-09-26,2542,True,-0.12942574181828653,9,2022
2022-09-27,2634,True,-0.04463650082936178,9,2022
2022-09-28,3008,True,-0.061869569454811306,9,2022
2022-09-28,2610,True,-0.04376323953493005,9,2022
2022-09-28,2618,True,-0.07144403753991774,9,2022
2022-09-28,2615,True,-0.046091924863861315,9,2022
2022-09-28,3037,True,-0.040269948471091714,9,2022
2022-09-28,2637,True,-0.043516109611989755,9,2022
2022-09-29,2368,True,-0.04890757867489316,9,2022
2022-09-30,9910,True,-0.05822509477689366,9,2022
2022-09-30,1476,True,-0.06090224219088316,9,2022
2022-10-05,3661,True,-0.07512779753774507,10,2022
2022-10-05,1590,True,-0.04612620510421712,10,2022
2022-10-06,9914,True,-0.04216875428791116,10,2022
2022-10-07,2357,True,-0.04642841743023041,10,2022
2022-10-07,2379,True,-0.06137235009055942,10,2022
2022-10-07,2376,True,-0.040340740141595284,10,2022
2022-10-11,2330,True,-0.054083984004391204,10,2022
2022-10-11,2303,True,-0.04039585435042705,10,2022
2022-10-11,3008,True,-0.05205146367918791,10,2022
2022-10-11,3443,True,-0.06943486119737366,10,2022
2022-10-11,3711,True,-0.060994553110082304,10,2022
2022-10-11,3661,True,-0.06977132531741262,10,2022
2022-10-11,2368,True,-0.04069600586231472,10,2022
2022-10-11,1590,True,-0.044576154026762536,10,2022
2022-10-11,2231,True,-0.12623845554910665,10,2022
2022-10-12,1301,True,-0.047132983393783086,10,2022
2022-10-12,2603,True,-0.06103830883757006,10,2022
2022-10-12,2615,True,-0.05736262164387735,10,2022
2022-10-12,3443,True,-0.10279855588978788,10,2022
2022-10-12,3661,True,-0.10237981757038313,10,2022
2022-10-12,2637,True,-0.04434421861406818,10,2022
2022-10-13,2610,True,-0.0727364427951878,10,2022
2022-10-13,2618,True,-0.07311153656863105,10,2022
2022-10-13,2401,True,-0.055809336677047836,10,2022
2022-10-13,3443,True,-0.07383600846674747,10,2022
2022-10-13,3661,True,-0.06167659561712861,10,2022
2022-10-14,2345,True,-0.04289456488210762,10,2022
2022-10-14,2610,True,-0.04690827793258588,10,2022
2022-10-14,2618,True,-0.047198798419976526,10,2022
2022-10-14,3443,True,-0.04126141931999837,10,2022
2022-10-17,2603,True,-0.07897122584891182,10,2022
2022-10-17,2609,True,-0.04158999999530423,10,2022
2022-10-17,2615,True,-0.05369005924578553,10,2022
2022-10-18,3443,True,-0.08225176320543062,10,2022
2022-10-18,5522,True,-0.05613681116297478,10,2022
2022-10-20,2603,True,-0.04528790404515374,10,2022
2022-10-20,2207,True,-0.04000434925986577,10,2022
2022-10-20,3037,True,-0.045656384770777304,10,2022
2022-10-20,1590,True,-0.04729238800928196,10,2022
2022-10-21,2351,True,-0.04487274713055944,10,2022
2022-10-21,3443,True,-0.05761747780971627,10,2022
2022-10-21,3661,True,-0.06962460448568575,10,2022
2022-10-21,2723,True,-0.04062884469153494,10,2022
2022-10-21,1231,True,-0.049944477088365136,10,2022
2022-10-21,1789,True,-0.04755290907387921,10,2022
2022-10-24,2409,True,-0.05000941960441562,10,2022
2022-10-24,3661,True,-0.04241345636779658,10,2022
2022-10-25,1590,True,-0.05796595462709813,10,2022
2022-10-26,2337,True,-0.050881139852884026,10,2022
2022-10-26,2313,True,-0.043545454797806714,10,2022
2022-10-27,9945,True,-0.3156640331955429,10,2022
2022-10-28,1519,True,-0.040247410678681525,10,2022
2022-11-03,9933,True,-0.09549965903716004,11,2022
2022-11-04,2458,True,-0.049146780566600476,11,2022
2022-11-04,9933,True,-0.06786803561019415,11,2022
2022-11-07,2313,True,-0.04207186430161529,11,2022
2022-11-07,9933,True,-0.05339139157039978,11,2022
2022-11-08,2634,True,-0.04813074426178716,11,2022
2022-11-10,2312,True,-0.07101230299028978,11,2022
2022-11-10,2231,True,-0.047726419241772636,11,2022
2022-11-11,1519,True,-0.04341346247607074,11,2022
2022-11-14,2345,True,-0.042867134950744505,11,2022
2022-11-14,9914,True,-0.0808531132808911,11,2022
2022-11-15,1402,True,-0.0517972227106357,11,2022
2022-11-17,1590,True,-0.04323861105358115,11,2022
2022-11-21,2376,True,-0.041985706847237625,11,2022
2022-11-22,2356,True,-0.04245569876199636,11,2022
2022-11-24,2883,True,-0.05627677099217554,11,2022
2022-11-24,1802,True,-0.05434244800522103,11,2022
2022-11-29,2368,True,-0.05714139655247076,11,2022
2022-12-01,3661,True,-0.041117064571521214,12,2022
2022-12-02,2345,True,-0.04842126772246245,12,2022
2022-12-05,2353,True,-0.04624893177510075,12,2022
2022-12-06,2379,True,-0.040744367866857686,12,2022
2022-12-06,2637,True,-0.04349611616282238,12,2022
2022-12-07,2345,True,-0.040616244275070365,12,2022
2022-12-07,3037,True,-0.07614007627129503,12,2022
2022-12-07,2231,True,-0.055401868486924175,12,2022
2022-12-09,2360,True,-0.07298241847736268,12,2022
2022-12-12,9910,True,-0.04260645080616285,12,2022
2022-12-13,9914,True,-0.05961634460362991,12,2022
2022-12-13,9921,True,-0.07648142396870933,12,2022
2022-12-14,1789,True,-0.05416569117167363,12,2022
2022-12-14,4133,True,-0.04743787045191055,12,2022
2022-12-15,2454,True,-0.05388199543538602,12,2022
2022-12-16,2376,True,-0.05334944148874337,12,2022
2022-12-19,1802,True,-0.09451111593675908,12,2022
2022-12-19,2606,True,-0.041083893818659276,12,2022
2022-12-20,3037,True,-0.08064054939559218,12,2022
2022-12-20,3443,True,-0.0635087365526491,12,2022
2022-12-20,2377,True,-0.04172516622098443,12,2022
2022-12-20,3661,True,-0.051052918456854446,12,2022
2022-12-21,3037,True,-0.05278962763845955,12,2022
2022-12-22,3443,True,-0.04142971481691255,12,2022
2022-12-23,2345,True,-0.058990028209976626,12,2022
2022-12-23,2890,True,-0.04246244672176531,12,2022
2022-12-26,2615,True,-0.04368683843862436,12,2022
2022-12-28,3443,True,-0.08463400318552625,12,2022
2022-12-29,2723,True,-0.0563035332745112,12,2022
2023-01-03,2723,True,-0.0429096231553328,1,2023
2023-01-04,2637,True,-0.04232156749400649,1,2023
2023-01-05,3443,True,-0.05329142196837665,1,2023
2023-01-05,2723,True,-0.04329242186838665,1,2023
2023-01-06,1519,True,-0.08984217158721225,1,2023
2023-01-09,2345,True,-0.04408403790640336,1,2023
2023-01-09,1503,True,-0.05897761808062352,1,2023
2023-01-11,2360,True,-0.06093588916266924,1,2023
2023-01-13,3008,True,-0.07089103437135343,1,2023
2023-01-30,9910,True,-0.04475169539566455,1,2023
2023-01-31,2408,True,-0.04006577014186098,1,2023
2023-01-31,3711,True,-0.04622544794332985,1,2023
2023-01-31,9921,True,-0.040662475090637265,1,2023
2023-02-02,2201,True,-0.06808158377908485,2,2023
2023-02-03,3037,True,-0.04583434816244954,2,2023
2023-02-06,3037,True,-0.051864332891769345,2,2023
2023-02-06,3443,True,-0.06556319556364161,2,2023
2023-02-14,3661,True,-0.05673769843268334,2,2023
2023-02-15,2723,True,-0.05268645150833317,2,2023
2023-02-17,9910,True,-0.07414285401230408,2,2023
2023-02-21,2884,True,-0.051180253063496314,2,2023
2023-02-22,2231,True,-0.05038157448220485,2,2023
2023-02-24,2360,True,-0.06301923975549842,2,2023
2023-02-24,3037,True,-0.041972574348356904,2,2023
2023-03-01,2606,True,-0.05782002153531768,3,2023
2023-03-03,3443,True,-0.09879823517511375,3,2023
2023-03-03,2845,True,-0.04069951877202193,3,2023
2023-03-08,9933,True,-0.04825619340025745,3,2023
2023-03-10,1519,True,-0.057570923149099,3,2023
2023-03-13,2357,True,-0.09033063367763322,3,2023
2023-03-13,1519,True,-0.04103760588631184,3,2023
2023-03-13,2634,True,-0.045857724642860816,3,2023
2023-03-13,9921,True,-0.05863386353294737,3,2023
2023-03-14,2615,True,-0.08837077313140604,3,2023
2023-03-14,3443,True,-0.05093879379869568,3,2023
2023-03-15,2915,True,-0.09518593888240669,3,2023
2023-03-15,9945,True,-0.10052395251632597,3,2023
2023-03-16,9945,True,-0.044065272429717015,3,2023
2023-03-17,9904,True,-0.043408238389426965,3,2023
2023-03-20,2915,True,-0.04235018104192764,3,2023
2023-03-20,9945,True,-0.056419623004884095,3,2023
2023-03-21,3443,True,-0.04356169460854517,3,2023
2023-03-21,1590,True,-0.04003465396360059,3,2023
2023-03-23,2606,True,-0.0469350852915473,3,2023
2023-03-23,2637,True,-0.06554432757016634,3,2023
2023-03-24,3661,True,-0.04208288378330063,3,2023
2023-03-27,2201,True,-0.04035679928421321,3,2023
2023-03-27,2723,True,-0.0972047413450623,3,2023
2023-03-28,3037,True,-0.041062626397960815,3,2023
2023-03-28,3443,True,-0.05651198279612029,3,2023
2023-03-29,3443,True,-0.08941925582791493,3,2023
2023-03-30,2015,True,-0.06103839261605622,3,2023
2023-04-06,2454,True,-0.042492702005925705,4,2023
2023-04-07,2356,True,-0.0733673214766552,4,2023
2023-04-13,2313,True,-0.0464522298794824,4,2023
2023-04-13,3711,True,-0.04620975885229596,4,2023
2023-04-13,1590,True,-0.04413814003015916,4,2023
2023-04-13,1513,True,-0.05662060847335694,4,2023
2023-04-14,2382,True,-0.08823539354560209,4,2023
2023-04-14,3008,True,-0.048332358077680694,4,2023
2023-04-17,2454,True,-0.05623904762710191,4,2023
2023-04-18,3661,True,-0.04014969581511212,4,2023
2023-04-20,2345,True,-0.05823945688882616,4,2023
2023-04-20,2324,True,-0.050991289522052466,4,2023
2023-04-21,2351,True,-0.08678299778495432,4,2023
2023-04-21,3661,True,-0.08209679122707123,4,2023
2023-04-25,2379,True,-0.044391862244648604,4,2023
2023-04-25,3034,True,-0.05035876079339204,4,2023
2023-04-25,3443,True,-0.06837807798435055,4,2023
2023-04-25,3661,True,-0.045067431411671875,4,2023
2023-04-25,1503,True,-0.05697558595305526,4,2023
2023-04-26,2337,True,-0.04614861589308718,4,2023
2023-04-26,2351,True,-0.07252832829106616,4,2023
2023-04-26,1590,True,-0.050276237490588196,4,2023
2023-04-28,2409,True,-0.04822305992837089,4,2023
2023-04-28,2880,True,-0.048148721540027306,4,2023
2023-05-02,2603,True,-0.04460131881566092,5,2023
2023-05-02,1802,True,-0.04685848302435718,5,2023
2023-05-03,1519,True,-0.05503125113927836,5,2023
2023-05-05,2353,True,-0.0699177287776337,5,2023
2023-05-08,2883,True,-0.04078489942450907,5,2023
2023-05-08,9933,True,-0.04074959990811238,5,2023
2023-05-09,1513,True,-0.060270845015282244,5,2023
2023-05-09,1519,True,-0.05196830028532252,5,2023
2023-05-15,2356,True,-0.05210762590965333,5,2023
2023-05-22,9910,True,-0.047886587526320835,5,2023
2023-05-22,3037,True,-0.055487713619075375,5,2023
2023-05-25,2548,True,-0.06546417811655558,5,2023
2023-05-26,1519,True,-0.04158720893457207,5,2023
2023-05-26,2723,True,-0.04307855910359176,5,2023
2023-05-26,2637,True,-0.04010050825311934,5,2023
2023-05-30,2637,True,-0.13146453625159546,5,2023
2023-06-02,3443,True,-0.08222372382172669,6,2023
2023-06-08,2344,True,-0.041819303566964894,6,2023
2023-06-08,3037,True,-0.04400461825227947,6,2023
2023-06-08,3443,True,-0.04747576314833907,6,2023
2023-06-08,3661,True,-0.05873651808896968,6,2023
2023-06-12,2356,True,-0.04167167932535952,6,2023
2023-06-12,2723,True,-0.05941559831981767,6,2023
2023-06-16,2345,True,-0.049474574833452634,6,2023
2023-06-16,2201,True,-0.045346389145690336,6,2023
2023-06-16,2401,True,-0.04591469888720923,6,2023
2023-06-16,2385,True,-0.09306968827149797,6,2023
2023-06-19,2324,True,-0.04553202861791564,6,2023
2023-06-19,2353,True,-0.04535903819005263,6,2023
2023-06-20,2454,True,-0.11419691746192424,6,2023
2023-06-20,2337,True,-0.06035427332854943,6,2023
2023-06-21,3443,True,-0.04077013044923521,6,2023
2023-06-26,2308,True,-0.040407015755444524,6,2023
2023-06-26,2376,True,-0.05991251026093907,6,2023
2023-06-27,2303,True,-0.06791319066445432,6,2023
2023-06-27,1301,True,-0.04252368091651402,6,2023
2023-06-27,2610,True,-0.051125495117327314,6,2023
2023-06-27,2618,True,-0.04017101807018617,6,2023
2023-06-27,1503,True,-0.04373141038511306,6,2023
2023-06-27,1519,True,-0.040483547137249755,6,2023
2023-06-27,6414,True,-0.04546752149622411,6,2023
2023-06-29,1303,True,-0.04577166436025755,6,2023
2023-06-29,2353,True,-0.04711705858818345,6,2023
2023-06-30,3034,True,-0.06070619181218266,6,2023
2023-06-30,3045,True,-0.04476942826151502,6,2023
2023-06-30,2603,True,-0.39278740290442943,6,2023
2023-06-30,3711,True,-0.0939723930295117,6,2023
2023-07-04,2317,True,-0.04628010163996781,7,2023
2023-07-04,2357,True,-0.0636018407704026,7,2023
2023-07-04,2609,True,-0.22069505866362044,7,2023
2023-07-04,4938,True,-0.05280184077040256,7,2023
2023-07-05,4904,True,-0.0759844677186004,7,2023
2023-07-06,2351,True,-0.046330735845686546,7,2023
2023-07-06,2451,True,-0.07963557585954813,7,2023
2023-07-06,2606,True,-0.07759615384477288,7,2023
2023-07-10,2615,True,-0.05389716634458797,7,2023
2023-07-11,3034,True,-0.08901313808666556,7,2023
2023-07-11,3661,True,-0.04022039233787366,7,2023
2023-07-12,2609,True,-0.04940300155151832,7,2023
2023-07-12,2615,True,-0.042294946784033435,7,2023
2023-07-12,9904,True,-0.04517443999322866,7,2023
2023-07-12,2723,True,-0.04633489740685913,7,2023
2023-07-13,2603,True,-0.04713058085950053,7,2023
2023-07-13,2609,True,-0.05000808522954217,7,2023
2023-07-13,2615,True,-0.04593307999174637,7,2023
2023-07-13,1231,True,-0.0935438053183685,7,2023
2023-07-14,3008,True,-0.052493860254679045,7,2023
2023-07-14,2610,True,-0.07479057356262829,7,2023
2023-07-14,2618,True,-0.08091734905552649,7,2023
2023-07-17,2360,True,-0.05893186111662037,7,2023
2023-07-17,3443,True,-0.04762037327196607,7,2023
2023-07-17,1402,True,-0.06943292604427105,7,2023
2023-07-18,3231,True,-0.04421391186599445,7,2023
2023-07-18,2903,True,-0.06064413987117502,7,2023
2023-07-18,2201,True,-0.047381962962496874,7,2023
2023-07-18,2401,True,-0.0563464991182996,7,2023
2023-07-18,1434,True,-0.04635539188100414,7,2023
2023-07-18,1503,True,-0.04960669737123925,7,2023
2023-07-18,1519,True,-0.05509019415495754,7,2023
2023-07-19,2351,True,-0.08522452230492533,7,2023
2023-07-19,2324,True,-0.0853009106633395,7,2023
2023-07-19,2312,True,-0.06715457559983135,7,2023
2023-07-19,4938,True,-0.0759445161503099,7,2023
2023-07-19,2353,True,-0.08731411352864221,7,2023
2023-07-19,1503,True,-0.059026272337575125,7,2023
2023-07-19,1513,True,-0.08732323628444422,7,2023
2023-07-20,1102,True,-0.09986830614351479,7,2023
2023-07-20,2351,True,-0.04424490768099084,7,2023
2023-07-20,1513,True,-0.10184534695984133,7,2023
2023-07-20,1789,True,-0.06535542865368833,7,2023
2023-07-24,1503,True,-0.040562013814441786,7,2023
2023-07-24,1513,True,-0.05706995032237837,7,2023
2023-07-24,1519,True,-0.06179217254460055,7,2023
2023-07-24,2606,True,-0.04485292020815189,7,2023
2023-07-25,3231,True,-0.04602269900476592,7,2023
2023-07-25,2368,True,-0.06905597302014382,7,2023
2023-07-26,2376,True,-0.05371560312843801,7,2023
2023-07-26,1229,True,-0.05323050902632262,7,2023
2023-07-26,2354,True,-0.04041326091495687,7,2023
2023-07-26,2887,True,-0.04502857854459949,7,2023
2023-07-27,2884,True,-0.04057938732493078,7,2023
2023-07-27,3037,True,-0.04077196147772195,7,2023
2023-07-27,2377,True,-0.04218396035807532,7,2023
2023-07-28,2027,True,-0.20256886611625013,7,2023
2023-07-31,2382,True,-0.09040146513935032,7,2023
2023-07-31,2357,True,-0.05395845849386083,7,2023
2023-07-31,3231,True,-0.09082890304044955,7,2023
2023-07-31,2376,True,-0.08850566608860977,7,2023
2023-07-31,3443,True,-0.09127634210977631,7,2023
2023-07-31,2356,True,-0.08080092859105414,7,2023
2023-07-31,3661,True,-0.07505209714652838,7,2023
2023-07-31,2368,True,-0.042522956457994976,7,2023
2023-08-01,3231,True,-0.04779137995374888,8,2023
2023-08-01,3443,True,-0.099714311411157,8,2023
2023-08-01,1519,True,-0.10018134402666751,8,2023
2023-08-02,2382,True,-0.08017917061290586,8,2023
2023-08-02,2345,True,-0.05326639847705045,8,2023
2023-08-02,3231,True,-0.08102305246944591,8,2023
2023-08-02,2376,True,-0.04998856971082527,8,2023
2023-08-02,2360,True,-0.05371808793043881,8,2023
2023-08-02,2356,True,-0.0621462973992431,8,2023
2023-08-04,3231,True,-0.06271722470665846,8,2023
2023-08-04,2891,True,-0.06026225220707141,8,2023
2023-08-04,1216,True,-0.06791796350319783,8,2023
2023-08-04,2912,True,-0.04020451591943978,8,2023
2023-08-04,9910,True,-0.10947939568266589,8,2023
2023-08-04,1210,True,-0.07753606091528824,8,2023
2023-08-07,2618,True,-0.04758226043923193,8,2023
2023-08-07,1476,True,-0.051144284209419924,8,2023
2023-08-07,2458,True,-0.05407144047338537,8,2023
2023-08-07,1590,True,-0.04172688922460506,8,2023
2023-08-08,2356,True,-0.04054786072319682,8,2023
2023-08-09,3034,True,-0.04623209124013914,8,2023
2023-08-09,3231,True,-0.06689773669341868,8,2023
2023-08-09,1476,True,-0.09694880662968673,8,2023
2023-08-09,2890,True,-0.04258484028749885,8,2023
2023-08-09,5880,True,-0.04823762021625853,8,2023
2023-08-09,1210,True,-0.05655304525740177,8,2023
2023-08-10,2382,True,-0.08037251609869973,8,2023
2023-08-10,2409,True,-0.05294987680743719,8,2023
2023-08-10,2376,True,-0.08080599642423376,8,2023
2023-08-10,3443,True,-0.04903562453936579,8,2023
2023-08-10,3661,True,-0.08090526186000897,8,2023
2023-08-10,2368,True,-0.05170384766952503,8,2023
2023-08-10,1802,True,-0.04187144543488826,8,2023
2023-08-10,1519,True,-0.05106787400631681,8,2023
2023-08-10,9914,True,-0.04041945480256966,8,2023
2023-08-11,2892,True,-0.07216567949594675,8,2023
2023-08-11,2377,True,-0.047413542743810023,8,2023
2023-08-14,2356,True,-0.05981057218050652,8,2023
2023-08-14,1519,True,-0.07312334841650199,8,2023
2023-08-14,2637,True,-0.046069102108367746,8,2023
2023-08-15,1590,True,-0.04193270562410073,8,2023
2023-08-15,9914,True,-0.04205334743855366,8,2023
2023-08-16,1802,True,-0.052828456665333284,8,2023
2023-08-16,9914,True,-0.04604253684948831,8,2023
2023-08-18,2382,True,-0.055522252972637874,8,2023
2023-08-18,3231,True,-0.060863267125258656,8,2023
2023-08-18,2376,True,-0.052373606945863314,8,2023
2023-08-18,2324,True,-0.05578260506785245,8,2023
2023-08-21,2606,True,-0.05780313927867945,8,2023
2023-08-24,3231,True,-0.04594009477017138,8,2023
2023-08-25,2382,True,-0.06131190450693459,8,2023
2023-08-25,2345,True,-0.0725477762875535,8,2023
2023-08-25,3231,True,-0.0847132650511523,8,2023
2023-08-25,3037,True,-0.041100264295294356,8,2023
2023-08-25,9921,True,-0.049949014523355,8,2023
2023-08-28,2449,True,-0.05146737972070723,8,2023
2023-08-28,2377,True,-0.0582040905775568,8,2023
2023-08-28,1519,True,-0.04003466873252857,8,2023
2023-08-28,2723,True,-0.04690359968522926,8,2023
2023-09-01,2382,True,-0.05220019709268793,9,2023
2023-09-01,3231,True,-0.06929421418670496,9,2023
2023-09-01,2376,True,-0.05370406956430225,9,2023
2023-09-01,2356,True,-0.050563535881558555,9,2023
2023-09-01,2368,True,-0.06820352864126307,9,2023
2023-09-04,2881,True,-0.04712841673452417,9,2023
2023-09-06,2401,True,-0.05250571083156237,9,2023
2023-09-06,1802,True,-0.041494517355913876,9,2023
2023-09-06,2231,True,-0.059460629551186875,9,2023
2023-09-08,3008,True,-0.041226685880144096,9,2023
2023-09-11,2382,True,-0.047615490216425214,9,2023
2023-09-11,2357,True,-0.04800464707736309,9,2023
2023-09-11,2379,True,-0.08067334145609464,9,2023
2023-09-11,3231,True,-0.04939727806993945,9,2023
2023-09-11,2376,True,-0.0808211611161094,9,2023
2023-09-11,2312,True,-0.044144915199571665,9,2023
2023-09-11,1519,True,-0.04266527443778869,9,2023
2023-09-12,2357,True,-0.049385008306518645,9,2023
2023-09-12,9914,True,-0.055839267395637986,9,2023
2023-09-13,1519,True,-0.06169349273904392,9,2023
2023-09-14,1519,True,-0.04301463297485099,9,2023
2023-09-14,1215,True,-0.04279019127358287,9,2023
2023-09-18,2356,True,-0.0401837250287807,9,2023
2023-09-18,2368,True,-0.04475582461047716,9,2023
2023-09-20,2345,True,-0.055208120812594144,9,2023
2023-09-20,2344,True,-0.04205186980874294,9,2023
2023-09-20,2449,True,-0.0454297539765733,9,2023
2023-09-20,3661,True,-0.05307886181761963,9,2023
2023-09-26,2542,True,-0.06081878035491231,9,2023
2023-09-28,2408,True,-0.061116299821054966,9,2023
2023-10-02,1519,True,-0.04402517013606228,10,2023
2023-10-11,2382,True,-0.06737838067209452,10,2023
2023-10-11,3231,True,-0.09747625035422176,10,2023
2023-10-11,2376,True,-0.056085961997528654,10,2023
2023-10-11,2360,True,-0.06376986457410323,10,2023
2023-10-11,2603,True,-0.07011294234575245,10,2023
2023-10-11,2609,True,-0.05698981922262943,10,2023
2023-10-11,2356,True,-0.06125378965098335,10,2023
2023-10-11,1707,True,-0.040884032925149826,10,2023
2023-10-12,2360,True,-0.07473342061898439,10,2023
2023-10-12,1519,True,-0.04012979618763238,10,2023
2023-10-13,2382,True,-0.04535972064365722,10,2023
2023-10-13,2376,True,-0.04239122217221235,10,2023
2023-10-16,2344,True,-0.07482039172601677,10,2023
2023-10-18,2382,True,-0.04644030196632063,10,2023
2023-10-18,2345,True,-0.07211213847680485,10,2023
2023-10-18,2376,True,-0.0515376522936992,10,2023
2023-10-18,3661,True,-0.0645075757391622,10,2023
2023-10-19,1590,True,-0.04331439804693292,10,2023
2023-10-23,2379,True,-0.05570548231926086,10,2023
2023-10-23,3443,True,-0.08110804264755378,10,2023
2023-10-24,1519,True,-0.04715546015342644,10,2023
2023-10-25,2337,True,-0.08741892003072728,10,2023
2023-10-26,2376,True,-0.04064829129683427,10,2023
2023-10-26,3661,True,-0.04481877993973475,10,2023
2023-10-26,2368,True,-0.052990145419165954,10,2023
2023-10-27,2351,True,-0.04436218124876978,10,2023
2023-10-27,1519,True,-0.04580637353265671,10,2023
2023-10-31,2382,True,-0.07103981393382379,10,2023
2023-10-31,2376,True,-0.05303167112142175,10,2023
2023-10-31,2351,True,-0.04926320564056545,10,2023
2023-10-31,1519,True,-0.07048275520391771,10,2023
2023-11-01,1590,True,-0.04135349155638366,11,2023
2023-11-03,2458,True,-0.10314179830172215,11,2023
2023-11-06,2603,True,-0.04568585888788106,11,2023
2023-11-07,2634,True,-0.04279235287299397,11,2023
2023-11-08,3034,True,-0.04519821936995069,11,2023
2023-11-08,1789,True,-0.05311386851888608,11,2023
2023-11-09,2351,True,-0.041414213180508176,11,2023
2023-11-13,2377,True,-0.05085104784650512,11,2023
2023-11-15,2449,True,-0.06148985766309061,11,2023
2023-11-15,3661,True,-0.06855710548376308,11,2023
2023-11-16,2368,True,-0.04111551309269262,11,2023
2023-11-17,2385,True,-0.04983786453261691,11,2023
2023-11-22,3231,True,-0.04414231059336528,11,2023
2023-12-01,1590,True,-0.0455192965022845,12,2023
2023-12-04,2376,True,-0.04821711877208309,12,2023
2023-12-05,2368,True,-0.049945192044088295,12,2023
2023-12-06,2606,True,-0.04486372026769815,12,2023
2023-12-11,2368,True,-0.07185236075004223,12,2023
2023-12-11,1519,True,-0.07461722691449171,12,2023
2023-12-12,2360,True,-0.0727768839903002,12,2023
2023-12-14,3661,True,-0.05215014254006271,12,2023
2023-12-15,2345,True,-0.0432064604923134,12,2023
2023-12-15,2401,True,-0.047036674912246876,12,2023
2023-12-15,2449,True,-0.04605178387037816,12,2023
2023-12-15,2356,True,-0.06175322885843153,12,2023
2023-12-18,2449,True,-0.04082164396602643,12,2023
2023-12-22,9910,True,-0.04323394166327901,12,2023
2023-12-25,2603,True,-0.07371657897609617,12,2023
2023-12-25,2609,True,-0.10095158892210364,12,2023
2023-12-25,2615,True,-0.09499919074515216,12,2023
2023-12-25,2606,True,-0.06327366810597544,12,2023
2023-12-25,2637,True,-0.06291137970340464,12,2023
2023-12-26,1519,True,-0.06359177374432222,12,2023
2023-12-29,1503,True,-0.0552873491081987,12,2023
2023-12-29,1519,True,-0.059855284264126715,12,2023
2024-01-02,2382,True,-0.04423909891861951,1,2024
2024-01-02,2345,True,-0.05387385131080621,1,2024
2024-01-02,3231,True,-0.047164237947428155,1,2024
2024-01-03,3711,True,-0.04129158215990782,1,2024
2024-01-09,2603,True,-0.05045487025201478,1,2024
2024-01-09,2609,True,-0.07933585610926397,1,2024
2024-01-09,2615,True,-0.06199576225986403,1,2024
2024-01-10,2609,True,-0.050524968336273984,1,2024
2024-01-11,2449,True,-0.04847526182605354,1,2024
2024-01-11,1519,True,-0.04153003088463335,1,2024
2024-01-18,2368,True,-0.04915938327861141,1,2024
2024-01-19,2385,True,-0.040165614699282336,1,2024
2024-01-23,2345,True,-0.04110394968886314,1,2024
2024-01-25,3443,True,-0.06269584718844766,1,2024
2024-01-26,2303,True,-0.046552358593439286,1,2024
2024-01-26,2357,True,-0.04023592752311109,1,2024
2024-01-26,2324,True,-0.04445013609708867,1,2024
2024-01-29,2337,True,-0.04049417078885417,1,2024
2024-02-01,2454,True,-0.04558623584121392,2,2024
2024-02-01,2409,True,-0.04092785074804618,2,2024
2024-02-02,2603,True,-0.04373499191792426,2,2024
2024-02-02,1503,True,-0.04876732526746482,2,2024
2024-02-15,2408,True,-0.047512348509362354,2,2024
2024-02-15,1476,True,-0.04062929190479268,2,2024
2024-02-16,2382,True,-0.07715377263709841,2,2024
2024-02-16,3231,True,-0.044094317374110716,2,2024
2024-02-16,3661,True,-0.06491629915974159,2,2024
2024-02-16,2723,True,-0.04570497701244456,2,2024
2024-02-19,2376,True,-0.044985122847927723,2,2024
2024-02-19,1476,True,-0.04032255631809462,2,2024
2024-02-19,2368,True,-0.04329101642941186,2,2024
2024-02-21,2345,True,-0.04008263756234155,2,2024
2024-02-26,2449,True,-0.059056265499352806,2,2024
2024-02-26,1519,True,-0.042434806789286544,2,2024
2024-02-27,3037,True,-0.07963835213023295,2,2024
2024-03-05,1590,True,-0.04188579364353662,3,2024
2024-03-07,3661,True,-0.041776751034826524,3,2024
2024-03-07,2368,True,-0.0790828132420666,3,2024
2024-03-08,2360,True,-0.049476250284787415,3,2024
2024-03-08,2449,True,-0.040546199836778984,3,2024
2024-03-08,1503,True,-0.0637584346188621,3,2024
2024-03-08,1513,True,-0.04889145496315006,3,2024
2024-03-08,1519,True,-0.06542462399169802,3,2024
2024-03-11,3711,True,-0.041304867407808976,3,2024
2024-03-12,2345,True,-0.041559624000554095,3,2024
2024-03-12,3661,True,-0.05399139589464782,3,2024
2024-03-13,3231,True,-0.04600323898915647,3,2024
2024-03-13,2376,True,-0.07307998518059076,3,2024
2024-03-13,3443,True,-0.07660842223892693,3,2024
2024-03-13,3661,True,-0.04583815203387219,3,2024
2024-03-13,2368,True,-0.05269375024520527,3,2024
2024-03-14,2454,True,-0.05297168867419149,3,2024
2024-03-14,2354,True,-0.08775897548939753,3,2024
2024-03-14,6414,True,-0.04796872956495218,3,2024
2024-03-15,2603,True,-0.08767207986439819,3,2024
2024-03-15,2377,True,-0.08373870551263586,3,2024
2024-03-15,1210,True,-0.05618605288666946,3,2024
2024-03-18,2357,True,-0.054148151117612814,3,2024
2024-03-19,3661,True,-0.09904033164904329,3,2024
2024-03-19,1519,True,-0.049805219540185845,3,2024
2024-03-21,3008,True,-0.04662797472140329,3,2024
2024-03-21,2385,True,-0.05804147222646466,3,2024
2024-03-22,2385,True,-0.06065795248052252,3,2024
2024-03-25,2385,True,-0.04258901930405164,3,2024
2024-03-26,2313,True,-0.043947791205644904,3,2024
2024-03-27,3661,True,-0.06306090029507888,3,2024
2024-03-27,1503,True,-0.08273717275016873,3,2024
2024-03-27,1513,True,-0.06499820216193347,3,2024
2024-03-27,1519,True,-0.10515944432377283,3,2024
2024-03-28,2883,True,-0.047448475966005,3,2024
2024-03-28,1503,True,-0.05179197902738965,3,2024
2024-03-28,1519,True,-0.05567653849928024,3,2024
2024-03-29,2317,True,-0.040872463451129444,3,2024
2024-03-29,2324,True,-0.060332975737781465,3,2024
2024-04-01,2891,True,-0.04399814785097156,4,2024
2024-04-01,3711,True,-0.06996106870305907,4,2024
2024-04-01,4938,True,-0.04575573439542291,4,2024
2024-04-01,6414,True,-0.04697142066993276,4,2024
2024-04-01,9921,True,-0.04071854710671441,4,2024
2024-04-02,2368,True,-0.04624225370937299,4,2024
2024-04-08,3008,True,-0.04995893211274715,4,2024
2024-04-08,3443,True,-0.06715406644067257,4,2024
2024-04-08,3661,True,-0.07520615438440392,4,2024
2024-04-08,1519,True,-0.05480183312857522,4,2024
2024-04-09,3231,True,-0.053695352313971614,4,2024
2024-04-09,3661,True,-0.049510648129267434,4,2024
2024-04-10,2376,True,-0.044824002099286636,4,2024
2024-04-10,1503,True,-0.082776474858856,4,2024
2024-04-11,2015,True,-0.043855782069188734,4,2024
2024-04-12,2382,True,-0.0459007780389268,4,2024
2024-04-12,3443,True,-0.05127929712239001,4,2024
2024-04-12,2353,True,-0.04746871628628204,4,2024
2024-04-15,2454,True,-0.04793112791893493,4,2024
2024-04-15,2345,True,-0.04343365542413867,4,2024
2024-04-15,3037,True,-0.04788744453609382,4,2024
2024-04-15,3443,True,-0.06430630517600842,4,2024
2024-04-15,2368,True,-0.06268316809470396,4,2024
2024-04-15,1503,True,-0.06345939342182748,4,2024
2024-04-15,1519,True,-0.06260486569082012,4,2024
2024-04-19,2330,True,-0.047035686657204145,4,2024
2024-04-22,2382,True,-0.048134023393154535,4,2024
2024-04-22,2345,True,-0.04166210794368297,4,2024
2024-04-22,2379,True,-0.08747149751323735,4,2024
2024-04-22,3231,True,-0.05703671490454165,4,2024
2024-04-22,3443,True,-0.04380501906415013,4,2024
2024-04-22,2458,True,-0.05535368545152619,4,2024
2024-04-22,2356,True,-0.042024409736371116,4,2024
2024-04-22,2368,True,-0.07194354720267826,4,2024
2024-04-22,1503,True,-0.04173634981990837,4,2024
2024-04-22,1513,True,-0.0638061150146132,4,2024
2024-04-22,1519,True,-0.09996852768667519,4,2024
2024-04-23,2449,True,-0.04705326378877052,4,2024
2024-04-25,3661,True,-0.041137689421341835,4,2024
2024-04-25,2368,True,-0.04074424960266627,4,2024
2024-04-26,1503,True,-0.04569355281696619,4,2024
2024-05-02,2360,True,-0.05280865419427265,5,2024
2024-05-02,2603,True,-0.042492180012684885,5,2024
2024-05-02,2401,True,-0.07918081312210494,5,2024
2024-05-02,1519,True,-0.05340451066596057,5,2024
2024-05-03,2345,True,-0.05903263521358475,5,2024
2024-05-03,2458,True,-0.053888953535655856,5,2024
2024-05-03,9914,True,-0.0630045989063827,5,2024
2024-05-06,2449,True,-0.07647308538570718,5,2024
2024-05-06,3661,True,-0.10552352620085392,5,2024
2024-05-06,9933,True,-0.10621225378033783,5,2024
2024-05-07,2548,True,-0.05964827357680052,5,2024
2024-05-08,3034,True,-0.054996506175082276,5,2024
2024-05-08,2548,True,-0.04969172222446499,5,2024
2024-05-09,3661,True,-0.04526353246132144,5,2024
2024-05-09,1519,True,-0.05260164674889425,5,2024
2024-05-10,2313,True,-0.09083174176496168,5,2024
2024-05-10,2385,True,-0.045196228676477566,5,2024
2024-05-10,1503,True,-0.04330571137740782,5,2024
2024-05-10,1519,True,-0.05519388043179043,5,2024
2024-05-13,2903,True,-0.04187405153615065,5,2024
2024-05-13,1503,True,-0.08695134171148,5,2024
2024-05-13,1513,True,-0.06304768953067419,5,2024
2024-05-13,1519,True,-0.06420930142558001,5,2024
2024-05-14,2548,True,-0.04213172601833541,5,2024
2024-05-14,5522,True,-0.04694385319378584,5,2024
2024-05-15,2603,True,-0.05682170627376605,5,2024
2024-05-16,2382,True,-0.046304794827282884,5,2024
2024-05-16,2903,True,-0.08047567375941234,5,2024
2024-05-16,9921,True,-0.044428622219402907,5,2024
2024-05-17,2609,True,-0.04146906564474695,5,2024
2024-05-17,2606,True,-0.05053682788855285,5,2024
2024-05-17,2637,True,-0.05563370801991574,5,2024
2024-05-21,1590,True,-0.051826843030834686,5,2024
2024-05-22,1519,True,-0.06150026300068805,5,2024
2024-05-22,6446,True,-0.061356905243440556,5,2024
2024-05-23,2324,True,-0.04876081892364985,5,2024
2024-05-28,2353,True,-0.04128303280905286,5,2024
2024-05-29,2353,True,-0.041699927864954384,5,2024
2024-05-29,1590,True,-0.04451883167905393,5,2024
2024-05-31,2454,True,-0.042839472971917064,5,2024
2024-05-31,2345,True,-0.04020381405718845,5,2024
2024-05-31,2379,True,-0.04757223510982003,5,2024
2024-05-31,2609,True,-0.08704928021299932,5,2024
2024-05-31,2615,True,-0.0893466712000455,5,2024
2024-06-03,2451,True,-0.04766025804713714,6,2024
2024-06-04,2354,True,-0.05028754677108479,6,2024
2024-06-05,5522,True,-0.05616673454056014,6,2024
2024-06-11,3008,True,-0.054153046510806824,6,2024
2024-06-11,2603,True,-0.08476479661263586,6,2024
2024-06-11,2609,True,-0.08964245400907905,6,2024
2024-06-11,2615,True,-0.07388818252501256,6,2024
2024-06-11,3661,True,-0.07463220895397044,6,2024
2024-06-11,2637,True,-0.05054604474854457,6,2024
2024-06-12,2609,True,-0.04846372572927834,6,2024
2024-06-12,2615,True,-0.05655049457336222,6,2024
2024-06-12,2351,True,-0.06792996991089781,6,2024
2024-06-12,2385,True,-0.04281970912685525,6,2024
2024-06-12,2606,True,-0.05512318930269219,6,2024
2024-06-12,2637,True,-0.04047048027165253,6,2024
2024-06-14,2351,True,-0.10938559621424646,6,2024
2024-06-14,2231,True,-0.04329991168010658,6,2024
2024-06-17,2615,True,-0.041477698162316626,6,2024
2024-06-18,2385,True,-0.10450084851095993,6,2024
2024-06-18,2723,True,-0.04364013057146661,6,2024
2024-06-19,3443,True,-0.04225099020084506,6,2024
2024-06-19,2231,True,-0.042930592750526415,6,2024
2024-06-20,2353,True,-0.0406558046659042,6,2024
2024-06-20,1707,True,-0.04361058612535858,6,2024
2024-06-21,2548,True,-0.18920697175464418,6,2024
2024-06-24,2454,True,-0.04609241686155411,6,2024
2024-06-24,2382,True,-0.04091444372819767,6,2024
2024-06-24,2379,True,-0.044186855979483165,6,2024
2024-06-24,3443,True,-0.041480896294995885,6,2024
2024-06-24,1519,True,-0.04203155352059044,6,2024
2024-06-25,2548,True,-0.0414539119641027,6,2024
2024-06-26,1215,True,-0.0772651394725778,6,2024
2024-06-27,9904,True,-0.04067189989173191,6,2024
2024-06-27,4938,True,-0.09921688994015297,6,2024
2024-06-28,2451,True,-0.0606104303640684,6,2024
2024-06-28,1590,True,-0.05323338118374062,6,2024
2024-06-28,2637,True,-0.0454869023105012,6,2024
2024-07-01,9910,True,-0.06080281232578239,7,2024
2024-07-01,2351,True,-0.06761284816807628,7,2024
2024-07-01,2313,True,-0.06216605239869994,7,2024
2024-07-02,2317,True,-0.04936900909330558,7,2024
2024-07-02,2303,True,-0.06994197661267024,7,2024
2024-07-04,2412,True,-0.06532992417343353,7,2024
2024-07-04,2606,True,-0.04075171811425482,7,2024
2024-07-04,6446,True,-0.05107552309263563,7,2024
2024-07-05,1519,True,-0.07806828414432442,7,2024
2024-07-08,3045,True,-0.11694755769800934,7,2024
2024-07-08,2603,True,-0.046763899527094796,7,2024
2024-07-08,2609,True,-0.06695828884695763,7,2024
2024-07-08,2618,True,-0.05277708269454727,7,2024
2024-07-08,2615,True,-0.06866860577612076,7,2024
2024-07-08,2451,True,-0.07588205488456244,7,2024
2024-07-09,4904,True,-0.040235586680125626,7,2024
2024-07-09,2451,True,-0.059385107942094076,7,2024
2024-07-10,3034,True,-0.05987902311906902,7,2024
2024-07-10,4904,True,-0.08451248788192169,7,2024
2024-07-12,2360,True,-0.05687041574435437,7,2024
2024-07-12,3711,True,-0.08038615661251025,7,2024
2024-07-15,2345,True,-0.04796162898970083,7,2024
2024-07-15,2891,True,-0.0606063737422953,7,2024
2024-07-16,2903,True,-0.05326250224387098,7,2024
2024-07-17,3231,True,-0.0405732739836889,7,2024
2024-07-17,2360,True,-0.05020105921001847,7,2024
2024-07-18,2382,True,-0.043948208130983,7,2024
2024-07-18,2360,True,-0.06616352582556118,7,2024
2024-07-18,1102,True,-0.048422658371637846,7,2024
2024-07-18,2351,True,-0.05203338452414819,7,2024
2024-07-18,3037,True,-0.041716692030077114,7,2024
2024-07-18,2449,True,-0.05965946078491081,7,2024
2024-07-18,1402,True,-0.11095526060617977,7,2024
2024-07-19,3037,True,-0.04425424690839286,7,2024
2024-07-22,2308,True,-0.044732676992323556,7,2024
2024-07-22,2449,True,-0.04358440883238393,7,2024
2024-07-22,2312,True,-0.04160721628172351,7,2024
2024-07-22,1519,True,-0.07695665386239839,7,2024
2024-07-23,2409,True,-0.04382877511333093,7,2024
2024-07-23,2812,True,-0.08570857050975043,7,2024
2024-07-26,2382,True,-0.05665757052627943,7,2024
2024-07-26,2360,True,-0.060759392217677705,7,2024
2024-07-26,2884,True,-0.0765432279958295,7,2024
2024-07-26,1229,True,-0.07606791571566132,7,2024
2024-07-26,3443,True,-0.04901706288577182,7,2024
2024-07-26,3711,True,-0.08113422108988647,7,2024
2024-07-26,1590,True,-0.08258349645220533,7,2024
2024-07-26,1503,True,-0.04604833350194806,7,2024
2024-07-26,1519,True,-0.15811541134582233,7,2024
2024-07-29,2376,True,-0.04443910508412739,7,2024
2024-07-29,3037,True,-0.04144457252100074,7,2024
2024-07-29,3443,True,-0.08646682873215038,7,2024
2024-07-29,3661,True,-0.05972052183881536,7,2024
2024-07-29,1503,True,-0.07333763582767659,7,2024
2024-07-29,1513,True,-0.07614737510800405,7,2024
2024-07-29,1519,True,-0.07166919673988269,7,2024
2024-07-29,6414,True,-0.04533855157859233,7,2024
2024-07-30,3443,True,-0.09737699943557099,7,2024
2024-08-01,2454,True,-0.048236731221858696,8,2024
2024-08-01,1216,True,-0.06312565050515842,8,2024
2024-08-01,1210,True,-0.055449845975956945,8,2024
2024-08-02,2317,True,-0.048954923751163726,8,2024
2024-08-02,2454,True,-0.046213764512829325,8,2024
2024-08-02,2308,True,-0.0501312573174344,8,2024
2024-08-02,2382,True,-0.04952735315865653,8,2024
2024-08-02,2360,True,-0.04579397126100582,8,2024
2024-08-02,2351,True,-0.04686565499522821,8,2024
2024-08-02,3037,True,-0.06283875293553931,8,2024
2024-08-02,3443,True,-0.040118016668642564,8,2024
2024-08-02,2449,True,-0.05401337453232835,8,2024
2024-08-02,3661,True,-0.06839817652774982,8,2024
2024-08-02,2368,True,-0.05985485877390573,8,2024
2024-08-05,2409,True,-0.0649491461727561,8,2024
2024-08-05,2376,True,-0.04692097715867166,8,2024
2024-08-05,1231,True,-0.08862310481824615,8,2024
2024-08-06,2409,True,-0.04295420909237926,8,2024
2024-08-06,2337,True,-0.043370133037714885,8,2024
2024-08-06,3037,True,-0.06720716557039953,8,2024
2024-08-06,3661,True,-0.06638891947692883,8,2024
2024-08-06,2887,True,-0.0734958583762061,8,2024
2024-08-06,1513,True,-0.04725417469265438,8,2024
2024-08-06,2542,True,-0.08547364995874997,8,2024
2024-08-06,5522,True,-0.0601273466076774,8,2024
2024-08-07,3034,True,-0.04237228778362151,8,2024
2024-08-07,2886,True,-0.04034514101963255,8,2024
2024-08-07,3045,True,-0.05698871416475376,8,2024
2024-08-07,1216,True,-0.04196884251325611,8,2024
2024-08-08,2886,True,-0.06951984916438282,8,2024
2024-08-08,2892,True,-0.05197408385337056,8,2024
2024-08-08,2615,True,-0.05062037481673222,8,2024
2024-08-08,1503,True,-0.05300111965754363,8,2024
2024-08-09,2615,True,-0.040150851607865246,8,2024
2024-08-09,9914,True,-0.05635743926655912,8,2024
2024-08-09,9921,True,-0.04886414022280361,8,2024
2024-08-13,2880,True,-0.08493707494860925,8,2024
2024-08-13,1513,True,-0.05811144156559877,8,2024
2024-08-13,9914,True,-0.06952184186488797,8,2024
2024-08-14,2401,True,-0.05552584360071992,8,2024
2024-08-14,6414,True,-0.05434553246645161,8,2024
2024-08-14,6446,True,-0.1054604042847789,8,2024
2024-08-15,2801,True,-0.04973642017530216,8,2024
2024-08-19,9904,True,-0.04261228285594883,8,2024
2024-08-20,2542,True,-0.0445199219899413,8,2024
2024-08-20,2548,True,-0.04818401388932729,8,2024
2024-08-21,2351,True,-0.062264514239583,8,2024
2024-08-22,2890,True,-0.08027370614648956,8,2024
2024-08-26,3661,True,-0.0604629245141382,8,2024
2024-08-26,1519,True,-0.046369972625312,8,2024
2024-08-27,2845,True,-0.08429322856152055,8,2024
2024-09-04,2382,True,-0.04479272165658887,9,2024
2024-09-04,3443,True,-0.04148046217335632,9,2024
2024-09-05,2379,True,-0.04243458814973952,9,2024
2024-09-06,3008,True,-0.0704553174002706,9,2024
2024-09-06,1519,True,-0.04513848863516593,9,2024
2024-09-09,2881,True,-0.06171185242244473,9,2024
2024-09-09,1590,True,-0.040461189995311814,9,2024
2024-09-11,9914,True,-0.05706271954330853,9,2024
2024-09-11,9921,True,-0.052489032360925704,9,2024
2024-09-12,9921,True,-0.04541606131063515,9,2024
2024-09-16,2379,True,-0.08126815821808263,9,2024
2024-09-18,2345,True,-0.04669524013245449,9,2024
2024-09-18,3034,True,-0.05505819296909151,9,2024
2024-09-18,3661,True,-0.052301300738515105,9,2024
2024-09-20,2915,True,-0.041410734054910324,9,2024
2024-09-20,2542,True,-0.09317085901812314,9,2024
2024-09-20,2548,True,-0.04077500897266614,9,2024
2024-09-20,5522,True,-0.10091993650889816,9,2024
2024-09-23,6446,True,-0.05538624206178973,9,2024
2024-09-24,3661,True,-0.05338480956384894,9,2024
2024-09-24,6446,True,-0.07512082104161077,9,2024
2024-09-25,2360,True,-0.041462134716114304,9,2024
2024-09-25,2351,True,-0.05873762039212009,9,2024
2024-09-26,3661,True,-0.07157642448391041,9,2024
2024-09-26,2542,True,-0.09491785736808686,9,2024
2024-09-27,2351,True,-0.05935056406647403,9,2024
2024-09-30,2454,True,-0.055625704442329935,9,2024
2024-09-30,2603,True,-0.040052179434842725,9,2024
2024-09-30,2609,True,-0.04166332936884386,9,2024
2024-09-30,2615,True,-0.07653748000526826,9,2024
2024-10-01,9921,True,-0.043650269939864886,10,2024
2024-10-04,2345,True,-0.04761068927594233,10,2024
2024-10-04,2603,True,-0.07700653466312765,10,2024
2024-10-04,2609,True,-0.07732212882983777,10,2024
2024-10-04,2610,True,-0.04590271757947314,10,2024
2024-10-04,2618,True,-0.04209754254142136,10,2024
2024-10-04,2615,True,-0.08634037408264025,10,2024
2024-10-04,2637,True,-0.05869388572004327,10,2024
2024-10-07,2615,True,-0.04813973659949783,10,2024
2024-10-08,1590,True,-0.05032912739005206,10,2024
2024-10-08,1802,True,-0.041347753018813146,10,2024
2024-10-08,1519,True,-0.047790750444841754,10,2024
2024-10-09,2231,True,-0.04204020660165898,10,2024
2024-10-11,1590,True,-0.04934671577494249,10,2024
2024-10-11,9914,True,-0.052544721086883524,10,2024
2024-10-11,9921,True,-0.07308387384683208,10,2024
2024-10-14,2312,True,-0.05335925760605904,10,2024
2024-10-15,2351,True,-0.04119616775665258,10,2024
2024-10-15,1503,True,-0.04249804594397377,10,2024
2024-10-15,9914,True,-0.04010142535142791,10,2024
2024-10-18,3008,True,-0.08587473811026722,10,2024
2024-10-18,2449,True,-0.05147533991714845,10,2024
2024-10-22,1519,True,-0.04808803775654921,10,2024
2024-10-25,2351,True,-0.050786703430602126,10,2024
2024-10-25,3661,True,-0.05583720848110721,10,2024
2024-10-30,2337,True,-0.05282182725306352,10,2024
2024-11-01,2337,True,-0.05600936312032773,11,2024
2024-11-01,2912,True,-0.06865630841281463,11,2024
2024-11-01,1476,True,-0.05213166503172401,11,2024
2024-11-01,3443,True,-0.04878394170726325,11,2024
2024-11-04,2615,True,-0.048319196272619866,11,2024
2024-11-04,2015,True,-0.05331394455177667,11,2024
2024-11-05,9914,True,-0.04545360086073103,11,2024
2024-11-06,2385,True,-0.0699706020896721,11,2024
2024-11-06,6446,True,-0.060939961756204634,11,2024
2024-11-11,2449,True,-0.043696606828866794,11,2024
2024-11-11,9914,True,-0.06034494504978573,11,2024
2024-11-11,9921,True,-0.06547458653506101,11,2024
2024-11-12,2356,True,-0.04663844035592025,11,2024
2024-11-13,3443,True,-0.040468649787753525,11,2024
2024-11-13,2377,True,-0.05003176412354968,11,2024
2024-11-13,2027,True,-0.04065382854312091,11,2024
2024-11-13,1519,True,-0.049783269586287954,11,2024
2024-11-15,2382,True,-0.061852320218502774,11,2024
2024-11-15,6446,True,-0.05604766934103171,11,2024
2024-11-18,2360,True,-0.055074232382130134,11,2024
2024-11-18,2312,True,-0.043801775215018685,11,2024
2024-11-18,2354,True,-0.08057793794366894,11,2024
2024-11-18,1519,True,-0.08062770701517727,11,2024
2024-11-18,2548,True,-0.047075208788766004,11,2024
2024-11-19,9921,True,-0.054480663006114996,11,2024
2024-11-19,6446,True,-0.04203207632544649,11,2024
2024-11-20,2354,True,-0.09357205736446063,11,2024
2024-11-21,2354,True,-0.043799666872442806,11,2024
2024-11-25,2603,True,-0.042722854337534456,11,2024
2024-11-25,2618,True,-0.04135466973471639,11,2024
2024-11-25,1402,True,-0.048091564959594914,11,2024
2024-11-26,2360,True,-0.04233576786590764,11,2024
2024-11-27,3231,True,-0.04573081678885471,11,2024
2024-11-27,2603,True,-0.050768943150510504,11,2024
2024-11-27,2609,True,-0.04228593489909094,11,2024
2024-11-27,2615,True,-0.04120183128160837,11,2024
2024-11-27,5522,True,-0.06519802990360868,11,2024
2024-11-28,2312,True,-0.09211270773748596,11,2024
2024-11-28,2231,True,-0.07743380865491704,11,2024
2024-12-02,2337,True,-0.043270905371697456,12,2024
2024-12-03,2385,True,-0.04999114167834691,12,2024
2024-12-03,3661,True,-0.041833883189962576,12,2024
2024-12-11,2408,True,-0.049408258508873704,12,2024
2024-12-11,6770,True,-0.0505669318742174,12,2024
2024-12-11,2201,True,-0.049840124619162374,12,2024
2024-12-11,1519,True,-0.04163807555488458,12,2024
2024-12-12,1231,True,-0.042311279559499024,12,2024
2024-12-13,2408,True,-0.042170974336284216,12,2024
2024-12-16,2449,True,-0.05464310239553241,12,2024
2024-12-16,6414,True,-0.050048610174603964,12,2024
2024-12-18,3443,True,-0.042941764074741234,12,2024
2024-12-18,5522,True,-0.053227267510929516,12,2024
2024-12-20,1303,True,-0.04466627595999246,12,2024
2024-12-20,9910,True,-0.04893349356104832,12,2024
2024-12-27,2548,True,-0.06561213141104176,12,2024
2024-12-30,2449,True,-0.041708777006365536,12,2024
2024-12-31,5522,True,-0.064771772744737,12,2024
2025-01-02,2454,True,-0.041593717382091513,1,2025
2025-01-02,3443,True,-0.050804380445903644,1,2025
2025-01-02,2324,True,-0.05276223530099301,1,2025
2025-01-02,3661,True,-0.05053537040286206,1,2025
2025-01-03,2360,True,-0.09656195167527853,1,2025
2025-01-03,2353,True,-0.044817941969485464,1,2025
2025-01-06,1231,True,-0.05598285320793881,1,2025
2025-01-07,1301,True,-0.043888209300147384,1,2025
2025-01-07,1326,True,-0.0415549374334069,1,2025
2025-01-07,1402,True,-0.04527826193738018,1,2025
2025-01-07,2231,True,-0.08106245403618642,1,2025
2025-01-09,2408,True,-0.04241884158826899,1,2025
2025-01-09,2603,True,-0.0547238662062723,1,2025
2025-01-09,2609,True,-0.044921048036731984,1,2025
2025-01-10,2882,True,-0.04396706170359376,1,2025
2025-01-10,3661,True,-0.047114938716770964,1,2025
2025-01-13,2360,True,-0.06747370437071129,1,2025
2025-01-13,2201,True,-0.057069617642387015,1,2025
2025-01-13,3443,True,-0.05344596345630311,1,2025
2025-01-13,2449,True,-0.04140335113578438,1,2025
2025-01-13,2368,True,-0.08213734384791346,1,2025
2025-01-22,2303,True,-0.07119616068897767,1,2025
2025-02-03,2330,True,-0.04512159312773312,2,2025
2025-02-03,2317,True,-0.06840842621632837,2,2025
2025-02-03,2308,True,-0.07585287066077273,2,2025
2025-02-03,2382,True,-0.08618311184815686,2,2025
2025-02-03,2345,True,-0.052073054147011244,2,2025
2025-02-03,2408,True,-0.05928144208934427,2,2025
2025-02-03,3231,True,-0.0787619615698637,2,2025
2025-02-03,2376,True,-0.056886401232764894,2,2025
2025-02-03,2360,True,-0.0866670999097846,2,2025
2025-02-03,3037,True,-0.0777809282147296,2,2025
2025-02-03,2449,True,-0.0847691702202441,2,2025
2025-02-03,2356,True,-0.05478999033622911,2,2025
2025-02-03,3711,True,-0.07824835088676152,2,2025
2025-02-03,3661,True,-0.04536085788122002,2,2025
2025-02-03,1519,True,-0.04066977206922351,2,2025
2025-02-04,2360,True,-0.0914045637889832,2,2025
2025-02-04,6770,True,-0.09102317553574135,2,2025
2025-02-04,2354,True,-0.0435766606979221,2,2025
2025-02-06,2379,True,-0.056086460118922564,2,2025
2025-02-07,2231,True,-0.05090630346583962,2,2025
2025-02-11,1802,True,-0.050862230927635574,2,2025
2025-02-11,2723,True,-0.0503677254331301,2,2025
2025-02-12,2345,True,-0.054813143256309683,2,2025
2025-02-17,1476,True,-0.04017886372683995,2,2025
2025-02-17,2634,True,-0.04354086357962813,2,2025
2025-02-18,6446,True,-0.1017130673150959,2,2025
2025-02-19,2345,True,-0.06243473630942933,2,2025
2025-02-19,3661,True,-0.04284070896474237,2,2025
2025-02-20,6446,True,-0.07285694151041461,2,2025
2025-02-24,2368,True,-0.049275193761222344,2,2025
2025-02-24,1231,True,-0.05370981006531027,2,2025
2025-02-26,1231,True,-0.09816489291316502,2,2025
2025-02-27,2408,True,-0.057068724625753284,2,2025
2025-02-27,3037,True,-0.050404560028105214,2,2025
2025-02-27,2377,True,-0.04435204375050471,2,2025
2025-02-27,1231,True,-0.05995053454587572,2,2025
2025-03-03,1476,True,-0.041866352292050275,3,2025
2025-03-03,3661,True,-0.05441714614232885,3,2025
2025-03-03,1231,True,-0.06495829060944247,3,2025
2025-03-06,6446,True,-0.04368606107103449,3,2025
2025-03-07,2345,True,-0.04379252231023478,3,2025
2025-03-07,2231,True,-0.04753782915973914,3,2025
2025-03-10,2454,True,-0.0489223278245281,3,2025
2025-03-11,2368,True,-0.040244449205549954,3,2025
2025-03-11,1519,True,-0.06285170993162251,3,2025
2025-03-11,1231,True,-0.04143898845469665,3,2025
2025-03-12,2357,True,-0.08527282427718674,3,2025
2025-03-12,2615,True,-0.0575464906833616,3,2025
2025-03-12,2606,True,-0.04606445054207332,3,2025
2025-03-12,2637,True,-0.053245533183224454,3,2025
2025-03-13,3008,True,-0.052204769416746684,3,2025
2025-03-13,2377,True,-0.053081304673529346,3,2025
2025-03-13,2354,True,-0.0476017060522177,3,2025
2025-03-13,2723,True,-0.050081607395273016,3,2025
2025-03-13,2915,True,-0.055911194161465734,3,2025
2025-03-13,9945,True,-0.08371661713292912,3,2025
2025-03-14,2603,True,-0.052176345484567795,3,2025
2025-03-21,1303,True,-0.04108258672350362,3,2025
2025-03-24,2408,True,-0.044566252014850816,3,2025
2025-03-24,2344,True,-0.045253277354901644,3,2025
2025-03-24,9921,True,-0.040166556609147974,3,2025
2025-03-26,2351,True,-0.0825181815047365,3,2025
2025-03-27,2360,True,-0.04828352838983915,3,2025
2025-03-27,2324,True,-0.05172012609298479,3,2025
2025-03-27,2015,True,-0.04142712761505493,3,2025
2025-03-28,2458,True,-0.06327763147287295,3,2025
2025-03-31,2337,True,-0.055538496577881846,3,2025
2025-03-31,1476,True,-0.05329385807984749,3,2025
2025-03-31,2351,True,-0.044306978783054396,3,2025
2025-03-31,2401,True,-0.041142987544876275,3,2025
2025-03-31,3443,True,-0.05235568376706018,3,2025
2025-03-31,2313,True,-0.04112138960593664,3,2025
2025-03-31,1503,True,-0.05990813131950773,3,2025
2025-03-31,1513,True,-0.06110295024628537,3,2025
2025-03-31,1519,True,-0.06064498965155646,3,2025
2025-04-01,3661,True,-0.04804802280085772,4,2025
2025-04-01,1519,True,-0.06405729506606726,4,2025
2025-04-02,1476,True,-0.045346494136500895,4,2025
2025-04-08,2317,True,-0.05861703479233995,4,2025
2025-04-08,2308,True,-0.04522819468869834,4,2025
2025-04-08,2382,True,-0.04923934869985238,4,2025
2025-04-08,3008,True,-0.060917353234999715,4,2025
2025-04-08,2357,True,-0.060408816486967186,4,2025
2025-04-08,2345,True,-0.06095578668747683,4,2025
2025-04-08,2408,True,-0.054387353847857554,4,2025
2025-04-08,3231,True,-0.06015401159471325,4,2025
2025-04-08,2376,True,-0.05777332408776028,4,2025
2025-04-08,2360,True,-0.059815837359832445,4,2025
2025-04-08,2609,True,-0.06013980644392571,4,2025
2025-04-08,2615,True,-0.060745704230112295,4,2025
2025-04-08,2201,True,-0.06075601228637364,4,2025
2025-04-08,9910,True,-0.060683281111526675,4,2025
2025-04-08,1476,True,-0.06101768835429824,4,2025
2025-04-08,9904,True,-0.06035670902981107,4,2025
2025-04-08,2344,True,-0.05906695926930285,4,2025
2025-04-08,2351,True,-0.06101270455993615,4,2025
2025-04-08,2401,True,-0.05918332629088876,4,2025
2025-04-08,3037,True,-0.06022245161843911,4,2025
2025-04-08,3443,True,-0.06024320970371335,4,2025
2025-04-08,2449,True,-0.060058465248763925,4,2025
2025-04-08,2458,True,-0.05752965277328894,4,2025
2025-04-08,2377,True,-0.05982832113093008,4,2025
2025-04-08,2313,True,-0.06114411060461435,4,2025
2025-04-08,2324,True,-0.0604591790977649,4,2025
2025-04-08,2312,True,-0.06064659816680331,4,2025
2025-04-08,2353,True,-0.06009463534224548,4,2025
2025-04-08,2354,True,-0.060102443937947635,4,2025
2025-04-08,3661,True,-0.05926519619960382,4,2025
2025-04-08,2368,True,-0.060859210319713995,4,2025
2025-04-08,1802,True,-0.06081188469099299,4,2025
2025-04-08,1503,True,-0.057918304153001386,4,2025
2025-04-08,1519,True,-0.06076580039023851,4,2025
2025-04-08,2606,True,-0.0604591790977649,4,2025
2025-04-08,2637,True,-0.06114411060461424,4,2025
2025-04-08,9914,True,-0.057918304153001386,4,2025
2025-04-08,9921,True,-0.05766920712971082,4,2025
2025-04-10,2886,True,-0.057267049760216876,4,2025
2025-04-10,2412,True,-0.08189499229860706,4,2025
2025-04-10,3045,True,-0.05504889153946277,4,2025
2025-04-10,1102,True,-0.04710632702495329,4,2025
2025-04-10,1216,True,-0.044498166901781516,4,2025
2025-04-10,2912,True,-0.06962948003309485,4,2025
2025-04-10,1402,True,-0.04370299941139186,4,2025
2025-04-10,1215,True,-0.0421114578172995,4,2025
2025-04-10,5903,True,-0.07936029604663339,4,2025
2025-04-11,4904,True,-0.04424407246317806,4,2025
2025-04-11,1101,True,-0.04469525216539948,4,2025
2025-04-11,2002,True,-0.041836108741429276,4,2025
2025-04-11,2351,True,-0.0409539758145827,4,2025
2025-04-11,2377,True,-0.08303563556923353,4,2025
2025-04-11,2812,True,-0.04081782877578087,4,2025
2025-04-11,2027,True,-0.07738746069424994,4,2025
2025-04-11,1227,True,-0.05069574632374184,4,2025
2025-04-11,1231,True,-0.04652223672737986,4,2025
2025-04-11,2606,True,-0.041499613272594424,4,2025
2025-04-11,1707,True,-0.04604030238060751,4,2025
2025-04-11,1789,True,-0.04762741263454516,4,2025
2025-04-14,2330,True,-0.04336877807811872,4,2025
2025-04-14,4904,True,-0.04089835109553845,4,2025
2025-04-14,1201,True,-0.04046853819846523,4,2025
2025-04-16,2360,True,-0.04076637052281679,4,2025
2025-04-16,3661,True,-0.06330383060633432,4,2025
2025-04-17,2615,True,-0.043345580231519666,4,2025
2025-04-17,9933,True,-0.09532637254844642,4,2025
2025-04-18,9933,True,-0.10151993726122896,4,2025
2025-04-21,9910,True,-0.04179505921921974,4,2025
2025-04-21,2027,True,-0.08096264902773372,4,2025
2025-04-21,9933,True,-0.08514057535400317,4,2025
2025-04-22,3661,True,-0.040444201048429954,4,2025
2025-04-22,9933,True,-0.08660594666206235,4,2025
2025-04-23,2408,True,-0.048415669085077266,4,2025
2025-04-23,9914,True,-0.044920150962274245,4,2025
2025-04-23,9921,True,-0.04504222313744793,4,2025
2025-04-24,1301,True,-0.0426596355171781,4,2025
2025-04-29,1210,True,-0.04667655400574227,4,2025
2025-04-30,2337,True,-0.05013216280860638,4,2025
2025-05-02,2454,True,-0.05561428640628735,5,2025
2025-05-02,3008,True,-0.04070114317456003,5,2025
2025-05-02,2379,True,-0.05483679135398306,5,2025
2025-05-02,2353,True,-0.042932550228849176,5,2025
2025-05-05,2881,True,-0.053207993246592644,5,2025
2025-05-05,2882,True,-0.06252756434590112,5,2025
2025-05-05,1476,True,-0.049803183046650545,5,2025
2025-05-05,2377,True,-0.0461086017658624,5,2025
2025-05-05,2027,True,-0.06622687403181526,5,2025
2025-05-05,2915,True,-0.07256628201664606,5,2025
2025-05-05,2637,True,-0.04089609174180464,5,2025
2025-05-05,9945,True,-0.050615466874341486,5,2025
2025-05-06,3443,True,-0.04485619464224182,5,2025
2025-05-06,5522,True,-0.05813690110969787,5,2025
2025-05-07,6446,True,-0.05077772492779384,5,2025
2025-05-08,1326,True,-0.04679832164383359,5,2025
2025-05-12,6446,True,-0.04290030159208606,5,2025
2025-05-15,2324,True,-0.055165152440307966,5,2025
2025-05-15,1402,True,-0.04175050565640338,5,2025
2025-05-15,9933,True,-0.057612771286972966,5,2025
2025-05-16,9914,True,-0.07945718091928886,5,2025
2025-05-16,9921,True,-0.06828253720176067,5,2025
2025-05-20,1476,True,-0.05066905003205117,5,2025
2025-05-20,1503,True,-0.05182708759049318,5,2025
2025-05-21,2408,True,-0.0443501486205764,5,2025
2025-05-26,2615,True,-0.07215389614419285,5,2025
2025-05-27,1590,True,-0.04045093065163439,5,2025
2025-05-28,2615,True,-0.04733218792996697,5,2025
2025-05-29,1802,True,-0.04493618548292641,5,2025
2025-06-02,1101,True,-0.04179223061409325,6,2025
2025-06-02,3443,True,-0.04566000960232901,6,2025
2025-06-02,2377,True,-0.04873206742929985,6,2025
2025-06-02,2324,True,-0.04112972824801335,6,2025
2025-06-03,3231,True,-0.05118129954835356,6,2025
2025-06-03,2313,True,-0.04137174151745167,6,2025
2025-06-03,2027,True,-0.06171065025761442,6,2025
2025-06-03,1210,True,-0.05030356939934362,6,2025
2025-06-04,2231,True,-0.04270171566994613,6,2025
2025-06-04,4133,True,-0.043504523630813974,6,2025
2025-06-05,2603,True,-0.05248961902737553,6,2025
2025-06-05,2609,True,-0.05231487133518469,6,2025
2025-06-05,2615,True,-0.049039997124092065,6,2025
2025-06-06,3231,True,-0.045139330294475734,6,2025
2025-06-06,6446,True,-0.04135861195799188,6,2025
2025-06-11,2449,True,-0.04275331997039186,6,2025
2025-06-11,2883,True,-0.0538135793144042,6,2025
2025-06-11,9914,True,-0.055169806762456836,6,2025
2025-06-13,6770,True,-0.042476320587508415,6,2025
2025-06-13,3661,True,-0.04400168257639828,6,2025
2025-06-13,2637,True,-0.05749226415693534,6,2025
2025-06-16,4133,True,-0.04835587384406906,6,2025
2025-06-17,2345,True,-0.047571767944646445,6,2025
2025-06-17,1303,True,-0.050526812207303026,6,2025
2025-06-17,1326,True,-0.043287142785815455,6,2025
2025-06-17,4938,True,-0.06434738374967096,6,2025
2025-06-17,2385,True,-0.08425446304725336,6,2025
2025-06-18,2351,True,-0.054082119715516366,6,2025
2025-06-18,2606,True,-0.08691375791521196,6,2025
2025-06-19,2603,True,-0.12225960564614444,6,2025
2025-06-19,2353,True,-0.07097629843611317,6,2025
2025-06-20,2313,True,-0.044573353190353694,6,2025
2025-06-24,2303,True,-0.051565719068983586,6,2025
2025-06-24,2408,True,-0.045568925131356054,6,2025
2025-06-24,3045,True,-0.050794100038758096,6,2025
2025-06-24,4904,True,-0.07110414483342956,6,2025
2025-06-24,2615,True,-0.04420856527833831,6,2025
2025-06-24,2903,True,-0.07938068440486692,6,2025
2025-06-25,2357,True,-0.06491780158436311,6,2025
2025-06-26,2357,True,-0.089386272877025,6,2025
2025-06-27,6414,True,-0.08632240630872623,6,2025
2025-06-30,2882,True,-0.06465010877649692,6,2025
2025-06-30,2883,True,-0.06096822365131284,6,2025
2025-07-01,2881,True,-0.053252057082614684,7,2025
2025-07-03,2357,True,-0.045184104504631326,7,2025
2025-07-03,9904,True,-0.12456358397073712,7,2025
2025-07-03,3443,True,-0.05195033604997705,7,2025
2025-07-07,1476,True,-0.04247728160409024,7,2025
2025-07-07,2451,True,-0.06919401980151506,7,2025
2025-07-08,6770,True,-0.051325322769549424,7,2025
2025-07-08,2451,True,-0.08522627574564695,7,2025
2025-07-09,3034,True,-0.04703442503812892,7,2025
2025-07-09,3045,True,-0.05774006953118514,7,2025
2025-07-09,4904,True,-0.0800355055005497,7,2025
2025-07-09,2609,True,-0.10424013703821199,7,2025
2025-07-09,2618,True,-0.05376713617287175,7,2025
2025-07-09,9945,True,-0.05444442091648681,7,2025
2025-07-10,1476,True,-0.040890687238425434,7,2025
2025-07-10,2449,True,-0.04262495455285326,7,2025
2025-07-10,2356,True,-0.05244485163690122,7,2025
2025-07-11,2408,True,-0.0940680228517311,7,2025
2025-07-14,2345,True,-0.04297264260592408,7,2025
2025-07-14,2891,True,-0.042273040763782285,7,2025
2025-07-15,2408,True,-0.04051365936964607,7,2025
2025-07-15,2451,True,-0.052339462950047266,7,2025
2025-07-15,1402,True,-0.09986771459795979,7,2025
2025-07-16,1519,True,-0.04078057804952507,7,2025
2025-07-17,1102,True,-0.04015441994572823,7,2025
2025-07-17,2915,True,-0.04273900641189367,7,2025
2025-07-23,3008,True,-0.051160331646170815,7,2025
2025-07-23,2360,True,-0.058006569114464085,7,2025
2025-07-23,6770,True,-0.05420566413708858,7,2025
2025-07-23,1201,True,-0.042234510290934696,7,2025
2025-07-23,2548,True,-0.051061264676899615,7,2025
2025-07-24,1229,True,-0.07894112394976692,7,2025
2025-07-24,2887,True,-0.06397021434284177,7,2025
2025-07-24,1434,True,-0.044999611148863625,7,2025
2025-07-25,1519,True,-0.057520146541850024,7,2025
2025-07-25,2548,True,-0.09511376345897761,7,2025
2025-07-29,1326,True,-0.044155389643134306,7,2025
2025-07-30,2376,True,-0.05943940007454996,7,2025
2025-07-31,2409,True,-0.042727708781413985,7,2025
2025-07-31,2801,True,-0.067790365423018,7,2025
2025-07-31,2201,True,-0.05662511323675858,7,2025
2025-07-31,2351,True,-0.05348429568013282,7,2025
2025-08-01,2379,True,-0.04705814225032358,8,2025
2025-08-01,1301,True,-0.04930086614043007,8,2025
2025-08-01,1590,True,-0.06315932063309483,8,2025
2025-08-04,1301,True,-0.07104479553398284,8,2025
2025-08-04,1303,True,-0.05504032601192525,8,2025
2025-08-04,1326,True,-0.05667552173921535,8,2025
2025-08-04,2368,True,-0.04334826783745509,8,2025
2025-08-05,1802,True,-0.044617152107578925,8,2025
2025-08-06,5903,True,-0.04668574789669921,8,2025
2025-08-07,2886,True,-0.0550305622615684,8,2025
2025-08-07,2892,True,-0.0772653892610012,8,2025
2025-08-08,3443,True,-0.04242135545137218,8,2025
2025-08-08,2353,True,-0.04902814678995484,8,2025
2025-08-08,1210,True,-0.06882530389654397,8,2025
2025-08-11,9921,True,-0.05036788755318555,8,2025
2025-08-12,2354,True,-0.0633507052846466,8,2025
2025-08-13,3231,True,-0.06609548243917533,8,2025
2025-08-13,2880,True,-0.053149645387716535,8,2025
2025-08-13,5880,True,-0.050658286366141045,8,2025
2025-08-13,2812,True,-0.0712847376284305,8,2025
2025-08-13,2027,True,-0.049176681224345084,8,2025
2025-08-14,4938,True,-0.08348636136798264,8,2025
2025-08-14,1519,True,-0.04496574220220221,8,2025
2025-08-14,4133,True,-0.05112656430230326,8,2025
2025-08-15,9933,True,-0.05786332177978655,8,2025
2025-08-19,2345,True,-0.050598004242002254,8,2025
2025-08-19,1303,True,-0.07906146770546565,8,2025
2025-08-19,2312,True,-0.04460001117504367,8,2025
2025-08-20,2308,True,-0.04019365655113584,8,2025
2025-08-20,2345,True,-0.0438588004218199,8,2025
2025-08-20,2449,True,-0.055073787297516566,8,2025
2025-08-20,3661,True,-0.0786675245780636,8,2025
2025-08-20,1802,True,-0.0844789830783559,8,2025
2025-08-21,2890,True,-0.07885941648568251,8,2025
2025-08-21,1231,True,-0.0813952710104362,8,2025
2025-08-25,2377,True,-0.04307644804553031,8,2025
2025-08-27,3443,True,-0.042116595464374615,8,2025
2025-08-28,1303,True,-0.04186883567283418,8,2025
2025-09-01,2345,True,-0.05877259113095071,9,2025
2025-09-01,2377,True,-0.0480811114739538,9,2025
2025-09-01,2313,True,-0.05417327021716059,9,2025
2025-09-01,2368,True,-0.08486145617509058,9,2025
2025-09-01,1802,True,-0.08513913266795228,9,2025
2025-09-02,1303,True,-0.058046499894288346,9,2025
2025-09-02,2368,True,-0.04396751013847367,9,2025
2025-09-02,2845,True,-0.07039944107075892,9,2025
2025-09-02,1802,True,-0.09561611081075518,9,2025
2025-09-04,2351,True,-0.10033021038810705,9,2025
2025-09-04,3661,True,-0.04337604063222374,9,2025
2025-09-04,1802,True,-0.05726444818724027,9,2025
2025-09-04,2634,True,-0.04349960929521065,9,2025
2025-09-08,2353,True,-0.049080664609529485,9,2025
2025-09-09,9933,True,-0.04981645984068157,9,2025
2025-09-09,2231,True,-0.043256901920092086,9,2025
2025-09-10,2379,True,-0.06016967327617181,9,2025
2025-09-10,1802,True,-0.06815926822228842,9,2025
2025-09-11,2401,True,-0.06905751745143815,9,2025
2025-09-11,2634,True,-0.04511496225888287,9,2025
2025-09-11,6446,True,-0.0644048808285412,9,2025
2025-09-12,3661,True,-0.04294131554098453,9,2025
2025-09-12,1802,True,-0.042065964155011584,9,2025
2025-09-12,2231,True,-0.05956681924565106,9,2025
2025-09-17,2231,True,-0.05988273606469117,9,2025
2025-09-18,2231,True,-0.04860156860093617,9,2025
2025-09-19,2454,True,-0.04665172474108601,9,2025
2025-09-19,2345,True,-0.06047929403223149,9,2025
2025-09-22,2337,True,-0.06545566921794428,9,2025
2025-09-24,2408,True,-0.05879032984024053,9,2025
2025-09-24,3661,True,-0.07544031315689044,9,2025
2025-09-24,2231,True,-0.07398501170158896,9,2025
2025-09-25,2344,True,-0.05256930926486415,9,2025
2025-09-25,2451,True,-0.04022604907677631,9,2025
2025-09-25,2368,True,-0.04718457961542845,9,2025
2025-09-25,2542,True,-0.08076255456704785,9,2025
2025-09-26,2408,True,-0.05510392460404561,9,2025
2025-09-26,2344,True,-0.04187711451664871,9,2025
2025-09-26,2449,True,-0.04524988704388338,9,2025
2025-09-26,2324,True,-0.06441445741327306,9,2025
2025-09-26,2368,True,-0.04021605307788239,9,2025
2025-09-26,1802,True,-0.07084704921171853,9,2025
2025-09-30,2324,True,-0.0429949026972506,9,2025
2025-10-01,2379,True,-0.049326126257150445,10,2025
2025-10-07,2345,True,-0.0838193120188992,10,2025
2025-10-07,1231,True,-0.05257338534813599,10,2025
2025-10-13,3008,True,-0.0519260736728987,10,2025
2025-10-13,1789,True,-0.04343613470377672,10,2025
2025-10-14,3231,True,-0.04331126898468607,10,2025
2025-10-14,6770,True,-0.05843154389877536,10,2025
2025-10-14,2344,True,-0.04525324932513186,10,2025
2025-10-14,3037,True,-0.04062481208552893,10,2025
2025-10-14,2449,True,-0.041764877232108755,10,2025
2025-10-14,2356,True,-0.040383661762495526,10,2025
2025-10-14,3661,True,-0.07930196922023924,10,2025
2025-10-14,1802,True,-0.05723132567728051,10,2025
2025-10-15,2609,True,-0.06681945876126082,10,2025
2025-10-15,2615,True,-0.04447053863986649,10,2025
2025-10-15,2606,True,-0.05085377556393921,10,2025
2025-10-15,2637,True,-0.045631604240072836,10,2025
2025-10-16,2015,True,-0.057005227643903464,10,2025
2025-10-17,2345,True,-0.04134392802294419,10,2025
2025-10-17,2360,True,-0.043453438109399514,10,2025
2025-10-17,2351,True,-0.06599381360646818,10,2025
2025-10-17,2451,True,-0.04393891010179719,10,2025
2025-10-17,2231,True,-0.043369032625454565,10,2025
2025-10-20,1215,True,-0.06831241586531715,10,2025
2025-10-21,2337,True,-0.04122643123294717,10,2025
2025-10-22,2345,True,-0.06344203978502938,10,2025
2025-10-22,6770,True,-0.09305658918785231,10,2025
2025-10-22,2449,True,-0.04586957601691344,10,2025
2025-10-22,3661,True,-0.045347156526211685,10,2025
2025-10-22,2368,True,-0.05267113213540586,10,2025
2025-10-23,2312,True,-0.0491543638545718,10,2025
2025-10-27,2884,True,-0.07775049002601801,10,2025
2025-10-28,3443,True,-0.07146155324523738,10,2025
2025-10-29,2351,True,-0.053157245022996444,10,2025
2025-10-30,2308,True,-0.047124869740164124,10,2025
2025-10-30,2337,True,-0.0999550584194095,10,2025
2025-10-31,2409,True,-0.047151666447525005,10,2025
2025-10-31,2337,True,-0.09593751601462452,10,2025
2025-10-31,6770,True,-0.04326905487415123,10,2025
2025-10-31,2615,True,-0.05701114871297131,10,2025
2025-11-03,3231,True,-0.04927765999467949,11,2025
2025-11-03,6770,True,-0.047210476532147175,11,2025
2025-11-04,2344,True,-0.04783006627633218,11,2025
2025-11-04,3037,True,-0.0455485883141225,11,2025
2025-11-04,1503,True,-0.043447747977988053,11,2025
2025-11-05,2345,True,-0.08966746294239347,11,2025
2025-11-06,2454,True,-0.04245480227065446,11,2025
2025-11-07,2345,True,-0.04070202709188378,11,2025
2025-11-07,2231,True,-0.040927709782021454,11,2025
2025-11-10,1476,True,-0.04010255152619343,11,2025
2025-11-10,1231,True,-0.05043131089081517,11,2025
2025-11-10,9914,True,-0.04690155307142115,11,2025
2025-11-11,2312,True,-0.047834151824249126,11,2025
2025-11-11,9933,True,-0.04084187395777341,11,2025
2025-11-12,3231,True,-0.05000197612778845,11,2025
2025-11-12,3661,True,-0.04357655621469814,11,2025
2025-11-13,2337,True,-0.046691121296186716,11,2025
2025-11-13,2618,True,-0.0419968551754433,11,2025
2025-11-13,1231,True,-0.0523222323740318,11,2025
2025-11-14,2344,True,-0.051079050714562514,11,2025
2025-11-14,2451,True,-0.08292397975575314,11,2025
2025-11-17,2376,True,-0.04924206653768347,11,2025
2025-11-17,2201,True,-0.09483024853223852,11,2025
2025-11-17,1802,True,-0.0713519160227639,11,2025
2025-11-17,2231,True,-0.043733822693247756,11,2025
2025-11-18,2357,True,-0.05618867184144847,11,2025
2025-11-18,2345,True,-0.056293800130814066,11,2025
2025-11-18,2344,True,-0.05164704438367027,11,2025
2025-11-18,2449,True,-0.051739023129504604,11,2025
2025-11-18,3661,True,-0.07886248320333031,11,2025
2025-11-19,1303,True,-0.057094727634713696,11,2025
2025-11-19,3037,True,-0.051895056143080445,11,2025
2025-11-19,2027,True,-0.046148204556917496,11,2025
2025-11-20,2408,True,-0.04525332296652803,11,2025
2025-11-20,9910,True,-0.04047462646847363,11,2025
2025-11-20,1476,True,-0.04487398770641245,11,2025
2025-11-20,2344,True,-0.04069734653555165,11,2025
2025-11-20,3661,True,-0.09092350368941968,11,2025
2025-11-21,2308,True,-0.042375697743177676,11,2025
2025-11-21,2337,True,-0.0617558673004695,11,2025
2025-11-21,2408,True,-0.08020929060316134,11,2025
2025-11-21,6770,True,-0.048327444181012924,11,2025
2025-11-21,1303,True,-0.05296899655569115,11,2025
2025-11-21,2344,True,-0.08053083401152145,11,2025
2025-11-21,3037,True,-0.04758622759752734,11,2025
2025-11-21,3711,True,-0.04120499131489225,11,2025
2025-11-21,2451,True,-0.05726350727884816,11,2025
2025-11-21,1519,True,-0.04954301263127786,11,2025
2025-11-24,2201,True,-0.04961321116643621,11,2025
2025-11-25,4904,True,-0.044762533949325556,11,2025
2025-11-25,1301,True,-0.04435500668095688,11,2025
2025-11-25,1303,True,-0.048644454279406835,11,2025
2025-11-25,1476,True,-0.04264952112667403,11,2025
2025-11-25,1519,True,-0.040259598713971945,11,2025
2025-11-26,2337,True,-0.06416173919674079,11,2025
2025-11-26,2408,True,-0.06511614004509719,11,2025
2025-11-26,2360,True,-0.0513175581509549,11,2025
2025-11-26,6770,True,-0.06588520178976859,11,2025
2025-11-26,1303,True,-0.041144812545562515,11,2025
2025-11-26,2344,True,-0.0841617391967408,11,2025
2025-11-26,2451,True,-0.048081683986250845,11,2025
2025-11-26,1802,True,-0.04869312527565833,11,2025
2025-11-27,2606,True,-0.051988907918166405,11,2025
2025-11-27,2634,True,-0.054326038253946496,11,2025
2025-11-27,2231,True,-0.0493782558919042,11,2025
2025-11-28,2451,True,-0.04590427127950067,11,2025
2025-11-28,2231,True,-0.040889736395779724,11,2025
2025-12-01,2449,True,-0.04815100188622318,12,2025
2025-12-01,2377,True,-0.04444428918184623,12,2025
2025-12-02,6770,True,-0.04103234178834744,12,2025
2025-12-02,2368,True,-0.04110799906090265,12,2025
2025-12-03,2345,True,-0.061879941593332884,12,2025
2025-12-03,3661,True,-0.06817902262925603,12,2025
2025-12-04,1303,True,-0.06411009977901706,12,2025
2025-12-05,2606,True,-0.09250545243236497,12,2025
2025-12-05,2637,True,-0.07527969031342452,12,2025
2025-12-09,1476,True,-0.04032235897671129,12,2025
2025-12-10,2337,True,-0.04241078862333141,12,2025
2025-12-10,2344,True,-0.050545430979572585,12,2025
2025-12-10,9933,True,-0.05050393617057319,12,2025
2025-12-11,2454,True,-0.04167877194109469,12,2025
2025-12-12,2606,True,-0.04068189820317575,12,2025
2025-12-15,2360,True,-0.0445249025766857,12,2025
2025-12-15,2344,True,-0.04672129576270475,12,2025
2025-12-16,3443,True,-0.07112752074631068,12,2025
2025-12-16,2313,True,-0.04095769057648058,12,2025
2025-12-17,1519,True,-0.04516073243864306,12,2025
2025-12-17,1215,True,-0.04990663976013833,12,2025
2025-12-19,2344,True,-0.05303012149636753,12,2025
2025-12-19,2313,True,-0.04946440989605626,12,2025
2025-12-19,2451,True,-0.05367383160737092,12,2025
2025-12-19,5522,True,-0.04053395415401738,12,2025
2025-12-22,2201,True,-0.107311763228751,12,2025
2025-12-29,5522,True,-0.06374676400403201,12,2025
2025-12-31,2313,True,-0.047079623499502676,12,2025
2026-01-02,1303,True,-0.05794868788305725,1,2026
2026-01-02,1326,True,-0.040618086874994866,1,2026
2026-01-02,2368,True,-0.06883912103407737,1,2026
2026-01-02,9914,True,-0.05557851510147878,1,2026
2026-01-02,9921,True,-0.04798908598011316,1,2026
2026-01-05,9910,True,-0.04516718103315981,1,2026
2026-01-07,2345,True,-0.04484945805150632,1,2026
2026-01-07,2368,True,-0.04532455794430436,1,2026
2026-01-08,2409,True,-0.06076897736709033,1,2026
2026-01-08,3034,True,-0.04018328308401478,1,2026
2026-01-08,3231,True,-0.0452133378574662,1,2026
2026-01-08,2401,True,-0.040049292614815185,1,2026
2026-01-08,2313,True,-0.0476684815261931,1,2026
2026-01-08,2312,True,-0.04820919127888959,1,2026
2026-01-08,2027,True,-0.04322805920341791,1,2026
2026-01-09,2409,True,-0.07015005685073374,1,2026
2026-01-09,2337,True,-0.07565657028390095,1,2026
2026-01-09,2408,True,-0.0960465107232953,1,2026
2026-01-09,1303,True,-0.07278703172079239,1,2026
2026-01-09,2344,True,-0.09528514025645508,1,2026
2026-01-09,2451,True,-0.05880355106581482,1,2026
2026-01-12,9910,True,-0.04081474253127998,1,2026
2026-01-12,1590,True,-0.04277735935370991,1,2026
2026-01-12,5522,True,-0.044649869313869106,1,2026
2026-01-13,2357,True,-0.050191333160782926,1,2026
2026-01-13,1326,True,-0.0435934113086238,1,2026
2026-01-14,2379,True,-0.08771186896151326,1,2026
2026-01-14,2882,True,-0.04620670100285704,1,2026
2026-01-14,3661,True,-0.06982638143316863,1,2026
2026-01-15,2379,True,-0.04099214403127879,1,2026
2026-01-15,3661,True,-0.04574028606265787,1,2026
2026-01-15,1513,True,-0.043494418826547226,1,2026
2026-01-16,2548,True,-0.0469230084628202,1,2026
2026-01-16,5522,True,-0.04261745290726464,1,2026
2026-01-19,2345,True,-0.06304098378317134,1,2026
2026-01-19,3231,True,-0.05502304153478331,1,2026
2026-01-19,2360,True,-0.049629226814236635,1,2026
2026-01-19,2368,True,-0.08848201367352936,1,2026
2026-01-19,6414,True,-0.04473492901209729,1,2026
2026-01-19,1215,True,-0.04234979616389965,1,2026
2026-01-20,2409,True,-0.04081345587336235,1,2026
2026-01-20,1303,True,-0.04091567176793395,1,2026
2026-01-21,2408,True,-0.0664728608085154,1,2026
2026-01-21,6770,True,-0.07137841540572094,1,2026
2026-01-21,2344,True,-0.055638659871503474,1,2026
2026-01-21,2451,True,-0.05781536555234852,1,2026
2026-01-21,2368,True,-0.043235232423828276,1,2026
2026-01-21,6446,True,-0.04424979632499011,1,2026
2026-01-21,1789,True,-0.04944396960601678,1,2026
2026-01-22,2409,True,-0.043390936237151664,1,2026
2026-01-22,2312,True,-0.10805900052785748,1,2026
2026-01-22,1802,True,-0.06065159312045003,1,2026
2026-01-23,2337,True,-0.05431727871714838,1,2026
2026-01-23,6770,True,-0.07864764733572834,1,2026
2026-01-23,2351,True,-0.04682792197121029,1,2026
2026-01-23,2356,True,-0.06095896809044528,1,2026
2026-01-23,2312,True,-0.0971431786167611,1,2026
2026-01-23,1503,True,-0.04487247020014991,1,2026
2026-01-23,1519,True,-0.04475526438674156,1,2026
2026-01-23,2231,True,-0.04821506565142082,1,2026
2026-01-26,9910,True,-0.04213860011192974,1,2026
2026-01-26,3443,True,-0.052330629232012954,1,2026
2026-01-26,2324,True,-0.046782027386147035,1,2026
2026-01-26,2356,True,-0.04400685247360328,1,2026
2026-01-27,2409,True,-0.05110457468934912,1,2026
2026-01-27,2313,True,-0.04384329840890086,1,2026
2026-01-27,2451,True,-0.04419011275135207,1,2026
2026-01-27,2634,True,-0.04053037504983312,1,2026
2026-01-28,1789,True,-0.0814716068788743,1,2026
2026-01-29,2303,True,-0.09446739726692344,1,2026
2026-01-29,3037,True,-0.05823820203151709,1,2026
2026-01-29,2606,True,-0.058527419514917474,1,2026
2026-01-30,2303,True,-0.0756353000044849,1,2026
2026-01-30,2379,True,-0.04173204872560274,1,2026
2026-01-30,1513,True,-0.04128678827572471,1,2026
2026-01-30,4133,True,-0.052316717322377054,1,2026
2026-02-02,2337,True,-0.07174969099569622,2,2026
2026-02-02,2408,True,-0.08508337637352809,2,2026
2026-02-02,6770,True,-0.08482336998354051,2,2026
2026-02-02,1301,True,-0.04896774158984957,2,2026
2026-02-02,1303,True,-0.05537151644660737,2,2026
2026-02-02,1326,True,-0.06582614745459786,2,2026
2026-02-02,2344,True,-0.08281905903541181,2,2026
2026-02-02,2451,True,-0.08497994266160819,2,2026
2026-02-02,1802,True,-0.05393657682739178,2,2026
2026-02-02,1503,True,-0.04231135339593722,2,2026
2026-02-03,2408,True,-0.06430570502654143,2,2026
2026-02-03,6770,True,-0.054509134641198775,2,2026
2026-02-03,2344,True,-0.09870049742625997,2,2026
2026-02-03,2353,True,-0.044947961929302505,2,2026
2026-02-03,2451,True,-0.04568325604694956,2,2026
2026-02-03,4133,True,-0.05491222800956641,2,2026
2026-02-04,3443,True,-0.07658391210610097,2,2026
2026-02-04,9914,True,-0.04450982524865868,2,2026
2026-02-05,2345,True,-0.04052752440222812,2,2026
2026-02-05,2408,True,-0.05769122317931458,2,2026
2026-02-05,2360,True,-0.04426354504865798,2,2026
2026-02-05,2344,True,-0.045194152180329905,2,2026
2026-02-05,3037,True,-0.04788430373147251,2,2026
2026-02-05,3443,True,-0.06499342723907203,2,2026
2026-02-05,2449,True,-0.04545016856537859,2,2026
2026-02-05,2313,True,-0.07322794634315638,2,2026
2026-02-05,3711,True,-0.05105163780321148,2,2026
2026-02-06,2337,True,-0.07227662669734211,2,2026
2026-02-06,3037,True,-0.06127046218693119,2,2026
2026-02-06,1802,True,-0.08998786881131446,2,2026
2026-02-06,1503,True,-0.04114841039738801,2,2026
2026-02-09,1802,True,-0.07615493392080067,2,2026
2026-02-10,1303,True,-0.0716814347301553,2,2026
2026-02-10,1326,True,-0.056237119635083585,2,2026
2026-02-10,2344,True,-0.04222407038907004,2,2026
2026-02-10,2451,True,-0.05199463383530077,2,2026
2026-02-10,1802,True,-0.044296474011861306,2,2026
2026-02-10,1789,True,-0.04649948422069382,2,2026
2026-02-23,2454,True,-0.045344497190079755,2,2026
2026-02-23,2345,True,-0.04748224233368041,2,2026
2026-02-23,3443,True,-0.05542372613723327,2,2026
2026-02-23,2324,True,-0.048947196131291545,2,2026
2026-02-23,9914,True,-0.06293858237316123,2,2026
2026-02-23,9921,True,-0.04724605905545658,2,2026
2026-02-24,2723,True,-0.04080878466412867,2,2026
2026-02-25,2337,True,-0.0559621760383036,2,2026
2026-02-25,2408,True,-0.041061073238433596,2,2026
2026-02-25,2344,True,-0.04029091150446955,2,2026
2026-02-25,2401,True,-0.051901489260681874,2,2026
2026-02-25,2313,True,-0.07845746306566319,2,2026
2026-02-25,2451,True,-0.062449081203622844,2,2026
2026-02-26,2548,True,-0.04945563271123998,2,2026
2026-03-02,1326,True,-0.05237273343257677,3,2026
2026-03-02,2618,True,-0.042207614753526315,3,2026
2026-03-02,3443,True,-0.04259712643887682,3,2026
2026-03-02,3711,True,-0.04134174039019857,3,2026
2026-03-02,2368,True,-0.04468626901630192,3,2026
2026-03-02,6446,True,-0.04581331408472723,3,2026
2026-03-03,2308,True,-0.041685848916837256,3,2026
2026-03-03,2409,True,-0.04731862521961207,3,2026
2026-03-03,2337,True,-0.08117465714430251,3,2026
2026-03-03,2408,True,-0.08203672610981973,3,2026
2026-03-03,2360,True,-0.061244646901898916,3,2026
2026-03-03,6770,True,-0.07027202022746672,3,2026
2026-03-03,2344,True,-0.07842226827849443,3,2026
2026-03-03,3443,True,-0.0406378603253207,3,2026
2026-03-03,2451,True,-0.055263270732245365,3,2026
2026-03-04,2408,True,-0.043183880879600935,3,2026
2026-03-04,6770,True,-0.05712064524081354,3,2026
2026-03-04,3037,True,-0.05676595220863149,3,2026
2026-03-04,3443,True,-0.04175124977036874,3,2026
2026-03-04,2449,True,-0.04593849053671276,3,2026
2026-03-04,3711,True,-0.04642641775803561,3,2026
2026-03-04,1802,True,-0.05631499927387732,3,2026
2026-03-05,2609,True,-0.07746880180665436,3,2026
2026-03-05,2615,True,-0.05522085644260751,3,2026
2026-03-05,2313,True,-0.049301047179094636,3,2026
2026-03-06,2337,True,-0.04988897491018548,3,2026
2026-03-06,2408,True,-0.09852297807116991,3,2026
2026-03-06,9910,True,-0.06158940521526709,3,2026
2026-03-06,2344,True,-0.05248448986035167,3,2026
2026-03-06,3037,True,-0.0433773470032088,3,2026
2026-03-06,2458,True,-0.04352333240466862,3,2026
2026-03-06,1590,True,-0.04924890663623623,3,2026
2026-03-06,2606,True,-0.04114169745638093,3,2026
2026-03-09,2308,True,-0.04093622919266007,3,2026
2026-03-09,2337,True,-0.06469084855703547,3,2026
2026-03-09,2408,True,-0.0638910997870156,3,2026
2026-03-09,2360,True,-0.06336047161690242,3,2026
2026-03-09,6770,True,-0.04138394114892566,3,2026
2026-03-09,1303,True,-0.06481413338648159,3,2026
2026-03-09,3037,True,-0.06471569047212136,3,2026
2026-03-09,3443,True,-0.04693965972439243,3,2026
2026-03-09,2313,True,-0.06370082092276899,3,2026
2026-03-09,3661,True,-0.06034481657707827,3,2026
2026-03-09,1802,True,-0.06500944869735162,3,2026
2026-03-09,2231,True,-0.05506629388452247,3,2026
2026-03-10,2379,True,-0.06287665039468757,3,2026
2026-03-11,2231,True,-0.04801051928052891,3,2026
2026-03-11,9921,True,-0.04321805030320769,3,2026
2026-03-12,2408,True,-0.05182292748670158,3,2026
2026-03-12,6770,True,-0.043001773343639076,3,2026
2026-03-12,1303,True,-0.05420233273094898,3,2026
2026-03-13,2345,True,-0.054145654642824205,3,2026
2026-03-13,2609,True,-0.04436612211303884,3,2026
2026-03-16,2409,True,-0.05887225939780591,3,2026
2026-03-16,2360,True,-0.059800324480838024,3,2026
2026-03-16,2915,True,-0.04523034432888037,3,2026
2026-03-16,9945,True,-0.05052349546966359,3,2026
2026-03-17,1303,True,-0.053864632727687295,3,2026
2026-03-18,2207,True,-0.06213593536672913,3,2026
2026-03-19,2408,True,-0.04381488066617335,3,2026
2026-03-20,2408,True,-0.09718759885011366,3,2026
2026-03-20,1303,True,-0.0660712093014201,3,2026
2026-03-20,2344,True,-0.0955482545878186,3,2026
2026-03-20,3037,True,-0.04365919953858179,3,2026
2026-03-20,1802,True,-0.05447074123963904,3,2026
2026-03-23,2337,True,-0.04618324404865268,3,2026
2026-03-23,6770,True,-0.05907645596918251,3,2026
2026-03-23,3037,True,-0.0735862223880028,3,2026
2026-03-23,2449,True,-0.04573681547722405,3,2026
2026-03-23,2451,True,-0.07364599239302347,3,2026
2026-03-23,1802,True,-0.07326657738198603,3,2026
2026-03-24,2337,True,-0.0789534289827481,3,2026
2026-03-24,6770,True,-0.09076474035990595,3,2026
2026-03-24,2344,True,-0.07256395282583011,3,2026
2026-03-24,3037,True,-0.07630166079991779,3,2026
2026-03-24,2451,True,-0.06799828935113789,3,2026
2026-03-24,2368,True,-0.0750684250977442,3,2026
2026-03-26,2337,True,-0.0950104942594736,3,2026
2026-03-26,2458,True,-0.05938190792666196,3,2026
2026-03-26,2451,True,-0.04739933712056175,3,2026
2026-03-26,2015,True,-0.0727772415863127,3,2026
2026-03-27,6770,True,-0.05421549220932194,3,2026
2026-03-27,9933,True,-0.059147460783512254,3,2026
2026-03-30,2351,True,-0.06113809038674327,3,2026
2026-03-30,3443,True,-0.05130030301365422,3,2026
2026-03-30,2324,True,-0.05644039573689545,3,2026
2026-03-30,3661,True,-0.08571943009966192,3,2026
2026-03-31,2308,True,-0.04728835355759525,3,2026
2026-03-31,2345,True,-0.05303388223890376,3,2026
2026-03-31,2337,True,-0.07423753285052453,3,2026
2026-03-31,2408,True,-0.07635452548090998,3,2026
2026-03-31,2360,True,-0.07504282131206302,3,2026
2026-03-31,6770,True,-0.06263980264398411,3,2026
2026-03-31,1303,True,-0.06871887498811663,3,2026
2026-03-31,1326,True,-0.05263472581044221,3,2026
2026-03-31,3037,True,-0.07587206299236854,3,2026
2026-03-31,3711,True,-0.047302640700595255,3,2026
2026-03-31,3661,True,-0.07294491921416085,3,2026
2026-03-31,2451,True,-0.051142686359296474,3,2026
2026-03-31,2231,True,-0.07476310103234268,3,2026
2026-04-01,2454,True,-0.04681961222424376,4,2026
2026-04-01,2231,True,-0.054234637121407595,4,2026
2026-04-02,2303,True,-0.056621365855501364,4,2026
2026-04-02,2408,True,-0.040182308438522434,4,2026
2026-04-02,2449,True,-0.0670681166178907,4,2026
2026-04-02,2231,True,-0.06479944055242315,4,2026
2026-04-07,2409,True,-0.04303727867571176,4,2026
2026-04-07,1789,True,-0.042749058370590995,4,2026
2026-04-08,9914,True,-0.053781948193179704,4,2026
2026-04-09,2337,True,-0.05148340417404063,4,2026
2026-04-09,2408,True,-0.07886755962994496,4,2026
2026-04-09,6770,True,-0.06065007084070729,4,2026
2026-04-09,2344,True,-0.0462672256524227,4,2026
2026-04-09,2451,True,-0.05863394180844917,4,2026
2026-04-09,9914,True,-0.0595394084820643,4,2026
2026-04-10,1303,True,-0.04558483610459866,4,2026
2026-04-14,3037,True,-0.056487577312288276,4,2026
2026-04-14,2313,True,-0.08722263061768067,4,2026
2026-04-14,2542,True,-0.04141169871803908,4,2026
2026-04-15,2382,True,-0.049520371533889995,4,2026
2026-04-15,2337,True,-0.09144545092425171,4,2026
2026-04-15,2408,True,-0.04326509430338066,4,2026
2026-04-15,1301,True,-0.04146114319003724,4,2026
2026-04-15,1326,True,-0.08155180759009395,4,2026
2026-04-15,2231,True,-0.06391726821642407,4,2026
2026-04-17,3008,True,-0.0762900960001319,4,2026
2026-04-17,2409,True,-0.041111763180725826,4,2026
2026-04-17,2337,True,-0.057602918082891176,4,2026
2026-04-17,2312,True,-0.044796042960421036,4,2026
2026-04-20,2337,True,-0.07671148513831977,4,2026
2026-04-20,2360,True,-0.08746790429168555,4,2026
2026-04-20,1802,True,-0.04103320691359186,4,2026
2026-04-20,9933,True,-0.051104267928049174,4,2026
2026-04-20,2606,True,-0.04271265953644071,4,2026
2026-04-22,1802,True,-0.05097236658520625,4,2026
2026-04-23,2303,True,-0.043668158031997945,4,2026
2026-04-23,2337,True,-0.04325195250213995,4,2026
2026-04-23,3034,True,-0.041326602780413196,4,2026
2026-04-23,6770,True,-0.05198475104123865,4,2026
2026-04-23,2351,True,-0.07041637226296768,4,2026
2026-04-23,2313,True,-0.07924520988064485,4,2026
2026-04-23,2312,True,-0.07553231341450858,4,2026
2026-04-23,2451,True,-0.045110688561619566,4,2026
2026-04-23,1802,True,-0.046345476550357007,4,2026
2026-04-24,9910,True,-0.04195937388231854,4,2026
2026-04-24,2231,True,-0.04181390593618053,4,2026
2026-04-24,9914,True,-0.04129027799539355,4,2026
2026-04-27,1476,True,-0.04354582135538137,4,2026
2026-04-27,2401,True,-0.09874899568271939,4,2026
2026-04-28,2880,True,-0.06966677312844201,4,2026
2026-04-28,3661,True,-0.045716964072249865,4,2026
2026-04-28,2548,True,-0.04134633470162049,4,2026
2026-04-29,2313,True,-0.04085026493810111,4,2026
2026-04-29,2312,True,-0.052679310776954244,4,2026
2026-04-29,1802,True,-0.06350724034129578,4,2026
2026-04-29,2231,True,-0.04102493161585767,4,2026
2026-04-30,2337,True,-0.0724309606728319,4,2026
2026-04-30,2408,True,-0.07756537269984172,4,2026
2026-04-30,2451,True,-0.05242247019110887,4,2026
2026-05-04,1326,True,-0.04187418098362028,5,2026
2026-05-05,2360,True,-0.04267211309434398,5,2026
2026-05-06,3037,True,-0.06222900619401227,5,2026
2026-05-06,2449,True,-0.08442901745590768,5,2026
2026-05-06,2313,True,-0.10164830676466628,5,2026
2026-05-06,9914,True,-0.04332295420236941,5,2026
2026-05-07,2337,True,-0.05379938293165085,5,2026
2026-05-07,1303,True,-0.04750816460468108,5,2026
2026-05-07,1326,True,-0.04058688863160518,5,2026
2026-05-08,2303,True,-0.05181017968564426,5,2026
2026-05-08,2345,True,-0.0701897943229499,5,2026
2026-05-08,2337,True,-0.0678329839126156,5,2026
2026-05-08,2408,True,-0.04322033657033662,5,2026
2026-05-08,1326,True,-0.04848028661314206,5,2026
2026-05-08,2344,True,-0.059327678094879696,5,2026
2026-05-08,3037,True,-0.0849777407515213,5,2026
2026-05-08,3443,True,-0.04196086657065633,5,2026
2026-05-08,2449,True,-0.08052003952943963,5,2026
2026-05-08,3711,True,-0.0423686137673943,5,2026
2026-05-08,2368,True,-0.08068279001260513,5,2026
2026-05-11,3231,True,-0.06465901925868073,5,2026
2026-05-11,2449,True,-0.05044197197094874,5,2026
2026-05-11,2313,True,-0.05882937152827167,5,2026
2026-05-11,2634,True,-0.07134871154646011,5,2026
2026-05-11,2231,True,-0.07380930759574084,5,2026
2026-05-11,1789,True,-0.041242257787311776,5,2026
2026-05-12,2454,True,-0.04161007181678934,5,2026
2026-05-12,2379,True,-0.044875853486045184,5,2026
2026-05-12,2883,True,-0.04784989818683817,5,2026
2026-05-12,2548,True,-0.04155036557151616,5,2026
2026-05-13,2454,True,-0.0522502670896826,5,2026
2026-05-13,2303,True,-0.05521806742590395,5,2026
2026-05-13,2313,True,-0.08530640014581568,5,2026
2026-05-13,2385,True,-0.0412893061287216,5,2026
2026-05-13,3661,True,-0.09665653776713977,5,2026
2026-05-13,2451,True,-0.06522093006034556,5,2026
2026-05-13,1802,True,-0.04044542427218144,5,2026
2026-05-14,2360,True,-0.06181551568269597,5,2026
2026-05-14,3443,True,-0.049366856892573835,5,2026
2026-05-14,4938,True,-0.06020416199310266,5,2026
2026-05-14,2231,True,-0.04188319978625457,5,2026
2026-05-15,2382,True,-0.07291719234693335,5,2026
2026-05-15,2357,True,-0.04368005252775848,5,2026
2026-05-15,2345,True,-0.05126680049411909,5,2026
2026-05-15,2379,True,-0.05391748921729473,5,2026
2026-05-15,3034,True,-0.04146793412191758,5,2026
2026-05-15,2408,True,-0.07422566255457903,5,2026
2026-05-15,3037,True,-0.055819825412701425,5,2026
2026-05-15,2324,True,-0.040607960608431366,5,2026
2026-05-15,2368,True,-0.08561749652705815,5,2026
2026-05-15,1519,True,-0.041738387130707384,5,2026
2026-05-15,6414,True,-0.08771539862496021,5,2026
2026-05-18,3008,True,-0.040762598590908486,5,2026
2026-05-18,3711,True,-0.06341153738623752,5,2026
2026-05-18,9921,True,-0.04320068552448354,5,2026
2026-05-19,2454,True,-0.06501966129481701,5,2026
2026-05-19,2308,True,-0.044941035785207306,5,2026
2026-05-19,2337,True,-0.09296083776540526,5,2026
2026-05-19,2408,True,-0.09296083776540526,5,2026
2026-05-19,2376,True,-0.07011666227372598,5,2026
2026-05-19,2360,True,-0.052457405271126134,5,2026
2026-05-19,6770,True,-0.049412450668631036,5,2026
2026-05-19,2344,True,-0.09257769600295312,5,2026
2026-05-19,3443,True,-0.050977715402536095,5,2026
2026-05-19,3711,True,-0.06747064168697386,5,2026
2026-05-19,2451,True,-0.05993191843511608,5,2026
2026-05-20,2303,True,-0.04241722301832574,5,2026
2026-05-20,3008,True,-0.047203610742030284,5,2026
2026-05-20,2892,True,-0.041272883683568413,5,2026
2026-05-22,2351,True,-0.04222231523561925,5,2026
2026-05-22,9914,True,-0.04500505333085735,5,2026
2026-05-25,2408,True,-0.0625368813792678,5,2026
2026-05-25,2880,True,-0.059656474947116095,5,2026
2026-05-25,2912,True,-0.04992891768434757,5,2026
2026-05-25,2401,True,-0.058114431357666224,5,2026
2026-05-26,3008,True,-0.05101503918551078,5,2026
2026-05-26,2409,True,-0.10256165070995173,5,2026
2026-05-26,2313,True,-0.05110216750156007,5,2026
2026-05-26,2356,True,-0.04701445062973921,5,2026
2026-05-26,3661,True,-0.057262219462042706,5,2026
2026-05-26,1402,True,-0.04648040673695266,5,2026
2026-05-26,2027,True,-0.060137068031607475,5,2026
2026-05-27,3008,True,-0.046000552798305325,5,2026
2026-05-27,2449,True,-0.0702911696558403,5,2026
2026-05-27,2312,True,-0.0685943454313203,5,2026
2026-05-27,2368,True,-0.05078725200571481,5,2026
2026-05-27,1402,True,-0.10215240685166598,5,2026
2026-05-27,1215,True,-0.09357241560675893,5,2026
2026-05-28,2454,True,-0.0408806870165127,5,2026
2026-05-28,2308,True,-0.042899023086573,5,2026
2026-05-28,2345,True,-0.061922408522172116,5,2026
2026-05-28,1303,True,-0.043667742441679806,5,2026
2026-05-28,2344,True,-0.062279463434755204,5,2026
2026-05-28,3037,True,-0.042237647425197304,5,2026
2026-05-28,3443,True,-0.09131172149927134,5,2026
2026-05-28,2313,True,-0.07287200518721458,5,2026
2026-05-28,2368,True,-0.04222081240836228,5,2026
2026-05-29,2454,True,-0.04836872699012311,5,2026
2026-05-29,2379,True,-0.049262013597695484,5,2026
2026-05-29,2360,True,-0.04514824294695989,5,2026
2026-05-29,2351,True,-0.08251117184685368,5,2026
2026-05-29,3711,True,-0.05121133133648685,5,2026
2026-05-29,1215,True,-0.045300833165926854,5,2026
2026-05-29,2606,True,-0.05249129750398933,5,2026
2026-05-29,2637,True,-0.04394592353584274,5,2026
2026-06-01,6770,True,-0.045408671707406215,6,2026
2026-06-01,2207,True,-0.04591168159721078,6,2026
2026-06-01,2351,True,-0.05274896863355501,6,2026
2026-06-01,2449,True,-0.05820641485680418,6,2026
2026-06-01,3711,True,-0.0426095566484624,6,2026
2026-06-01,1402,True,-0.04963475740266639,6,2026
2026-06-01,1590,True,-0.06195723025145512,6,2026
2026-06-01,2015,True,-0.04801588388398122,6,2026
2026-06-01,1215,True,-0.05424294453716945,6,2026
2026-06-02,2303,True,-0.04023787814112838,6,2026
2026-06-02,2345,True,-0.04328050216557848,6,2026
2026-06-02,2360,True,-0.07143146420887818,6,2026
2026-06-02,3037,True,-0.08084453176148058,6,2026
2026-06-02,2449,True,-0.04557948234548785,6,2026
2026-06-02,2313,True,-0.050196102176880794,6,2026
2026-06-02,3661,True,-0.06708846290757446,6,2026
2026-06-02,2368,True,-0.04715180938951295,6,2026
2026-06-02,1590,True,-0.061267812184761,6,2026
2026-06-02,1802,True,-0.06021809937034232,6,2026
2026-06-02,1215,True,-0.042337771032497626,6,2026
2026-06-02,2231,True,-0.05070036400263393,6,2026
2026-06-02,6446,True,-0.07178602270297156,6,2026
2026-06-02,2548,True,-0.15635473584311324,6,2026
2026-06-03,2303,True,-0.09833867657601611,6,2026
2026-06-03,2337,True,-0.09752323759803291,6,2026
2026-06-03,2408,True,-0.0635083847512373,6,2026
2026-06-03,2344,True,-0.05854054007875006,6,2026
2026-06-03,1215,True,-0.05038739471750927,6,2026
2026-06-03,2548,True,-0.054092983641463165,6,2026
2026-06-04,2317,True,-0.04186637441284524,6,2026
2026-06-04,3231,True,-0.08286994429240346,6,2026
2026-06-04,2376,True,-0.05274308074177436,6,2026
2026-06-04,2324,True,-0.08998016921215313,6,2026
2026-06-04,2356,True,-0.07907941337664026,6,2026
2026-06-04,2312,True,-0.04423390457555232,6,2026
2026-06-04,2353,True,-0.08916478015158913,6,2026
2026-06-04,3661,True,-0.04558154251099611,6,2026
2026-06-05,2409,True,-0.059654995884188565,6,2026
2026-06-05,2408,True,-0.074758317316624,6,2026
2026-06-05,6770,True,-0.06516306805892749,6,2026
2026-06-05,2880,True,-0.0630737993029922,6,2026
2026-06-05,1303,True,-0.044709280938473615,6,2026
2026-06-05,2912,True,-0.04306129148560613,6,2026
2026-06-05,2344,True,-0.08364375859161424,6,2026
2026-06-05,2451,True,-0.08559049829027923,6,2026
2026-06-05,1503,True,-0.08503131939484046,6,2026
2026-06-05,1513,True,-0.07438601649756219,6,2026
2026-06-05,1519,True,-0.05098588721507993,6,2026
2026-06-08,2303,True,-0.04290120917269588,6,2026
2026-06-08,2409,True,-0.06268429673741191,6,2026
2026-06-08,6770,True,-0.05822756316203312,6,2026
2026-06-08,2351,True,-0.050335095938670665,6,2026
2026-06-08,2401,True,-0.04319901991743044,6,2026
2026-06-08,2356,True,-0.062011633760781976,6,2026
2026-06-08,2312,True,-0.062289941648822705,6,2026
2026-06-08,2353,True,-0.04378246709411546,6,2026
2026-06-08,2451,True,-0.04703463790800863,6,2026
2026-06-08,1802,True,-0.04589353711383912,6,2026
2026-06-09,2409,True,-0.045651419944739945,6,2026
2026-06-09,2360,True,-0.053747773240156525,6,2026
2026-06-09,9933,True,-0.051985250049061814,6,2026
2026-06-10,2454,True,-0.05176831189184741,6,2026
2026-06-10,2308,True,-0.06928684711745084,6,2026
2026-06-10,2303,True,-0.05084816729769684,6,2026
2026-06-10,2357,True,-0.043789343768285055,6,2026
2026-06-10,2337,True,-0.052424880457187434,6,2026
2026-06-10,2408,True,-0.06290456010275272,6,2026
2026-06-10,2360,True,-0.05557373953495995,6,2026
2026-06-10,6770,True,-0.0795606313042784,6,2026
2026-06-10,2351,True,-0.07116902291267016,6,2026
2026-06-10,3037,True,-0.0679792302491933,6,2026
2026-06-10,3443,True,-0.04638522202678111,6,2026
2026-06-10,2449,True,-0.04555202822351048,6,2026
2026-06-10,2458,True,-0.07032204380482146,6,2026
2026-06-10,2313,True,-0.04185413490213,6,2026
2026-06-10,2356,True,-0.04258287817921649,6,2026
2026-06-10,2312,True,-0.043431975014331964,6,2026
2026-06-10,1519,True,-0.04194439226455196,6,2026
2026-06-10,2637,True,-0.040828535217423495,6,2026
2026-06-11,2345,True,-0.04150924813458881,6,2026
2026-06-11,2368,True,-0.05627118125551314,6,2026
2026-06-11,6446,True,-0.05619261656105837,6,2026
2026-06-12,3008,True,-0.049798400175537744,6,2026
2026-06-12,2379,True,-0.07147302422363025,6,2026
2026-06-12,2881,True,-0.04287292082044905,6,2026
2026-06-12,2207,True,-0.0732071508055139,6,2026
2026-06-12,9910,True,-0.06756179419293842,6,2026
2026-06-12,2313,True,-0.05862083824167322,6,2026
2026-06-12,6414,True,-0.06435156321290461,6,2026
2026-06-15,9910,True,-0.15466612040205283,6,2026
2026-06-15,4938,True,-0.11849922251065856,6,2026
2026-06-15,2385,True,-0.1536821646684848,6,2026
2026-06-15,2548,True,-0.043686179120512064,6,2026
2026-06-15,5522,True,-0.04413429232805918,6,2026
2026-06-16,2351,True,-0.04460442237225504,6,2026
2026-06-16,2385,True,-0.04227842487717548,6,2026
2026-06-16,2027,True,-0.045799701021590145,6,2026
2026-06-16,2606,True,-0.09189997102649938,6,2026
2026-06-17,2308,True,-0.040774553012063515,6,2026
2026-06-17,2360,True,-0.048002481070311305,6,2026
2026-06-17,2603,True,-0.12732367191223942,6,2026
2026-06-17,9910,True,-0.07380893268321449,6,2026
2026-06-17,1476,True,-0.06536642904420427,6,2026
2026-06-17,2353,True,-0.10739933542528819,6,2026
2026-06-18,3443,True,-0.052841721701569165,6,2026
2026-06-18,1789,True,-0.04113756704035517,6,2026
2026-06-18,2548,True,-0.052143856348531324,6,2026
2026-06-22,1476,True,-0.04274079518884262,6,2026
2026-06-22,2542,True,-0.05796981129941266,6,2026
2026-06-22,2548,True,-0.0411452626798678,6,2026
2026-06-23,2345,True,-0.046803279049872026,6,2026
2026-06-23,2409,True,-0.04653558393593038,6,2026
2026-06-23,2337,True,-0.05792252661802355,6,2026
2026-06-23,2408,True,-0.08514624629457335,6,2026
2026-06-23,1326,True,-0.040306388643327806,6,2026
2026-06-23,2351,True,-0.06206932321765024,6,2026
2026-06-23,2458,True,-0.055174257499055135,6,2026
2026-06-23,2313,True,-0.04873006132347513,6,2026
2026-06-23,2368,True,-0.07833621045227945,6,2026
2026-06-23,1802,True,-0.07261360921885518,6,2026
2026-06-24,2330,True,-0.04307723822756773,6,2026
2026-06-24,2454,True,-0.0580433872780142,6,2026
2026-06-24,2308,True,-0.04137813411882499,6,2026
2026-06-24,2379,True,-0.07244150875114522,6,2026
2026-06-24,2360,True,-0.0492742115513263,6,2026
2026-06-24,3037,True,-0.0470644395997917,6,2026
2026-06-25,2337,True,-0.06607956627876611,6,2026
2026-06-25,2351,True,-0.04411351442097412,6,2026
2026-06-25,2312,True,-0.047138317808753896,6,2026
2026-06-25,5522,True,-0.08475333437113887,6,2026
2026-06-26,2454,True,-0.06732035338177186,6,2026
2026-06-26,2308,True,-0.053410957801842664,6,2026
2026-06-26,2303,True,-0.04878486494045573,6,2026
2026-06-26,3008,True,-0.05370919672544459,6,2026
2026-06-26,2409,True,-0.04814447720641466,6,2026
2026-06-26,2379,True,-0.05846146285234775,6,2026
2026-06-26,3034,True,-0.06024399404664358,6,2026
2026-06-26,1301,True,-0.06755237194325678,6,2026
2026-06-26,1326,True,-0.05662800219535755,6,2026
2026-06-26,2401,True,-0.060675581112311285,6,2026
2026-06-26,3443,True,-0.056212165757689815,6,2026
2026-06-26,2449,True,-0.04677509242158271,6,2026
2026-06-26,2312,True,-0.04722270161358642,6,2026
2026-06-26,3661,True,-0.05265875492198022,6,2026
2026-06-29,3008,True,-0.08124491736778598,6,2026
2026-06-29,2881,True,-0.05025579518210414,6,2026
2026-06-29,2882,True,-0.0516638492513805,6,2026
2026-06-30,2882,True,-0.04700267253738554,6,2026
2026-06-30,2207,True,-0.04264381300611219,6,2026
2026-06-30,1476,True,-0.05541413500891478,6,2026
2026-06-30,2451,True,-0.04638466985041733,6,2026
2026-07-01,2357,True,-0.05562268649999351,7,2026
2026-07-01,2409,True,-0.056885246569893175,7,2026
2026-07-01,2337,True,-0.071364533077853,7,2026
2026-07-01,2408,True,-0.06380737473993041,7,2026
2026-07-01,6770,True,-0.06194819286314117,7,2026
2026-07-01,2881,True,-0.04824816912547618,7,2026
2026-07-01,2610,True,-0.042717321822476936,7,2026
2026-07-01,2903,True,-0.0463680281149003,7,2026
2026-07-01,2344,True,-0.07853146446901253,7,2026
2026-07-01,2313,True,-0.04795755593163713,7,2026
2026-07-01,2451,True,-0.05423163852357975,7,2026
2026-07-01,1802,True,-0.04365935571313344,7,2026
2026-07-02,2317,True,-0.041013995548826405,7,2026
2026-07-02,9910,True,-0.04095555702615234,7,2026
2026-07-02,9904,True,-0.0407236729681812,7,2026
2026-07-02,3037,True,-0.06337751912202744,7,2026
2026-07-02,9914,True,-0.04204671029121871,7,2026
2026-07-03,2454,True,-0.04452358149477481,7,2026
2026-07-03,2379,True,-0.044526419344309176,7,2026
2026-07-03,3443,True,-0.06441014753756186,7,2026
2026-07-03,2449,True,-0.045972364930626786,7,2026
2026-07-03,3711,True,-0.07189935373848005,7,2026
2026-07-03,3661,True,-0.06005221443202674,7,2026
2026-07-06,2308,True,-0.041280694931038225,7,2026
2026-07-06,2360,True,-0.040254071882552894,7,2026
2026-07-06,1303,True,-0.06364018364732468,7,2026
2026-07-06,3037,True,-0.056390048755002836,7,2026
2026-07-06,3443,True,-0.08903600187309221,7,2026
2026-07-06,3661,True,-0.09627486516034253,7,2026
2026-07-06,2368,True,-0.0640291600559055,7,2026
2026-07-06,1590,True,-0.0409209225080128,7,2026
2026-07-07,2303,True,-0.04558466130173418,7,2026
2026-07-07,2345,True,-0.051153249453965,7,2026
2026-07-07,2409,True,-0.05345209317433493,7,2026
2026-07-07,2360,True,-0.07794345427177947,7,2026
2026-07-07,1303,True,-0.07931960106077025,7,2026
2026-07-07,1326,True,-0.042929068516391514,7,2026
2026-07-07,2351,True,-0.04291609228884048,7,2026
2026-07-07,3037,True,-0.06328906670962527,7,2026
2026-07-07,2449,True,-0.0761856979268671,7,2026
2026-07-07,2313,True,-0.05166002659268516,7,2026
2026-07-07,2368,True,-0.05278898881587231,7,2026
2026-07-07,2231,True,-0.04004834600004155,7,2026
2026-07-08,3231,True,-0.058344387715812615,7,2026
2026-07-08,2360,True,-0.05644621797689274,7,2026
2026-07-08,4904,True,-0.09561220527895063,7,2026
2026-07-08,2618,True,-0.060608083644951724,7,2026
2026-07-08,1229,True,-0.061356503953378314,7,2026
2026-07-08,2351,True,-0.04730498170513474,7,2026
2026-07-08,3711,True,-0.040405130278577825,7,2026
2026-07-09,1301,True,-0.050743506277085085,7,2026
2026-07-09,1326,True,-0.06821406002648552,7,2026
2026-07-09,2368,True,-0.06078848378832942,7,2026
2026-07-09,1590,True,-0.04389823003045008,7,2026
2026-07-09,6446,True,-0.15570181143823,7,2026
2026-07-13,2409,True,-0.06988172760906684,7,2026
2026-07-13,2379,True,-0.099929422362644,7,2026
2026-07-13,3034,True,-0.13738329690138937,7,2026
2026-07-13,2891,True,-0.04857033795634944,7,2026
2026-07-13,2344,True,-0.05375378496887626,7,2026
2026-07-13,2356,True,-0.07299532494144055,7,2026
2026-07-14,2345,True,-0.040755564065259084,7,2026
2026-07-14,2409,True,-0.0469001702098653,7,2026
2026-07-14,2351,True,-0.06479001327785565,7,2026
2026-07-14,3443,True,-0.047328521457888614,7,2026
2026-07-14,3661,True,-0.08793407920024347,7,2026
2026-07-14,2451,True,-0.042245858624860674,7,2026
2026-07-14,1503,True,-0.056962330272025394,7,2026
2026-07-15,3008,True,-0.07517134960441299,7,2026
2026-07-15,2891,True,-0.04549329026633023,7,2026
2026-07-15,2886,True,-0.043692962934088,7,2026
2026-07-15,1476,True,-0.05880646908169243,7,2026
2026-07-15,2356,True,-0.06323269372001941,7,2026
2026-07-16,2382,True,-0.07288756918813474,7,2026
2026-07-16,2337,True,-0.07758016443191104,7,2026
2026-07-16,2379,True,-0.05122095480576913,7,2026
2026-07-16,2408,True,-0.08409017094191759,7,2026
2026-07-16,1102,True,-0.04849622155486463,7,2026
2026-07-16,2344,True,-0.043863496366212534,7,2026
2026-07-16,2351,True,-0.04165986417245868,7,2026
2026-07-16,3037,True,-0.05446439131613798,7,2026
2026-07-16,2313,True,-0.04717530943028189,7,2026
2026-07-16,2634,True,-0.05240897967068234,7,2026
2026-07-16,2231,True,-0.06396575951315828,7,2026
2026-07-16,6446,True,-0.04222662907837568,7,2026
2026-07-17,2454,True,-0.055823077429758,7,2026
2026-07-17,2308,True,-0.053248061468915246,7,2026
2026-07-17,2303,True,-0.06663388824056882,7,2026
2026-07-17,2382,True,-0.04191797914965977,7,2026
2026-07-17,2345,True,-0.0657718192750516,7,2026
2026-07-17,2337,True,-0.050882972489653115,7,2026
2026-07-17,2408,True,-0.0657227265093615,7,2026
2026-07-17,6770,True,-0.06598029346932699,7,2026
2026-07-17,1303,True,-0.06618139955278601,7,2026
2026-07-17,2344,True,-0.06547109754289437,7,2026
2026-07-17,2351,True,-0.06585059842333651,7,2026
2026-07-17,2401,True,-0.0533005549072355,7,2026
2026-07-17,3037,True,-0.06640713087095429,7,2026
2026-07-17,3443,True,-0.050265907356458965,7,2026
2026-07-17,2449,True,-0.06569049201415378,7,2026
2026-07-17,2313,True,-0.06642157401551574,7,2026
2026-07-17,3711,True,-0.06634063310860405,7,2026
2026-07-17,3661,True,-0.043556965163645704,7,2026
2026-07-17,2368,True,-0.04424582853907632,7,2026
2026-07-17,1802,True,-0.04929191093100648,7,2026
2026-07-20,2303,True,-0.08699988359924125,7,2026
2026-07-20,2337,True,-0.049777661377019104,7,2026
2026-07-20,6770,True,-0.0754090111593123,7,2026
2026-07-20,1303,True,-0.05259173172877784,7,2026
2026-07-20,2351,True,-0.08542983529006253,7,2026
2026-07-20,3037,True,-0.045193278505482486,7,2026
2026-07-20,2449,True,-0.04562408371558801,7,2026
2026-07-20,2313,True,-0.051098416094000225,7,2026
2026-07-20,1802,True,-0.048081548302814185,7,2026
2026-07-21,4904,True,-0.05178984640828337,7,2026
2026-07-21,2887,True,-0.04066867739237739,7,2026
2026-07-21,1707,True,-0.0418901339025412,7,2026
2026-07-21,4133,True,-0.06804497286077821,7,2026
2026-07-22,1216,True,-0.04813338112363784,7,2026
2026-07-22,2368,True,-0.053773828257265274,7,2026
2026-07-22,2634,True,-0.11225820102735216,7,2026
2026-07-22,2231,True,-0.07545750172665298,7,2026
2026-07-22,5522,True,-0.04940065041469964,7,2026
2026-07-23,2408,True,-0.04060617494081774,7,2026
2026-07-23,1303,True,-0.04971974655438936,7,2026
2026-07-23,2344,True,-0.05531466333351663,7,2026
2026-07-23,2401,True,-0.053691318460743806,7,2026
2026-07-23,2890,True,-0.05129057671432834,7,2026
2026-07-23,2231,True,-0.08159703593167876,7,2026
2026-07-24,2308,True,-0.04096799453404232,7,2026
2026-07-24,2303,True,-0.06624835400865636,7,2026
2026-07-24,3008,True,-0.04357617625878285,7,2026
2026-07-24,2408,True,-0.04912152564981498,7,2026
2026-07-24,6770,True,-0.057102746307092,7,2026
2026-07-24,1301,True,-0.043306170274866385,7,2026
2026-07-24,1303,True,-0.08942085121402943,7,2026
2026-07-24,1326,True,-0.049013485498165976,7,2026
2026-07-24,3037,True,-0.054052151068996745,7,2026
2026-07-24,3443,True,-0.06121233534818793,7,2026
2026-07-24,2449,True,-0.04288363208797774,7,2026
2026-07-24,2313,True,-0.04884729459369641,7,2026
2026-07-24,3711,True,-0.04590603341546384,7,2026
2026-07-24,1802,True,-0.05120956030340873,7,2026
2026-07-27,2409,True,-0.06405599536448275,7,2026
2026-07-27,6414,True,-0.06331089732526701,7,2026
2026-07-27,2634,True,-0.0563567688849001,7,2026
2026-07-28,2454,True,-0.06323117404624799,7,2026
2026-07-28,2308,True,-0.06376149115265205,7,2026
2026-07-28,2303,True,-0.0632527406439015,7,2026
2026-07-28,2345,True,-0.05333210572326662,7,2026
2026-07-28,2337,True,-0.06364798506305035,7,2026
2026-07-28,2408,True,-0.06381703363938716,7,2026
2026-07-28,2360,True,-0.04023686762802846,7,2026
2026-07-28,6770,True,-0.06259243344078334,7,2026
2026-07-28,1303,True,-0.06174754086283972,7,2026
2026-07-28,2344,True,-0.0640463914375523,7,2026
2026-07-28,2351,True,-0.06373486495780155,7,2026
2026-07-28,3037,True,-0.06310299521113726,7,2026
2026-07-28,3443,True,-0.06034268773384864,7,2026
2026-07-28,2449,True,-0.10897392766943635,7,2026
2026-07-28,2313,True,-0.0517656896831664,7,2026
2026-07-28,2356,True,-0.042416297393665134,7,2026
2026-07-28,3711,True,-0.0528621809112365,7,2026
2026-07-28,3661,True,-0.06375737409651182,7,2026
2026-07-28,2368,True,-0.06013577691241266,7,2026
2026-07-28,1802,True,-0.04690353429469517,7,2026
2026-07-28,1519,True,-0.045201824725035075,7,2026
2026-07-29,2303,True,-0.07837922070774711,7,2026
2026-07-29,2345,True,-0.04518841134435419,7,2026
2026-07-29,2337,True,-0.07880805389163864,7,2026
2026-07-29,2408,True,-0.08082597847311651,7,2026
2026-07-29,6770,True,-0.07823711469666289,7,2026
2026-07-29,1303,True,-0.08018903579795728,7,2026
2026-07-29,2344,True,-0.07868514337049798,7,2026
2026-07-29,2351,True,-0.07834873429706474,7,2026
2026-07-29,2401,True,-0.04722694435910762,7,2026
2026-07-29,3037,True,-0.08093936093885173,7,2026
2026-07-29,3443,True,-0.08118969710455998,7,2026
2026-07-29,2449,True,-0.0810391923347164,7,2026
2026-07-29,2313,True,-0.04190248158783621,7,2026
2026-07-29,3711,True,-0.08074089948762592,7,2026
2026-07-29,3661,True,-0.08098138021729667,7,2026
2026-07-29,2368,True,-0.08035043659945001,7,2026
2026-07-29,1802,True,-0.0666134922801554,7,2026
2026-07-29,9933,True,-0.05307417434520683,7,2026
2026-07-30,2382,True,-0.09026590085941724,7,2026
2026-07-30,2409,True,-0.05303064109720104,7,2026
2026-07-30,2337,True,-0.09171985885618619,7,2026
2026-07-30,2379,True,-0.047275414411741795,7,2026
2026-07-30,2408,True,-0.0638556438632584,7,2026
2026-07-30,3231,True,-0.04776705649630422,7,2026
2026-07-30,2344,True,-0.0801813973177247,7,2026
2026-07-30,2313,True,-0.09113506353454884,7,2026
2026-07-30,2312,True,-0.041548037550344336,7,2026
2026-07-30,6414,True,-0.0684667087989124,7,2026
2026-07-30,1231,True,-0.0836356949580688,7,2026
2026-07-30,6446,True,-0.042645784782112145,7,2026
2026-07-31,2379,True,-0.055753254261720724,7,2026
2026-07-31,2412,True,-0.042784608770367265,7,2026
2026-07-31,3045,True,-0.048825065784789505,7,2026
2026-07-31,4904,True,-0.0404065075408384,7,2026
2026-07-31,1102,True,-0.0416912674334896,7,2026
2026-07-31,1216,True,-0.059476694857471084,7,2026
2026-07-31,2912,True,-0.06175412756968645,7,2026
2026-07-31,2903,True,-0.05340553024972127,7,2026
2026-07-31,9910,True,-0.0640762619570383,7,2026
2026-07-31,1476,True,-0.052712625593401945,7,2026
2026-07-31,2812,True,-0.04293109356610713,7,2026
2026-07-31,1434,True,-0.041430859808754376,7,2026
2026-07-31,1590,True,-0.046861200898693604,7,2026
2026-07-31,2027,True,-0.04710881864520133,7,2026
2026-07-31,2015,True,-0.05521604322839845,7,2026
2026-07-31,9933,True,-0.049653185033961315,7,2026
2026-07-31,1201,True,-0.05179620330601197,7,2026
2026-07-31,1210,True,-0.060057414950386405,7,2026
2026-07-31,1215,True,-0.06370455422551746,7,2026
2026-07-31,1227,True,-0.05903945819318945,7,2026
2026-07-31,1231,True,-0.04176473202355712,7,2026
2026-07-31,9914,True,-0.056075334313253615,7,2026
2026-07-31,9921,True,-0.05425021402123419,7,2026
2026-07-31,1707,True,-0.05542567818296384,7,2026
2026-07-31,2542,True,-0.043558941059221305,7,2026
2026-07-31,2548,True,-0.052821560553497175,7,2026
2026-07-31,5522,True,-0.04331243098678527,7,2026
2026-08-03,2308,True,-0.04845685672280455,8,2026
2026-08-03,2376,True,-0.04753270929410882,8,2026
2026-08-03,2360,True,-0.07853815753581264,8,2026
2026-08-03,2886,True,-0.04012007843976741,8,2026
2026-08-03,2207,True,-0.07638761990140411,8,2026
2026-08-03,2451,True,-0.05282712226846344,8,2026
2026-08-04,3711,True,-0.05008179840583947,8,2026
2026-08-04,2812,True,-0.09384395456032678,8,2026
2026-08-05,2801,True,-0.07412371840293791,8,2026
2026-08-05,1519,True,-0.08274200910397761,8,2026
2026-08-06,2458,True,-0.08389121474877101,8,2026
2026-08-06,1789,True,-0.04155412382800148,8,2026
2026-08-07,2303,True,-0.0432217051727961,8,2026
2026-08-07,3008,True,-0.04984610735275385,8,2026
2026-08-07,2345,True,-0.07886707853140139,8,2026
2026-08-07,2337,True,-0.05609375034458285,8,2026
2026-08-07,1476,True,-0.045965189397761834,8,2026
2026-08-07,2344,True,-0.04181386458366897,8,2026
2026-08-07,2313,True,-0.05237598416834487,8,2026
2026-08-07,1210,True,-0.04324407053332568,8,2026
2026-08-10,2610,True,-0.10540029990207207,8,2026
2026-08-10,2618,True,-0.05370360320537533,8,2026
2026-08-10,1476,True,-0.04310763259499546,8,2026
2026-08-10,2368,True,-0.07131566536937235,8,2026
2026-08-11,2892,True,-0.0656727075463714,8,2026
2026-08-11,5880,True,-0.0817547952578805,8,2026
2026-08-11,6414,True,-0.07079709983173461,8,2026
2026-08-12,2231,True,-0.04866734233287428,8,2026
2026-08-12,5522,True,-0.04209045539269251,8,2026
2026-08-13,2886,True,-0.06031338953881363,8,2026
2026-08-13,2880,True,-0.09669923637127234,8,2026
2026-08-13,1590,True,-0.08016173491997772,8,2026
2026-08-13,9914,True,-0.08539311513749828,8,2026
2026-08-14,2379,True,-0.05283832403847748,8,2026
2026-08-14,3034,True,-0.05235279667729424,8,2026
2026-08-14,2377,True,-0.0575970877022544,8,2026
2026-08-14,2027,True,-0.059581214686381265,8,2026
2026-08-14,6414,True,-0.10158663474058187,8,2026
2026-08-14,9921,True,-0.042120897226063866,8,2026
2026-08-17,2357,True,-0.05914761408769821,8,2026
2026-08-17,2337,True,-0.05565920790823588,8,2026
2026-08-17,2376,True,-0.10028575154318055,8,2026
2026-08-17,6770,True,-0.04938407011589287,8,2026
2026-08-17,2377,True,-0.060663110033746595,8,2026
2026-08-17,2356,True,-0.04669436762545444,8,2026
2026-08-17,4938,True,-0.04838303679117041,8,2026
2026-08-17,2231,True,-0.04013036863530041,8,2026
2026-08-17,6446,True,-0.06091468236079069,8,2026
2026-08-18,2337,True,-0.0505999451405757,8,2026
2026-08-18,6770,True,-0.058368533338118256,8,2026
2026-08-18,2401,True,-0.04146537503039577,8,2026
2026-08-18,3443,True,-0.046531041071671664,8,2026
2026-08-18,2449,True,-0.04298669809070893,8,2026
2026-08-18,3661,True,-0.0776602566836459,8,2026
2026-08-18,6414,True,-0.05975075548899084,8,2026
2026-08-19,2345,True,-0.04394620720523505,8,2026
2026-08-19,2408,True,-0.0650218044562441,8,2026
2026-08-19,2360,True,-0.07926269066815154,8,2026
2026-08-19,6770,True,-0.04347871409672836,8,2026
2026-08-19,1303,True,-0.06150238698051595,8,2026
2026-08-19,1326,True,-0.044456932435061366,8,2026
2026-08-19,2344,True,-0.04716102720714481,8,2026
2026-08-19,3443,True,-0.04236282058485201,8,2026
2026-08-19,2634,True,-0.06312244155077522,8,2026
2026-08-20,2454,True,-0.04397495775185788,8,2026
2026-08-20,2379,True,-0.05368911861258217,8,2026
2026-08-20,2377,True,-0.050632245040433496,8,2026
2026-08-21,2345,True,-0.040952387258182524,8,2026
2026-08-21,3037,True,-0.05594384452367408,8,2026
2026-08-21,2458,True,-0.04536946336529869,8,2026
2026-08-21,2368,True,-0.06623481585444004,8,2026
2026-08-21,2634,True,-0.04919200642219625,8,2026
2026-08-24,2408,True,-0.04737078591119947,8,2026
2026-08-24,1303,True,-0.05873442227483582,8,2026
2026-08-24,1326,True,-0.04615122759929501,8,2026
2026-08-24,2637,True,-0.04427363796111038,8,2026
2026-08-25,2360,True,-0.05412042623611913,8,2026
2026-08-25,2451,True,-0.05719325690939004,8,2026
2026-08-26,2603,True,-0.06936746697615545,8,2026
2026-08-26,2609,True,-0.10273147986156725,8,2026
2026-08-26,2615,True,-0.09930094812914878,8,2026
2026-08-26,2606,True,-0.08531493414313471,8,2026
2026-08-26,2637,True,-0.05341803523052899,8,2026
2026-08-27,2303,True,-0.04556412496830071,8,2026
2026-08-28,3037,True,-0.05801356245688615,8,2026
2026-08-28,1590,True,-0.042610447477500084,8,2026
2026-08-31,2345,True,-0.04812432106265042,8,2026
2026-08-31,3037,True,-0.1057713798861798,8,2026
2026-08-31,2449,True,-0.053919528034327986,8,2026
2026-08-31,3711,True,-0.06535270033706553,8,2026
2026-08-31,1519,True,-0.040208465978895054,8,2026
2026-08-31,6446,True,-0.10285875852695647,8,2026
2026-09-01,2408,True,-0.05657033217822177,9,2026
2026-09-01,6770,True,-0.040666802825816306,9,2026
2026-09-01,1303,True,-0.043519507246095934,9,2026
2026-09-01,2609,True,-0.04246258963369015,9,2026
2026-09-01,2344,True,-0.046146254880610804,9,2026
2026-09-01,6446,True,-0.07146171616602354,9,2026
2026-09-02,2308,True,-0.06982214241325789,9,2026
2026-09-02,2303,True,-0.046492687205609486,9,2026
2026-09-02,2845,True,-0.04505513105107226,9,2026
2026-09-03,3008,True,-0.07624203867893041,9,2026
2026-09-03,2337,True,-0.040515484230287384,9,2026
2026-09-03,2379,True,-0.04146617922110817,9,2026
2026-09-03,2408,True,-0.06992032461073748,9,2026
2026-09-03,1303,True,-0.061208680635935646,9,2026
2026-09-03,2344,True,-0.04760091821311884,9,2026
2026-09-03,3037,True,-0.04312245788481316,9,2026
2026-09-03,2313,True,-0.04394383176677474,9,2026
2026-09-03,2368,True,-0.055564783659451826,9,2026
2026-09-04,2368,True,-0.06214973781318861,9,2026
2026-09-04,6446,True,-0.04177936744281824,9,2026
2026-09-07,3008,True,-0.10303020363381166,9,2026
2026-09-07,2313,True,-0.041106355938420935,9,2026
2026-09-07,2324,True,-0.04028981901842721,9,2026
2026-09-07,3661,True,-0.04568423206983063,9,2026
2026-09-08,2382,True,-0.05010250750551834,9,2026
2026-09-08,2345,True,-0.06303501863946834,9,2026
2026-09-08,2379,True,-0.04474185775371484,9,2026
2026-09-08,3231,True,-0.04728689197763611,9,2026
2026-09-09,9910,True,-0.048696451959981735,9,2026
2026-09-09,6446,True,-0.0468328331691531,9,2026
2026-09-10,2308,True,-0.05959406449067663,9,2026
2026-09-10,2360,True,-0.059122853119570794,9,2026
2026-09-10,2615,True,-0.04015548990610265,9,2026
2026-09-10,2377,True,-0.040665019486360386,9,2026
2026-09-10,2368,True,-0.042741696802654404,9,2026
2026-09-11,2357,True,-0.05663943989656542,9,2026
2026-09-11,3711,True,-0.04014725665008481,9,2026
2026-09-11,3661,True,-0.09079318285704677,9,2026
2026-09-11,9914,True,-0.09039969155368258,9,2026
2026-09-11,9921,True,-0.09060816265055918,9,2026
