date,trend,vol20,breadth,vol_regime,breadth_regime,shock
2015-01-05,BEAR,,0.0,HIGH_VOL,NARROW,NORMAL
2015-01-06,BEAR,,0.0,HIGH_VOL,NARROW,NORMAL
2015-01-07,BEAR,,0.0,HIGH_VOL,NARROW,NORMAL
2015-01-08,BEAR,,0.0,HIGH_VOL,NARROW,NORMAL
2015-01-09,BEAR,,0.0,HIGH_VOL,NARROW,NORMAL
2015-01-12,BEAR,,0.0,HIGH_VOL,NARROW,NORMAL
2015-01-13,BEAR,,0.0,HIGH_VOL,NARROW,NORMAL
2015-01-14,BEAR,,0.0,HIGH_VOL,NARROW,NORMAL
2015-01-15,BEAR,,0.0,HIGH_VOL,NARROW,NORMAL
2015-01-16,BEAR,,0.0,HIGH_VOL,NARROW,NORMAL
2015-01-19,BEAR,,0.0,HIGH_VOL,NARROW,NORMAL
2015-01-20,BEAR,,0.0,HIGH_VOL,NARROW,NORMAL
2015-01-21,BEAR,,0.0,HIGH_VOL,NARROW,NORMAL
2015-01-22,BEAR,,0.0,HIGH_VOL,NARROW,NORMAL
2015-01-23,BEAR,,0.0,HIGH_VOL,NARROW,NORMAL
2015-01-26,BEAR,,0.0,HIGH_VOL,NARROW,NORMAL
2015-01-27,BEAR,,0.0,HIGH_VOL,NARROW,NORMAL
2015-01-28,BEAR,,0.0,HIGH_VOL,NARROW,NORMAL
2015-01-29,BEAR,,0.0,HIGH_VOL,NARROW,NORMAL
2015-01-30,BEAR,,0.0,HIGH_VOL,NARROW,NORMAL
2015-02-02,BEAR,0.006932231823006944,0.0,MID_VOL,NARROW,NORMAL
2015-02-03,BEAR,0.005511969660136563,0.0,LOW_VOL,NARROW,NORMAL
2015-02-04,BEAR,0.005592530529325036,0.0,LOW_VOL,NARROW,NORMAL
2015-02-05,BEAR,0.004783386115684028,0.0,LOW_VOL,NARROW,NORMAL
2015-02-06,BEAR,0.004891226431537664,0.0,LOW_VOL,NARROW,NORMAL
2015-02-09,BEAR,0.00487441451090318,0.0,LOW_VOL,NARROW,NORMAL
2015-02-10,BEAR,0.004738644258459884,0.0,LOW_VOL,NARROW,NORMAL
2015-02-11,BEAR,0.004713978061860316,0.0,LOW_VOL,NARROW,NORMAL
2015-02-12,BEAR,0.00471716942121595,0.0,LOW_VOL,NARROW,NORMAL
2015-02-13,BEAR,0.0043909430913790974,0.0,LOW_VOL,NARROW,NORMAL
2015-02-24,BEAR,0.004709034104126761,0.0,LOW_VOL,NARROW,NORMAL
2015-02-25,BEAR,0.004474464386821186,0.0,LOW_VOL,NARROW,NORMAL
2015-02-26,BEAR,0.004634899361034673,0.0,LOW_VOL,NARROW,NORMAL
2015-03-02,BEAR,0.004284171434859161,0.0,LOW_VOL,NARROW,NORMAL
2015-03-03,BEAR,0.004210210495254796,0.0,LOW_VOL,NARROW,NORMAL
2015-03-04,BEAR,0.004216589389495185,0.0,LOW_VOL,NARROW,NORMAL
2015-03-05,BEAR,0.004216859013157636,0.0,LOW_VOL,NARROW,NORMAL
2015-03-06,BEAR,0.00441260044413074,0.0,LOW_VOL,NARROW,NORMAL
2015-03-09,BEAR,0.004445236765143167,0.0,LOW_VOL,NARROW,NORMAL
2015-03-10,BEAR,0.004324577568667546,0.0,LOW_VOL,NARROW,NORMAL
2015-03-11,BEAR,0.004270576370493977,0.0,LOW_VOL,NARROW,NORMAL
2015-03-12,BEAR,0.004551975683846157,0.0,LOW_VOL,NARROW,NORMAL
2015-03-13,BEAR,0.0043996850551548455,0.0,LOW_VOL,NARROW,NORMAL
2015-03-16,BEAR,0.004426151664154418,0.0,LOW_VOL,NARROW,NORMAL
2015-03-17,BEAR,0.00431511348932616,0.0,LOW_VOL,NARROW,NORMAL
2015-03-18,BEAR,0.004577382036701451,0.0,LOW_VOL,NARROW,NORMAL
2015-03-19,BEAR,0.004587562077397687,0.0,LOW_VOL,NARROW,NORMAL
2015-03-20,BEAR,0.004585786029074263,0.0,LOW_VOL,NARROW,NORMAL
2015-03-23,BEAR,0.004534276626933808,0.0,LOW_VOL,NARROW,NORMAL
2015-03-24,BEAR,0.004508905502513307,0.0,LOW_VOL,NARROW,NORMAL
2015-03-25,BEAR,0.004460112329761109,0.0,LOW_VOL,NARROW,NORMAL
2015-03-26,BEAR,0.0043418331763308135,0.0,LOW_VOL,NARROW,NORMAL
2015-03-27,BEAR,0.004491971228725366,0.0,LOW_VOL,NARROW,NORMAL
2015-03-30,BEAR,0.004544905441534131,0.0,LOW_VOL,NARROW,NORMAL
2015-03-31,BEAR,0.0048949934335476555,0.0,LOW_VOL,NARROW,NORMAL
2015-04-01,BEAR,0.005163697660345048,0.0,LOW_VOL,NARROW,NORMAL
2015-04-02,BEAR,0.005319685749451409,0.0,LOW_VOL,NARROW,NORMAL
2015-04-07,BEAR,0.005306319525762621,0.0,LOW_VOL,NARROW,NORMAL
2015-04-08,BEAR,0.005214378673804828,0.0,LOW_VOL,NARROW,NORMAL
2015-04-09,BEAR,0.005173908393136387,0.6018518518518519,LOW_VOL,BROAD,NORMAL
2015-04-10,BEAR,0.005089370099666248,0.6018518518518519,LOW_VOL,BROAD,NORMAL
2015-04-13,BEAR,0.004878058414046259,0.6111111111111112,LOW_VOL,BROAD,NORMAL
2015-04-14,BEAR,0.0048813821112622885,0.6111111111111112,LOW_VOL,BROAD,NORMAL
2015-04-15,BEAR,0.005342896061269103,0.5277777777777778,LOW_VOL,MID_BREADTH,NORMAL
2015-04-16,BEAR,0.005530257688977276,0.6018518518518519,LOW_VOL,BROAD,NORMAL
2015-04-17,BEAR,0.005429218306948986,0.5555555555555556,LOW_VOL,MID_BREADTH,NORMAL
2015-04-20,BEAR,0.005368510346245996,0.5370370370370371,LOW_VOL,MID_BREADTH,NORMAL
2015-04-21,BEAR,0.005386000931895891,0.5,LOW_VOL,MID_BREADTH,NORMAL
2015-04-22,BEAR,0.005607249888641797,0.5277777777777778,LOW_VOL,MID_BREADTH,NORMAL
2015-04-23,BEAR,0.006450835061900501,0.5740740740740741,MID_VOL,MID_BREADTH,NORMAL
2015-04-24,BEAR,0.006225957115719744,0.5833333333333334,LOW_VOL,MID_BREADTH,NORMAL
2015-04-27,BEAR,0.006274658796237312,0.6111111111111112,LOW_VOL,BROAD,NORMAL
2015-04-28,BEAR,0.0059692968688331155,0.6111111111111112,LOW_VOL,BROAD,NORMAL
2015-04-29,BEAR,0.006348923439238793,0.5740740740740741,MID_VOL,MID_BREADTH,NORMAL
2015-04-30,BEAR,0.006145918559308445,0.5648148148148148,LOW_VOL,MID_BREADTH,NORMAL
2015-05-04,BEAR,0.005880772005511879,0.5833333333333334,LOW_VOL,MID_BREADTH,NORMAL
2015-05-05,BEAR,0.005767059341952083,0.5370370370370371,LOW_VOL,MID_BREADTH,NORMAL
2015-05-06,BEAR,0.005643003169333767,0.5370370370370371,LOW_VOL,MID_BREADTH,NORMAL
2015-05-07,BEAR,0.006118072084016366,0.5092592592592593,LOW_VOL,MID_BREADTH,NORMAL
2015-05-08,BEAR,0.006120375214610045,0.49074074074074076,LOW_VOL,MID_BREADTH,NORMAL
2015-05-11,BEAR,0.006368333370144248,0.49074074074074076,MID_VOL,MID_BREADTH,NORMAL
2015-05-12,BEAR,0.0062854639721504945,0.4722222222222222,LOW_VOL,MID_BREADTH,NORMAL
2015-05-13,BEAR,0.006313643441271823,0.4722222222222222,LOW_VOL,MID_BREADTH,NORMAL
2015-05-14,BEAR,0.006375680710599017,0.4537037037037037,MID_VOL,MID_BREADTH,NORMAL
2015-05-15,BEAR,0.006132306228710207,0.4444444444444444,LOW_VOL,MID_BREADTH,NORMAL
2015-05-18,BEAR,0.006055224659775671,0.46296296296296297,LOW_VOL,MID_BREADTH,NORMAL
2015-05-19,BEAR,0.006514677788323942,0.5,MID_VOL,MID_BREADTH,NORMAL
2015-05-20,BEAR,0.00651027523318641,0.46296296296296297,MID_VOL,MID_BREADTH,NORMAL
2015-05-21,BEAR,0.006866470808820103,0.39814814814814814,MID_VOL,NARROW,NORMAL
2015-05-22,BEAR,0.006181560400224984,0.4444444444444444,LOW_VOL,MID_BREADTH,NORMAL
2015-05-25,BEAR,0.006091209727357026,0.39814814814814814,LOW_VOL,NARROW,NORMAL
2015-05-26,BEAR,0.00591921144019384,0.42592592592592593,LOW_VOL,MID_BREADTH,NORMAL
2015-05-27,BEAR,0.006034346103857644,0.4351851851851852,LOW_VOL,MID_BREADTH,NORMAL
2015-05-28,BEAR,0.005859853390676285,0.4166666666666667,LOW_VOL,MID_BREADTH,NORMAL
2015-05-29,BEAR,0.005860955303938448,0.42592592592592593,LOW_VOL,MID_BREADTH,NORMAL
2015-06-01,BEAR,0.00597755160560905,0.3888888888888889,LOW_VOL,NARROW,NORMAL
2015-06-02,BEAR,0.005985516883000253,0.37037037037037035,LOW_VOL,NARROW,NORMAL
2015-06-03,BEAR,0.006141903560109889,0.32407407407407407,LOW_VOL,NARROW,NORMAL
2015-06-04,BEAR,0.007386566903637813,0.23148148148148148,MID_VOL,NARROW,NORMAL
2015-06-05,BEAR,0.007394332003856625,0.2037037037037037,MID_VOL,NARROW,NORMAL
2015-06-08,BEAR,0.007304140475432029,0.25,MID_VOL,NARROW,NORMAL
2015-06-09,BEAR,0.009344340589236529,0.16666666666666666,HIGH_VOL,NARROW,SHOCK_5D
2015-06-10,BEAR,0.01022895836304905,0.21296296296296297,HIGH_VOL,NARROW,NORMAL
2015-06-11,BEAR,0.010132421012074412,0.19444444444444445,HIGH_VOL,NARROW,NORMAL
2015-06-12,BEAR,0.010133966892689115,0.18518518518518517,HIGH_VOL,NARROW,NORMAL
2015-06-15,BEAR,0.010095704376054653,0.16666666666666666,HIGH_VOL,NARROW,NORMAL
2015-06-16,BEAR,0.00964066978028502,0.17592592592592593,HIGH_VOL,NARROW,NORMAL
2015-06-17,BEAR,0.009648238582650591,0.18518518518518517,HIGH_VOL,NARROW,NORMAL
2015-06-18,BEAR,0.009895175054868678,0.18518518518518517,HIGH_VOL,NARROW,NORMAL
2015-06-22,BEAR,0.010267229769822198,0.23148148148148148,HIGH_VOL,NARROW,NORMAL
2015-06-23,BEAR,0.010304283120515218,0.2037037037037037,HIGH_VOL,NARROW,NORMAL
2015-06-24,BEAR,0.010262109540471706,0.21296296296296297,HIGH_VOL,NARROW,NORMAL
2015-06-25,BEAR,0.01039487478810787,0.28703703703703703,HIGH_VOL,NARROW,NORMAL
2015-06-26,BEAR,0.010363837400813933,0.25,HIGH_VOL,NARROW,NORMAL
2015-06-29,BEAR,0.011001631638488704,0.16666666666666666,HIGH_VOL,NARROW,NORMAL
2015-06-30,BEAR,0.011357842281409115,0.19444444444444445,HIGH_VOL,NARROW,NORMAL
2015-07-01,BEAR,0.011673370739456524,0.21296296296296297,HIGH_VOL,NARROW,NORMAL
2015-07-02,BEAR,0.011629553789234422,0.23148148148148148,HIGH_VOL,NARROW,NORMAL
2015-07-03,BEAR,0.010594830388250012,0.21296296296296297,HIGH_VOL,NARROW,NORMAL
2015-07-06,BEAR,0.010810688382104604,0.17592592592592593,HIGH_VOL,NARROW,NORMAL
2015-07-07,BEAR,0.010811813152031852,0.2222222222222222,HIGH_VOL,NARROW,NORMAL
2015-07-08,BEAR,0.011380311656096811,0.08333333333333333,HIGH_VOL,NARROW,NORMAL
2015-07-09,BEAR,0.010677013284420316,0.09259259259259259,HIGH_VOL,NARROW,SHOCK_5D
2015-07-13,BEAR,0.011106902911446117,0.17592592592592593,HIGH_VOL,NARROW,NORMAL
2015-07-14,BEAR,0.011097563621521912,0.1574074074074074,HIGH_VOL,NARROW,NORMAL
2015-07-15,BEAR,0.011082749830440435,0.16666666666666666,HIGH_VOL,NARROW,NORMAL
2015-07-16,BEAR,0.010918072792976224,0.16666666666666666,HIGH_VOL,NARROW,NORMAL
2015-07-17,BEAR,0.010926822424905743,0.1574074074074074,HIGH_VOL,NARROW,NORMAL
2015-07-20,BEAR,0.01082842622975365,0.1574074074074074,HIGH_VOL,NARROW,NORMAL
2015-07-21,BEAR,0.010377053989317193,0.17592592592592593,HIGH_VOL,NARROW,NORMAL
2015-07-22,BEAR,0.010388925876173119,0.14814814814814814,HIGH_VOL,NARROW,NORMAL
2015-07-23,BEAR,0.010585634176822685,0.12962962962962962,HIGH_VOL,NARROW,NORMAL
2015-07-24,BEAR,0.01031613528890157,0.1388888888888889,HIGH_VOL,NARROW,NORMAL
2015-07-27,BEAR,0.01154732460430453,0.07407407407407407,HIGH_VOL,NARROW,NORMAL
2015-07-28,BEAR,0.011109460858592365,0.07407407407407407,HIGH_VOL,NARROW,NORMAL
2015-07-29,BEAR,0.010669773895305469,0.09259259259259259,HIGH_VOL,NARROW,NORMAL
2015-07-30,BEAR,0.010634061272038064,0.12962962962962962,HIGH_VOL,NARROW,NORMAL
2015-07-31,BEAR,0.01053483530820298,0.1388888888888889,HIGH_VOL,NARROW,NORMAL
2015-08-03,BEAR,0.010569094573957383,0.1111111111111111,HIGH_VOL,NARROW,NORMAL
2015-08-04,BEAR,0.010491330726836655,0.14814814814814814,HIGH_VOL,NARROW,NORMAL
2015-08-05,BEAR,0.010777871120608129,0.16666666666666666,HIGH_VOL,NARROW,NORMAL
2015-08-06,BEAR,0.008878318225112113,0.12037037037037036,HIGH_VOL,NARROW,NORMAL
2015-08-07,BEAR,0.008848284069470636,0.12037037037037036,HIGH_VOL,NARROW,NORMAL
2015-08-10,BEAR,0.009053459600675866,0.1388888888888889,HIGH_VOL,NARROW,NORMAL
2015-08-11,BEAR,0.009220438146752932,0.12037037037037036,HIGH_VOL,NARROW,NORMAL
2015-08-12,BEAR,0.009369438008813508,0.12962962962962962,HIGH_VOL,NARROW,NORMAL
2015-08-13,BEAR,0.00933523943158558,0.1388888888888889,HIGH_VOL,NARROW,NORMAL
2015-08-14,BEAR,0.009354373791418218,0.14814814814814814,HIGH_VOL,NARROW,NORMAL
2015-08-17,BEAR,0.009438548645099914,0.12037037037037036,HIGH_VOL,NARROW,NORMAL
2015-08-18,BEAR,0.009373920832191863,0.09259259259259259,HIGH_VOL,NARROW,NORMAL
2015-08-19,BEAR,0.010794842945387347,0.07407407407407407,HIGH_VOL,NARROW,NORMAL
2015-08-20,BEAR,0.010824524668625305,0.09259259259259259,HIGH_VOL,NARROW,NORMAL
2015-08-21,BEAR,0.012297214971148853,0.07407407407407407,HIGH_VOL,NARROW,SHOCK_5D
2015-08-24,BEAR,0.01646903917277533,0.037037037037037035,HIGH_VOL,NARROW,SHOCK_5D
2015-08-25,BEAR,0.01830775335398398,0.05555555555555555,HIGH_VOL,NARROW,SHOCK_5D
2015-08-26,BEAR,0.018615108671692086,0.05555555555555555,HIGH_VOL,NARROW,SHOCK_5D
2015-08-27,BEAR,0.01915952960805022,0.05555555555555555,HIGH_VOL,NARROW,NORMAL
2015-08-28,BEAR,0.020382357594630723,0.07407407407407407,HIGH_VOL,NARROW,NORMAL
2015-08-31,BEAR,0.02065375822712923,0.12962962962962962,HIGH_VOL,NARROW,NORMAL
2015-09-01,BEAR,0.020728059253326648,0.10185185185185185,HIGH_VOL,NARROW,NORMAL
2015-09-02,BEAR,0.02059875230582129,0.09259259259259259,HIGH_VOL,NARROW,NORMAL
2015-09-03,BEAR,0.020681722872302084,0.1574074074074074,HIGH_VOL,NARROW,NORMAL
2015-09-04,BEAR,0.020823826489374007,0.10185185185185185,HIGH_VOL,NARROW,NORMAL
2015-09-07,BEAR,0.02047390705970225,0.12037037037037036,HIGH_VOL,NARROW,NORMAL
2015-09-08,BEAR,0.020432921433873243,0.1388888888888889,HIGH_VOL,NARROW,NORMAL
2015-09-09,BEAR,0.021666677440763234,0.19444444444444445,HIGH_VOL,NARROW,NORMAL
2015-09-10,BEAR,0.021721624389361045,0.19444444444444445,HIGH_VOL,NARROW,NORMAL
2015-09-11,BEAR,0.02172476398557123,0.19444444444444445,HIGH_VOL,NARROW,NORMAL
2015-09-14,BEAR,0.02156119173825311,0.18518518518518517,HIGH_VOL,NARROW,NORMAL
2015-09-15,BEAR,0.02148832928742346,0.21296296296296297,HIGH_VOL,NARROW,NORMAL
2015-09-16,BEAR,0.02040949749213221,0.24074074074074073,HIGH_VOL,NARROW,NORMAL
2015-09-17,BEAR,0.020499897798369037,0.2962962962962963,HIGH_VOL,NARROW,NORMAL
2015-09-18,BEAR,0.01889873983409746,0.37037037037037035,HIGH_VOL,NARROW,NORMAL
2015-09-21,BEAR,0.013030655065437274,0.2962962962962963,HIGH_VOL,NARROW,NORMAL
2015-09-22,BEAR,0.011934518564410421,0.3333333333333333,HIGH_VOL,NARROW,NORMAL
2015-09-23,BEAR,0.013228377300699734,0.21296296296296297,HIGH_VOL,NARROW,NORMAL
2015-09-24,BEAR,0.013249942577102462,0.19444444444444445,HIGH_VOL,NARROW,NORMAL
2015-09-25,BEAR,0.012049000324880604,0.19444444444444445,HIGH_VOL,NARROW,NORMAL
2015-09-30,BEAR,0.01178955728954122,0.2037037037037037,HIGH_VOL,NARROW,NORMAL
2015-10-01,BEAR,0.01198437722204962,0.2777777777777778,HIGH_VOL,NARROW,NORMAL
2015-10-02,BEAR,0.011986954016364237,0.2962962962962963,HIGH_VOL,NARROW,NORMAL
2015-10-05,BEAR,0.011909796038280455,0.37962962962962965,HIGH_VOL,NARROW,NORMAL
2015-10-06,BEAR,0.011359991135014149,0.4351851851851852,HIGH_VOL,MID_BREADTH,NORMAL
2015-10-07,BEAR,0.011484948191463493,0.5277777777777778,HIGH_VOL,MID_BREADTH,NORMAL
2015-10-08,BEAR,0.01197972551806471,0.4537037037037037,HIGH_VOL,MID_BREADTH,NORMAL
2015-10-12,BEAR,0.01030503705784004,0.5925925925925926,HIGH_VOL,MID_BREADTH,NORMAL
2015-10-13,BEAR,0.01024337407340528,0.6203703703703703,HIGH_VOL,BROAD,NORMAL
2015-10-14,BEAR,0.010292956439857733,0.5555555555555556,HIGH_VOL,MID_BREADTH,NORMAL
2015-10-15,BEAR,0.010408038555168501,0.6388888888888888,HIGH_VOL,BROAD,NORMAL
2015-10-16,BEAR,0.01038309877085344,0.6759259259259259,HIGH_VOL,BROAD,NORMAL
2015-10-19,BEAR,0.010378439741543209,0.7314814814814815,HIGH_VOL,BROAD,NORMAL
2015-10-20,BEAR,0.010175555454518365,0.75,HIGH_VOL,BROAD,NORMAL
2015-10-21,BEAR,0.010221683309594214,0.7222222222222222,HIGH_VOL,BROAD,NORMAL
2015-10-22,BEAR,0.009183015028460076,0.75,HIGH_VOL,BROAD,NORMAL
2015-10-23,BEAR,0.009131955068516131,0.7592592592592593,HIGH_VOL,BROAD,NORMAL
2015-10-26,BEAR,0.007698272506884037,0.7962962962962963,MID_VOL,BROAD,NORMAL
2015-10-27,BEAR,0.006844610488429813,0.7777777777777778,MID_VOL,BROAD,NORMAL
2015-10-28,BEAR,0.0070034716153429075,0.7592592592592593,MID_VOL,BROAD,NORMAL
2015-10-29,BEAR,0.007765431845146849,0.6851851851851852,MID_VOL,BROAD,NORMAL
2015-10-30,BEAR,0.007138814036424031,0.6481481481481481,MID_VOL,BROAD,NORMAL
2015-11-02,BEAR,0.007200007545826849,0.6666666666666666,MID_VOL,BROAD,NORMAL
2015-11-03,BEAR,0.007227147718123313,0.7592592592592593,MID_VOL,BROAD,NORMAL
2015-11-04,BEAR,0.007597271223129554,0.8055555555555556,MID_VOL,BROAD,NORMAL
2015-11-05,BEAR,0.0073798896793701475,0.8240740740740741,MID_VOL,BROAD,NORMAL
2015-11-06,BEAR,0.0078367998192961,0.75,MID_VOL,BROAD,NORMAL
2015-11-09,BEAR,0.007707450910028333,0.6944444444444444,MID_VOL,BROAD,NORMAL
2015-11-10,BEAR,0.008126964356339387,0.5925925925925926,MID_VOL,MID_BREADTH,NORMAL
2015-11-11,BEAR,0.008827040248909688,0.49074074074074076,HIGH_VOL,MID_BREADTH,SHOCK_5D
2015-11-12,BEAR,0.008600335589753146,0.49074074074074076,MID_VOL,MID_BREADTH,SHOCK_5D
2015-11-13,BEAR,0.00875616859631275,0.39814814814814814,HIGH_VOL,NARROW,NORMAL
2015-11-16,BEAR,0.008639469506266572,0.37037037037037035,MID_VOL,NARROW,NORMAL
2015-11-17,BEAR,0.009229957429764374,0.4722222222222222,HIGH_VOL,MID_BREADTH,NORMAL
2015-11-18,BEAR,0.009251510323474472,0.3888888888888889,HIGH_VOL,NARROW,NORMAL
2015-11-19,BEAR,0.00979442043063846,0.4722222222222222,HIGH_VOL,MID_BREADTH,NORMAL
2015-11-20,BEAR,0.009756310081510775,0.4444444444444444,HIGH_VOL,MID_BREADTH,NORMAL
2015-11-23,BEAR,0.009327508729237056,0.4537037037037037,HIGH_VOL,MID_BREADTH,NORMAL
2015-11-24,BEAR,0.009376268336400238,0.37962962962962965,HIGH_VOL,NARROW,NORMAL
2015-11-25,BEAR,0.009378405286097817,0.35185185185185186,HIGH_VOL,NARROW,NORMAL
2015-11-26,BEAR,0.00972331092481388,0.4166666666666667,HIGH_VOL,MID_BREADTH,NORMAL
2015-11-27,BEAR,0.009798516666584366,0.37962962962962965,HIGH_VOL,NARROW,NORMAL
2015-11-30,BEAR,0.00992561749078003,0.3055555555555556,HIGH_VOL,NARROW,NORMAL
2015-12-01,BEAR,0.010202805508829437,0.4166666666666667,HIGH_VOL,MID_BREADTH,NORMAL
2015-12-02,BEAR,0.009645390892560264,0.3611111111111111,HIGH_VOL,NARROW,NORMAL
2015-12-03,BEAR,0.00960749651462017,0.37037037037037035,HIGH_VOL,NARROW,NORMAL
2015-12-04,BEAR,0.009053788889565926,0.3333333333333333,HIGH_VOL,NARROW,NORMAL
2015-12-07,BEAR,0.009121069739769234,0.37037037037037035,HIGH_VOL,NARROW,NORMAL
2015-12-08,BEAR,0.009241611895616406,0.32407407407407407,HIGH_VOL,NARROW,NORMAL
2015-12-09,BEAR,0.009096131120209953,0.28703703703703703,HIGH_VOL,NARROW,NORMAL
2015-12-10,BEAR,0.009101535965208568,0.26851851851851855,HIGH_VOL,NARROW,NORMAL
2015-12-11,BEAR,0.009356517710581047,0.2037037037037037,HIGH_VOL,NARROW,NORMAL
2015-12-14,BEAR,0.009406281501983377,0.17592592592592593,HIGH_VOL,NARROW,SHOCK_5D
2015-12-15,BEAR,0.009182672834600286,0.21296296296296297,HIGH_VOL,NARROW,NORMAL
2015-12-16,BEAR,0.009554605940347833,0.24074074074074073,HIGH_VOL,NARROW,NORMAL
2015-12-17,BEAR,0.009958519455861962,0.2962962962962963,HIGH_VOL,NARROW,NORMAL
2015-12-18,BEAR,0.009959716002342448,0.3055555555555556,HIGH_VOL,NARROW,NORMAL
2015-12-21,BEAR,0.010068785217498872,0.32407407407407407,HIGH_VOL,NARROW,NORMAL
2015-12-22,BEAR,0.0099677251818299,0.3333333333333333,HIGH_VOL,NARROW,NORMAL
2015-12-23,BEAR,0.009945201782903267,0.3425925925925926,HIGH_VOL,NARROW,NORMAL
2015-12-24,BEAR,0.009458919105754665,0.2962962962962963,HIGH_VOL,NARROW,NORMAL
2015-12-25,BEAR,0.009425711721548474,0.32407407407407407,HIGH_VOL,NARROW,NORMAL
2015-12-28,BEAR,0.008990293938265396,0.3055555555555556,HIGH_VOL,NARROW,NORMAL
2015-12-29,BEAR,0.008563118261440426,0.28703703703703703,MID_VOL,NARROW,NORMAL
2015-12-30,BEAR,0.008580474332678245,0.28703703703703703,MID_VOL,NARROW,NORMAL
2015-12-31,BEAR,0.008671794263965001,0.3333333333333333,MID_VOL,NARROW,NORMAL
2016-01-04,BEAR,0.01024989942859178,0.2037037037037037,HIGH_VOL,NARROW,NORMAL
2016-01-05,BEAR,0.01002114852225415,0.17592592592592593,HIGH_VOL,NARROW,NORMAL
2016-01-06,BEAR,0.00982949495844212,0.1388888888888889,HIGH_VOL,NARROW,NORMAL
2016-01-07,BEAR,0.010293281767477062,0.12037037037037036,HIGH_VOL,NARROW,SHOCK_5D
2016-01-08,BEAR,0.010514245792960387,0.1388888888888889,HIGH_VOL,NARROW,SHOCK_5D
2016-01-11,BEAR,0.01084739546631149,0.08333333333333333,HIGH_VOL,NARROW,NORMAL
2016-01-12,BEAR,0.010745325992108489,0.08333333333333333,HIGH_VOL,NARROW,NORMAL
2016-01-13,BEAR,0.010541193789534681,0.08333333333333333,HIGH_VOL,NARROW,NORMAL
2016-01-14,BEAR,0.01027079197161281,0.09259259259259259,HIGH_VOL,NARROW,NORMAL
2016-01-15,BEAR,0.009104354619951916,0.06481481481481481,HIGH_VOL,NARROW,NORMAL
2016-01-18,BEAR,0.01005016286804556,0.1111111111111111,HIGH_VOL,NARROW,NORMAL
2016-01-19,BEAR,0.00990944968240448,0.14814814814814814,HIGH_VOL,NARROW,NORMAL
2016-01-20,BEAR,0.010672742270956215,0.08333333333333333,HIGH_VOL,NARROW,NORMAL
2016-01-21,BEAR,0.010547184069057233,0.06481481481481481,HIGH_VOL,NARROW,NORMAL
2016-01-22,BEAR,0.01091204891141747,0.09259259259259259,HIGH_VOL,NARROW,NORMAL
2016-01-25,BEAR,0.011942854241776006,0.16666666666666666,HIGH_VOL,NARROW,NORMAL
2016-01-26,BEAR,0.011946717997257529,0.12962962962962962,HIGH_VOL,NARROW,NORMAL
2016-01-27,BEAR,0.011991380826811978,0.17592592592592593,HIGH_VOL,NARROW,NORMAL
2016-01-28,BEAR,0.012474911823435913,0.25925925925925924,HIGH_VOL,NARROW,NORMAL
2016-01-29,BEAR,0.013366236231844712,0.3425925925925926,HIGH_VOL,NARROW,NORMAL
2016-01-30,BEAR,0.012494740574218538,0.4074074074074074,HIGH_VOL,NARROW,NORMAL
2016-02-01,BEAR,0.012467073411175155,0.48148148148148145,HIGH_VOL,MID_BREADTH,NORMAL
2016-02-02,BEAR,0.01228850127063621,0.4722222222222222,HIGH_VOL,MID_BREADTH,NORMAL
2016-02-03,BEAR,0.011731387338414062,0.3888888888888889,HIGH_VOL,NARROW,NORMAL
2016-02-15,BEAR,0.011647647711320808,0.4537037037037037,HIGH_VOL,MID_BREADTH,NORMAL
2016-02-16,BEAR,0.011372623641762357,0.5555555555555556,HIGH_VOL,MID_BREADTH,NORMAL
2016-02-17,BEAR,0.0112912533087619,0.5740740740740741,HIGH_VOL,MID_BREADTH,NORMAL
2016-02-18,BULL,0.011435652586109854,0.5925925925925926,HIGH_VOL,MID_BREADTH,NORMAL
2016-02-19,BULL,0.010942919552780116,0.6111111111111112,HIGH_VOL,BROAD,NORMAL
2016-02-22,BULL,0.010817429459260237,0.6296296296296297,HIGH_VOL,BROAD,NORMAL
2016-02-23,BULL,0.01050320100804218,0.6296296296296297,HIGH_VOL,BROAD,NORMAL
2016-02-24,BULL,0.010658415475428817,0.6203703703703703,HIGH_VOL,BROAD,NORMAL
2016-02-25,BULL,0.009042856231063382,0.6574074074074074,HIGH_VOL,BROAD,NORMAL
2016-02-26,BULL,0.008739659107642543,0.7222222222222222,MID_VOL,BROAD,NORMAL
2016-03-01,BULL,0.008750969940336934,0.7407407407407407,MID_VOL,BROAD,NORMAL
2016-03-02,BULL,0.008113192250932294,0.8148148148148148,MID_VOL,BROAD,NORMAL
2016-03-03,BULL,0.007816206380642033,0.8425925925925926,MID_VOL,BROAD,NORMAL
2016-03-04,BULL,0.00777731166765511,0.8518518518518519,MID_VOL,BROAD,NORMAL
2016-03-07,BULL,0.007613215206745499,0.8611111111111112,MID_VOL,BROAD,NORMAL
2016-03-08,BULL,0.006863989002260358,0.8796296296296297,MID_VOL,BROAD,NORMAL
2016-03-09,BULL,0.0067527614225949655,0.8981481481481481,MID_VOL,BROAD,NORMAL
2016-03-10,BULL,0.006659469952098579,0.9166666666666666,MID_VOL,BROAD,NORMAL
2016-03-11,BULL,0.006591162364386838,0.9166666666666666,MID_VOL,BROAD,NORMAL
2016-03-14,BULL,0.005460776126727232,0.8888888888888888,LOW_VOL,BROAD,NORMAL
2016-03-15,BULL,0.007585102299864433,0.7962962962962963,MID_VOL,BROAD,NORMAL
2016-03-16,BULL,0.006879695884446997,0.8425925925925926,MID_VOL,BROAD,NORMAL
2016-03-17,BULL,0.006831208967377598,0.8611111111111112,MID_VOL,BROAD,NORMAL
2016-03-18,BULL,0.006616499913053267,0.8981481481481481,MID_VOL,BROAD,NORMAL
2016-03-21,BULL,0.006616259176959253,0.9259259259259259,MID_VOL,BROAD,NORMAL
2016-03-22,BULL,0.006776290015795668,0.8981481481481481,MID_VOL,BROAD,NORMAL
2016-03-23,BULL,0.006969508678920157,0.8518518518518519,MID_VOL,BROAD,NORMAL
2016-03-24,BULL,0.00697859760878257,0.7962962962962963,MID_VOL,BROAD,NORMAL
2016-03-25,BULL,0.007007883566385239,0.7962962962962963,MID_VOL,BROAD,NORMAL
2016-03-28,BULL,0.006931588949899892,0.75,MID_VOL,BROAD,NORMAL
2016-03-29,BULL,0.007294953951500974,0.6944444444444444,MID_VOL,BROAD,NORMAL
2016-03-30,BULL,0.007739953935839243,0.7314814814814815,MID_VOL,BROAD,NORMAL
2016-03-31,BULL,0.007429725700037339,0.7870370370370371,MID_VOL,BROAD,NORMAL
2016-04-01,BULL,0.007475961720507983,0.7222222222222222,MID_VOL,BROAD,NORMAL
2016-04-06,BULL,0.007788898519139528,0.6666666666666666,MID_VOL,BROAD,NORMAL
2016-04-07,BULL,0.007828923749864315,0.6296296296296297,MID_VOL,BROAD,NORMAL
2016-04-08,BULL,0.007909204851628871,0.6851851851851852,MID_VOL,BROAD,NORMAL
2016-04-11,BULL,0.007856272936027066,0.6759259259259259,MID_VOL,BROAD,NORMAL
2016-04-12,BULL,0.007895035855154003,0.6111111111111112,MID_VOL,BROAD,NORMAL
2016-04-13,BULL,0.008480101559457047,0.6944444444444444,MID_VOL,BROAD,NORMAL
2016-04-14,BULL,0.007417686459558934,0.6944444444444444,MID_VOL,BROAD,NORMAL
2016-04-15,BULL,0.007152865152789815,0.75,MID_VOL,BROAD,NORMAL
2016-04-18,BULL,0.007150440688503643,0.7222222222222222,MID_VOL,BROAD,NORMAL
2016-04-19,BULL,0.006959664914675222,0.6759259259259259,MID_VOL,BROAD,NORMAL
2016-04-20,BULL,0.007469386283686555,0.5925925925925926,MID_VOL,MID_BREADTH,NORMAL
2016-04-21,BULL,0.007517291178653064,0.5925925925925926,MID_VOL,MID_BREADTH,NORMAL
2016-04-22,BULL,0.007501546277142832,0.5462962962962963,MID_VOL,MID_BREADTH,NORMAL
2016-04-25,BULL,0.007520348570484789,0.5740740740740741,MID_VOL,MID_BREADTH,NORMAL
2016-04-26,BULL,0.007575311169974157,0.6111111111111112,MID_VOL,BROAD,NORMAL
2016-04-27,BULL,0.00753071943650307,0.5740740740740741,MID_VOL,MID_BREADTH,NORMAL
2016-04-28,BULL,0.007365808950294394,0.5185185185185185,MID_VOL,MID_BREADTH,NORMAL
2016-04-29,BULL,0.006749237550501424,0.49074074074074076,MID_VOL,MID_BREADTH,NORMAL
2016-05-03,BEAR,0.006996369354367695,0.39814814814814814,MID_VOL,NARROW,NORMAL
2016-05-04,BEAR,0.00758399704993162,0.3055555555555556,MID_VOL,NARROW,NORMAL
2016-05-05,BEAR,0.007244668747974983,0.2962962962962963,MID_VOL,NARROW,NORMAL
2016-05-06,BEAR,0.007218336900284274,0.2777777777777778,MID_VOL,NARROW,NORMAL
2016-05-09,BEAR,0.007106211641340138,0.25,MID_VOL,NARROW,NORMAL
2016-05-10,BEAR,0.007086001917027173,0.25,MID_VOL,NARROW,NORMAL
2016-05-11,BEAR,0.0070589916845798335,0.25,MID_VOL,NARROW,NORMAL
2016-05-12,BEAR,0.006008934767495168,0.25925925925925924,LOW_VOL,NARROW,NORMAL
2016-05-13,BEAR,0.005908869343023919,0.2777777777777778,LOW_VOL,NARROW,NORMAL
2016-05-16,BEAR,0.00559620432693811,0.2777777777777778,LOW_VOL,NARROW,NORMAL
2016-05-17,BEAR,0.006216252241877685,0.28703703703703703,LOW_VOL,NARROW,NORMAL
2016-05-18,BEAR,0.006285465532154593,0.3055555555555556,LOW_VOL,NARROW,NORMAL
2016-05-19,BEAR,0.005909639218148502,0.2777777777777778,LOW_VOL,NARROW,NORMAL
2016-05-20,BEAR,0.006054106284302408,0.2777777777777778,LOW_VOL,NARROW,NORMAL
2016-05-23,BEAR,0.008216293288001523,0.3425925925925926,MID_VOL,NARROW,NORMAL
2016-05-24,BEAR,0.008177972483362021,0.3333333333333333,MID_VOL,NARROW,NORMAL
2016-05-25,BULL,0.008495693567523282,0.35185185185185186,MID_VOL,NARROW,NORMAL
2016-05-26,BULL,0.00853989658196295,0.3425925925925926,MID_VOL,NARROW,NORMAL
2016-05-27,BULL,0.00847692552294633,0.4074074074074074,MID_VOL,NARROW,NORMAL
2016-05-30,BULL,0.00863776095148267,0.4351851851851852,MID_VOL,MID_BREADTH,NORMAL
2016-05-31,BULL,0.008276322992058613,0.49074074074074076,MID_VOL,MID_BREADTH,NORMAL
2016-06-01,BULL,0.0073494171356208735,0.5277777777777778,MID_VOL,MID_BREADTH,NORMAL
2016-06-02,BULL,0.007502751515737306,0.5185185185185185,MID_VOL,MID_BREADTH,NORMAL
2016-06-03,BULL,0.0074095282270954885,0.5092592592592593,MID_VOL,MID_BREADTH,NORMAL
2016-06-04,BULL,0.00732850759687821,0.5277777777777778,MID_VOL,MID_BREADTH,NORMAL
2016-06-06,BULL,0.0073846722700396765,0.5370370370370371,MID_VOL,MID_BREADTH,NORMAL
2016-06-07,BULL,0.007538001066191866,0.6111111111111112,MID_VOL,BROAD,NORMAL
2016-06-08,BULL,0.007377213932014229,0.5925925925925926,MID_VOL,MID_BREADTH,NORMAL
2016-06-13,BULL,0.008358793632283514,0.4722222222222222,MID_VOL,MID_BREADTH,NORMAL
2016-06-14,BULL,0.008377233756184044,0.5277777777777778,MID_VOL,MID_BREADTH,NORMAL
2016-06-15,BULL,0.00826953091671652,0.5370370370370371,MID_VOL,MID_BREADTH,NORMAL
2016-06-16,BULL,0.008776504828062524,0.46296296296296297,HIGH_VOL,MID_BREADTH,NORMAL
2016-06-17,BULL,0.008474509372416497,0.5092592592592593,MID_VOL,MID_BREADTH,NORMAL
2016-06-20,BULL,0.008555267066272059,0.6296296296296297,MID_VOL,BROAD,NORMAL
2016-06-21,BULL,0.007333356359278973,0.6296296296296297,MID_VOL,BROAD,NORMAL
2016-06-22,BULL,0.0071443308411917265,0.6666666666666666,MID_VOL,BROAD,NORMAL
2016-06-23,BULL,0.007088540158202554,0.6666666666666666,MID_VOL,BROAD,NORMAL
2016-06-24,BULL,0.008998689236548,0.4444444444444444,HIGH_VOL,MID_BREADTH,NORMAL
2016-06-27,BULL,0.00888327449923095,0.4444444444444444,HIGH_VOL,MID_BREADTH,NORMAL
2016-06-28,BULL,0.008579365023116067,0.5370370370370371,MID_VOL,MID_BREADTH,NORMAL
2016-06-29,BULL,0.008800515119363396,0.5740740740740741,HIGH_VOL,MID_BREADTH,NORMAL
2016-06-30,BULL,0.008829630320605079,0.6388888888888888,HIGH_VOL,BROAD,NORMAL
2016-07-01,BULL,0.008764781460388187,0.6944444444444444,HIGH_VOL,BROAD,NORMAL
2016-07-04,BULL,0.008850749757679719,0.7037037037037037,HIGH_VOL,BROAD,NORMAL
2016-07-05,BULL,0.008877624411557176,0.7037037037037037,HIGH_VOL,BROAD,NORMAL
2016-07-06,BULL,0.009621122381201457,0.6111111111111112,HIGH_VOL,BROAD,NORMAL
2016-07-07,BULL,0.009466725812381995,0.6388888888888888,HIGH_VOL,BROAD,NORMAL
2016-07-11,BULL,0.009942605120460577,0.7222222222222222,HIGH_VOL,BROAD,NORMAL
2016-07-12,BULL,0.008967576602594259,0.7685185185185185,HIGH_VOL,BROAD,NORMAL
2016-07-13,BULL,0.008969053490420606,0.7407407407407407,HIGH_VOL,BROAD,NORMAL
2016-07-14,BULL,0.008956825428276995,0.7685185185185185,HIGH_VOL,BROAD,NORMAL
2016-07-15,BULL,0.008576719141382139,0.7962962962962963,MID_VOL,BROAD,NORMAL
2016-07-18,BULL,0.008581758030445363,0.8148148148148148,MID_VOL,BROAD,NORMAL
2016-07-19,BULL,0.008501453338930653,0.8055555555555556,MID_VOL,BROAD,NORMAL
2016-07-20,BULL,0.00851519453686989,0.7962962962962963,MID_VOL,BROAD,NORMAL
2016-07-21,BULL,0.008546101901523084,0.8240740740740741,MID_VOL,BROAD,NORMAL
2016-07-22,BULL,0.008486433748858444,0.8333333333333334,MID_VOL,BROAD,NORMAL
2016-07-25,BULL,0.006398707410208241,0.7962962962962963,MID_VOL,BROAD,NORMAL
2016-07-26,BULL,0.006412936287898133,0.8240740740740741,MID_VOL,BROAD,NORMAL
2016-07-27,BULL,0.006411869677518507,0.8055555555555556,MID_VOL,BROAD,NORMAL
2016-07-28,BULL,0.006323002025223296,0.7870370370370371,LOW_VOL,BROAD,NORMAL
2016-07-29,BULL,0.0065092650514446395,0.7129629629629629,MID_VOL,BROAD,NORMAL
2016-08-01,BULL,0.006575226692770551,0.7407407407407407,MID_VOL,BROAD,NORMAL
2016-08-02,BULL,0.006527404852341193,0.7407407407407407,MID_VOL,BROAD,NORMAL
2016-08-03,BULL,0.006684160099902331,0.7037037037037037,MID_VOL,BROAD,NORMAL
2016-08-04,BULL,0.0053911574845199725,0.6851851851851852,LOW_VOL,BROAD,NORMAL
2016-08-05,BULL,0.005372911715906938,0.7222222222222222,LOW_VOL,BROAD,NORMAL
2016-08-08,BULL,0.004600095070044881,0.7037037037037037,LOW_VOL,BROAD,NORMAL
2016-08-09,BULL,0.004684253576603892,0.6944444444444444,LOW_VOL,BROAD,NORMAL
2016-08-10,BULL,0.0045536004225511075,0.6851851851851852,LOW_VOL,BROAD,NORMAL
2016-08-11,BULL,0.004758326451471508,0.6574074074074074,LOW_VOL,BROAD,NORMAL
2016-08-12,BULL,0.0043812079592035315,0.6481481481481481,LOW_VOL,BROAD,NORMAL
2016-08-15,BULL,0.0041201396125598744,0.6388888888888888,LOW_VOL,BROAD,NORMAL
2016-08-16,BULL,0.0039105092656256946,0.6111111111111112,LOW_VOL,BROAD,NORMAL
2016-08-17,BULL,0.003846678959190765,0.6296296296296297,LOW_VOL,BROAD,NORMAL
2016-08-18,BULL,0.003580954218586593,0.5740740740740741,LOW_VOL,MID_BREADTH,NORMAL
2016-08-19,BULL,0.004055707916151976,0.49074074074074076,LOW_VOL,MID_BREADTH,NORMAL
2016-08-22,BULL,0.004226449096963769,0.4444444444444444,LOW_VOL,MID_BREADTH,NORMAL
2016-08-23,BULL,0.004484578738387343,0.4444444444444444,LOW_VOL,MID_BREADTH,NORMAL
2016-08-24,BULL,0.004484744192292523,0.4537037037037037,LOW_VOL,MID_BREADTH,NORMAL
2016-08-25,BULL,0.004918118242734004,0.48148148148148145,LOW_VOL,MID_BREADTH,NORMAL
2016-08-26,BULL,0.004782438888361699,0.5092592592592593,LOW_VOL,MID_BREADTH,NORMAL
2016-08-29,BULL,0.004524051458742891,0.42592592592592593,LOW_VOL,MID_BREADTH,NORMAL
2016-08-30,BULL,0.004527688387465934,0.39814814814814814,LOW_VOL,NARROW,NORMAL
2016-08-31,BULL,0.004524376495010292,0.37962962962962965,LOW_VOL,NARROW,NORMAL
2016-09-01,BULL,0.004589598155805977,0.35185185185185186,LOW_VOL,NARROW,NORMAL
2016-09-02,BULL,0.004379936908789056,0.37962962962962965,LOW_VOL,NARROW,NORMAL
2016-09-05,BULL,0.00496411150118436,0.3888888888888889,LOW_VOL,NARROW,NORMAL
2016-09-06,BULL,0.0055492036734150745,0.5370370370370371,LOW_VOL,MID_BREADTH,NORMAL
2016-09-07,BULL,0.005566201806370241,0.5648148148148148,LOW_VOL,MID_BREADTH,NORMAL
2016-09-08,BULL,0.005485020515431015,0.5648148148148148,LOW_VOL,MID_BREADTH,NORMAL
2016-09-09,BULL,0.0058425063415519,0.49074074074074076,LOW_VOL,MID_BREADTH,NORMAL
2016-09-10,BULL,0.006397119426668995,0.37962962962962965,MID_VOL,NARROW,NORMAL
2016-09-12,BULL,0.006695245557623258,0.2777777777777778,MID_VOL,NARROW,NORMAL
2016-09-13,BULL,0.006700075602876335,0.25925925925925924,MID_VOL,NARROW,NORMAL
2016-09-14,BULL,0.006672297119364911,0.2222222222222222,MID_VOL,NARROW,NORMAL
2016-09-19,BULL,0.007787410177731431,0.37037037037037035,MID_VOL,NARROW,NORMAL
2016-09-20,BULL,0.007591004715504647,0.37037037037037035,MID_VOL,NARROW,NORMAL
2016-09-21,BULL,0.007629121209787355,0.4351851851851852,MID_VOL,MID_BREADTH,NORMAL
2016-09-22,BULL,0.007571168575840087,0.4166666666666667,MID_VOL,MID_BREADTH,NORMAL
2016-09-23,BULL,0.007478428237984409,0.5,MID_VOL,MID_BREADTH,NORMAL
2016-09-26,BULL,0.007611079932439214,0.42592592592592593,MID_VOL,MID_BREADTH,NORMAL
2016-09-29,BULL,0.00767494059265802,0.5,MID_VOL,MID_BREADTH,NORMAL
2016-09-30,BULL,0.00796756999116547,0.39814814814814814,MID_VOL,NARROW,NORMAL
2016-10-03,BULL,0.007869342800393055,0.4166666666666667,MID_VOL,MID_BREADTH,NORMAL
2016-10-04,BULL,0.007862351480040502,0.49074074074074076,MID_VOL,MID_BREADTH,NORMAL
2016-10-05,BULL,0.007807257182617946,0.4722222222222222,MID_VOL,MID_BREADTH,NORMAL
2016-10-06,BULL,0.007555610672889763,0.48148148148148145,MID_VOL,MID_BREADTH,NORMAL
2016-10-07,BULL,0.0071955888266346255,0.4351851851851852,MID_VOL,MID_BREADTH,NORMAL
2016-10-11,BULL,0.007464128085456769,0.3333333333333333,MID_VOL,NARROW,NORMAL
2016-10-12,BULL,0.007401021650352764,0.32407407407407407,MID_VOL,NARROW,NORMAL
2016-10-13,BULL,0.007233352561777284,0.2962962962962963,MID_VOL,NARROW,NORMAL
2016-10-14,BULL,0.006895800583207363,0.2962962962962963,MID_VOL,NARROW,NORMAL
2016-10-17,BULL,0.006567005508232849,0.3148148148148148,MID_VOL,NARROW,NORMAL
2016-10-18,BULL,0.006648508140167489,0.32407407407407407,MID_VOL,NARROW,NORMAL
2016-10-19,BULL,0.006676632186711564,0.3333333333333333,MID_VOL,NARROW,NORMAL
2016-10-20,BULL,0.00531882377336149,0.39814814814814814,LOW_VOL,NARROW,NORMAL
2016-10-21,BULL,0.005303053243664642,0.4166666666666667,LOW_VOL,MID_BREADTH,NORMAL
2016-10-24,BULL,0.005076653855367261,0.42592592592592593,LOW_VOL,MID_BREADTH,NORMAL
2016-10-25,BULL,0.005116226320923856,0.42592592592592593,LOW_VOL,MID_BREADTH,NORMAL
2016-10-26,BULL,0.004940434180739556,0.4074074074074074,LOW_VOL,NARROW,NORMAL
2016-10-27,BULL,0.004814223657075327,0.3888888888888889,LOW_VOL,NARROW,NORMAL
2016-10-28,BULL,0.004555694073884029,0.4351851851851852,LOW_VOL,MID_BREADTH,NORMAL
2016-10-31,BULL,0.004093228150499011,0.4351851851851852,LOW_VOL,MID_BREADTH,NORMAL
2016-11-01,BULL,0.004155105301113898,0.4166666666666667,LOW_VOL,MID_BREADTH,NORMAL
2016-11-02,BEAR,0.0048438800165999185,0.3055555555555556,LOW_VOL,NARROW,NORMAL
2016-11-03,BEAR,0.0051562476450827165,0.2222222222222222,LOW_VOL,NARROW,NORMAL
2016-11-04,BEAR,0.005193340799240676,0.2222222222222222,LOW_VOL,NARROW,NORMAL
2016-11-07,BEAR,0.005773778856816658,0.3055555555555556,LOW_VOL,NARROW,NORMAL
2016-11-08,BULL,0.005591965985619658,0.37037037037037035,LOW_VOL,NARROW,NORMAL
2016-11-09,BEAR,0.008871973164117473,0.12962962962962962,HIGH_VOL,NARROW,NORMAL
2016-11-10,BEAR,0.010762993000709441,0.2962962962962963,HIGH_VOL,NARROW,NORMAL
2016-11-11,BEAR,0.011541910835166537,0.17592592592592593,HIGH_VOL,NARROW,NORMAL
2016-11-14,BEAR,0.011519783016815801,0.2222222222222222,HIGH_VOL,NARROW,NORMAL
2016-11-15,BEAR,0.011387681380831377,0.23148148148148148,HIGH_VOL,NARROW,NORMAL
2016-11-16,BEAR,0.0113216200614224,0.25,HIGH_VOL,NARROW,NORMAL
2016-11-17,BEAR,0.011248802763220586,0.25,HIGH_VOL,NARROW,NORMAL
2016-11-18,BEAR,0.011312624391337529,0.25,HIGH_VOL,NARROW,NORMAL
2016-11-21,BEAR,0.011357923475450985,0.28703703703703703,HIGH_VOL,NARROW,NORMAL
2016-11-22,BEAR,0.011551240190148446,0.32407407407407407,HIGH_VOL,NARROW,NORMAL
2016-11-23,BEAR,0.011578159173752975,0.37037037037037035,HIGH_VOL,NARROW,NORMAL
2016-11-24,BEAR,0.011557918837194606,0.3333333333333333,HIGH_VOL,NARROW,NORMAL
2016-11-25,BEAR,0.011559513465483996,0.3425925925925926,HIGH_VOL,NARROW,NORMAL
2016-11-28,BEAR,0.011675600596691343,0.37962962962962965,HIGH_VOL,NARROW,NORMAL
2016-11-29,BEAR,0.011638693972856525,0.39814814814814814,HIGH_VOL,NARROW,NORMAL
2016-11-30,BEAR,0.011233449516714485,0.48148148148148145,HIGH_VOL,MID_BREADTH,NORMAL
2016-12-01,BEAR,0.010979015155034591,0.46296296296296297,HIGH_VOL,MID_BREADTH,NORMAL
2016-12-02,BEAR,0.011119832573845672,0.4166666666666667,HIGH_VOL,MID_BREADTH,NORMAL
2016-12-05,BEAR,0.010975636066098356,0.3611111111111111,HIGH_VOL,NARROW,NORMAL
2016-12-06,BEAR,0.011037154063279672,0.4444444444444444,HIGH_VOL,MID_BREADTH,NORMAL
2016-12-07,BEAR,0.008213221311323538,0.46296296296296297,MID_VOL,MID_BREADTH,NORMAL
2016-12-08,BULL,0.006352030267369398,0.5092592592592593,MID_VOL,MID_BREADTH,NORMAL
2016-12-09,BULL,0.004064734335078421,0.5555555555555556,LOW_VOL,MID_BREADTH,NORMAL
2016-12-12,BEAR,0.004345487139120828,0.49074074074074076,LOW_VOL,MID_BREADTH,NORMAL
2016-12-13,BEAR,0.004337017589738626,0.5092592592592593,LOW_VOL,MID_BREADTH,NORMAL
2016-12-14,BEAR,0.004388901230928927,0.5185185185185185,LOW_VOL,MID_BREADTH,NORMAL
2016-12-15,BEAR,0.004380307881714134,0.5185185185185185,LOW_VOL,MID_BREADTH,NORMAL
2016-12-16,BEAR,0.004407982381991544,0.5092592592592593,LOW_VOL,MID_BREADTH,NORMAL
2016-12-19,BEAR,0.004836156402434413,0.4444444444444444,LOW_VOL,MID_BREADTH,NORMAL
2016-12-20,BEAR,0.004462644665303168,0.4166666666666667,LOW_VOL,MID_BREADTH,NORMAL
2016-12-21,BEAR,0.004436888937118398,0.4537037037037037,LOW_VOL,MID_BREADTH,NORMAL
2016-12-22,BEAR,0.0047480990424745755,0.4166666666666667,LOW_VOL,MID_BREADTH,NORMAL
2016-12-23,BEAR,0.004821837506584602,0.37962962962962965,LOW_VOL,NARROW,NORMAL
2016-12-26,BEAR,0.004623784751057391,0.4074074074074074,LOW_VOL,NARROW,NORMAL
2016-12-27,BEAR,0.0046271835504447766,0.37037037037037035,LOW_VOL,NARROW,NORMAL
2016-12-28,BEAR,0.0046830028384309145,0.46296296296296297,LOW_VOL,MID_BREADTH,NORMAL
2016-12-29,BEAR,0.0047074539803975335,0.4351851851851852,LOW_VOL,MID_BREADTH,NORMAL
2016-12-30,BEAR,0.00487862382779943,0.5185185185185185,LOW_VOL,MID_BREADTH,NORMAL
2017-01-03,BEAR,0.004772506576317808,0.5370370370370371,LOW_VOL,MID_BREADTH,NORMAL
2017-01-04,BEAR,0.004542533710181097,0.5462962962962963,LOW_VOL,MID_BREADTH,NORMAL
2017-01-05,BULL,0.004874353908282369,0.5833333333333334,LOW_VOL,MID_BREADTH,NORMAL
2017-01-06,BULL,0.004484869426947842,0.6574074074074074,LOW_VOL,BROAD,NORMAL
2017-01-09,BULL,0.004545954651857492,0.6111111111111112,LOW_VOL,BROAD,NORMAL
2017-01-10,BULL,0.004405274273647499,0.6296296296296297,LOW_VOL,BROAD,NORMAL
2017-01-11,BULL,0.0045173439864529315,0.6759259259259259,LOW_VOL,BROAD,NORMAL
2017-01-12,BULL,0.00457720541401638,0.6944444444444444,LOW_VOL,BROAD,NORMAL
2017-01-13,BULL,0.004587822909156354,0.6851851851851852,LOW_VOL,BROAD,NORMAL
2017-01-16,BULL,0.004981060214289757,0.6296296296296297,LOW_VOL,BROAD,NORMAL
2017-01-17,BULL,0.0048088380713213665,0.6759259259259259,LOW_VOL,BROAD,NORMAL
2017-01-18,BULL,0.0047842457156902956,0.6944444444444444,LOW_VOL,BROAD,NORMAL
2017-01-19,BULL,0.004812752774655877,0.6388888888888888,LOW_VOL,BROAD,NORMAL
2017-01-20,BULL,0.0043516679228903675,0.6574074074074074,LOW_VOL,BROAD,NORMAL
2017-01-23,BULL,0.0043856743774078125,0.7222222222222222,LOW_VOL,BROAD,NORMAL
2017-01-24,BULL,0.004383016952858205,0.7407407407407407,LOW_VOL,BROAD,NORMAL
2017-02-02,BULL,0.004402865054324595,0.6944444444444444,LOW_VOL,BROAD,NORMAL
2017-02-03,BULL,0.00441569990394775,0.7129629629629629,LOW_VOL,BROAD,NORMAL
2017-02-06,BULL,0.004407707525069772,0.7962962962962963,LOW_VOL,BROAD,NORMAL
2017-02-07,BULL,0.004211531202264147,0.7962962962962963,LOW_VOL,BROAD,NORMAL
2017-02-08,BULL,0.004259665716840672,0.7962962962962963,LOW_VOL,BROAD,NORMAL
2017-02-09,BULL,0.004286547321917828,0.8055555555555556,LOW_VOL,BROAD,NORMAL
2017-02-10,BULL,0.004200060814218357,0.8425925925925926,LOW_VOL,BROAD,NORMAL
2017-02-13,BULL,0.004191818702978698,0.8240740740740741,LOW_VOL,BROAD,NORMAL
2017-02-14,BULL,0.004072912139821296,0.8333333333333334,LOW_VOL,BROAD,NORMAL
2017-02-15,BULL,0.0045617055292775256,0.8518518518518519,LOW_VOL,BROAD,NORMAL
2017-02-16,BULL,0.004722690408084995,0.8425925925925926,LOW_VOL,BROAD,NORMAL
2017-02-17,BULL,0.004725925640852667,0.8518518518518519,LOW_VOL,BROAD,NORMAL
2017-02-18,BULL,0.004681688564784293,0.8333333333333334,LOW_VOL,BROAD,NORMAL
2017-02-20,BULL,0.004254020715040888,0.8425925925925926,LOW_VOL,BROAD,NORMAL
2017-02-21,BULL,0.0040841188883379035,0.8333333333333334,LOW_VOL,BROAD,NORMAL
2017-02-22,BULL,0.004066671516695874,0.8425925925925926,LOW_VOL,BROAD,NORMAL
2017-02-23,BULL,0.004067586672698535,0.8240740740740741,LOW_VOL,BROAD,NORMAL
2017-02-24,BULL,0.004068819885568218,0.8148148148148148,LOW_VOL,BROAD,NORMAL
2017-03-01,BULL,0.003927017393018377,0.7870370370370371,LOW_VOL,BROAD,NORMAL
2017-03-02,BULL,0.003946825922261403,0.7685185185185185,LOW_VOL,BROAD,NORMAL
2017-03-03,BULL,0.003980432783481651,0.7407407407407407,LOW_VOL,BROAD,NORMAL
2017-03-06,BULL,0.0039373278321763495,0.7685185185185185,LOW_VOL,BROAD,NORMAL
2017-03-07,BULL,0.0037215284687705796,0.7962962962962963,LOW_VOL,BROAD,NORMAL
2017-03-08,BULL,0.0037443687845500704,0.7592592592592593,LOW_VOL,BROAD,NORMAL
2017-03-09,BULL,0.004231657755377663,0.75,LOW_VOL,BROAD,NORMAL
2017-03-10,BULL,0.00432937124263104,0.6944444444444444,LOW_VOL,BROAD,NORMAL
2017-03-13,BULL,0.004161249813473419,0.7222222222222222,LOW_VOL,BROAD,NORMAL
2017-03-14,BULL,0.004316494600648338,0.7592592592592593,LOW_VOL,BROAD,NORMAL
2017-03-15,BULL,0.004328592014422372,0.75,LOW_VOL,BROAD,NORMAL
2017-03-16,BULL,0.0037876831736241246,0.7592592592592593,LOW_VOL,BROAD,NORMAL
2017-03-17,BULL,0.004005115167928641,0.8055555555555556,LOW_VOL,BROAD,NORMAL
2017-03-20,BULL,0.0040005407707953385,0.8240740740740741,LOW_VOL,BROAD,NORMAL
2017-03-21,BULL,0.004013048786855874,0.8148148148148148,LOW_VOL,BROAD,NORMAL
2017-03-22,BULL,0.003982156956245518,0.7870370370370371,LOW_VOL,BROAD,NORMAL
2017-03-23,BULL,0.003982683709646869,0.7962962962962963,LOW_VOL,BROAD,NORMAL
2017-03-24,BULL,0.003934991846649507,0.7870370370370371,LOW_VOL,BROAD,NORMAL
2017-03-27,BULL,0.004037911458829106,0.7222222222222222,LOW_VOL,BROAD,NORMAL
2017-03-28,BULL,0.004087169271833954,0.6851851851851852,LOW_VOL,BROAD,NORMAL
2017-03-29,BULL,0.004151280484874122,0.7222222222222222,LOW_VOL,BROAD,NORMAL
2017-03-30,BULL,0.004158607553208646,0.6666666666666666,LOW_VOL,BROAD,NORMAL
2017-03-31,BULL,0.004148250835892966,0.6296296296296297,LOW_VOL,BROAD,NORMAL
2017-04-05,BULL,0.004260162344131792,0.7129629629629629,LOW_VOL,BROAD,NORMAL
2017-04-06,BULL,0.004263378940879512,0.6666666666666666,LOW_VOL,BROAD,NORMAL
2017-04-07,BULL,0.004280182939163744,0.6296296296296297,LOW_VOL,BROAD,NORMAL
2017-04-10,BULL,0.0038850191435236764,0.6111111111111112,LOW_VOL,BROAD,NORMAL
2017-04-11,BULL,0.004292082138152828,0.5462962962962963,LOW_VOL,MID_BREADTH,NORMAL
2017-04-12,BULL,0.0043842058945470054,0.5370370370370371,LOW_VOL,MID_BREADTH,NORMAL
2017-04-13,BULL,0.004134552109550412,0.5,LOW_VOL,MID_BREADTH,NORMAL
2017-04-14,BULL,0.004873057474417992,0.4444444444444444,LOW_VOL,MID_BREADTH,NORMAL
2017-04-17,BULL,0.004568125614596225,0.42592592592592593,LOW_VOL,MID_BREADTH,NORMAL
2017-04-18,BULL,0.004660560233723489,0.48148148148148145,LOW_VOL,MID_BREADTH,NORMAL
2017-04-19,BULL,0.005112213414076212,0.3611111111111111,LOW_VOL,NARROW,NORMAL
2017-04-20,BULL,0.004974167384477144,0.3425925925925926,LOW_VOL,NARROW,NORMAL
2017-04-21,BULL,0.005369925873003706,0.4074074074074074,LOW_VOL,NARROW,NORMAL
2017-04-24,BULL,0.005337090618809654,0.4074074074074074,LOW_VOL,NARROW,NORMAL
2017-04-25,BULL,0.006185672652656141,0.48148148148148145,LOW_VOL,MID_BREADTH,NORMAL
2017-04-26,BULL,0.006357049134585176,0.5185185185185185,MID_VOL,MID_BREADTH,NORMAL
2017-04-27,BULL,0.006371113606426845,0.48148148148148145,MID_VOL,MID_BREADTH,NORMAL
2017-04-28,BULL,0.006278635963324686,0.49074074074074076,LOW_VOL,MID_BREADTH,NORMAL
2017-05-02,BULL,0.006359554985005342,0.5555555555555556,MID_VOL,MID_BREADTH,NORMAL
2017-05-03,BULL,0.0063658130885686365,0.5277777777777778,MID_VOL,MID_BREADTH,NORMAL
2017-05-04,BULL,0.006242945031740328,0.5555555555555556,LOW_VOL,MID_BREADTH,NORMAL
2017-05-05,BULL,0.0063193367610152925,0.5277777777777778,LOW_VOL,MID_BREADTH,NORMAL
2017-05-08,BULL,0.006387652223932604,0.5092592592592593,MID_VOL,MID_BREADTH,NORMAL
2017-05-09,BULL,0.0065198154701084365,0.4351851851851852,MID_VOL,MID_BREADTH,NORMAL
2017-05-10,BULL,0.006560384758444754,0.49074074074074076,MID_VOL,MID_BREADTH,NORMAL
2017-05-11,BULL,0.0064616425784033114,0.5185185185185185,MID_VOL,MID_BREADTH,NORMAL
2017-05-12,BULL,0.006453480286652102,0.5,MID_VOL,MID_BREADTH,NORMAL
2017-05-15,BULL,0.005877355312475792,0.49074074074074076,LOW_VOL,MID_BREADTH,NORMAL
2017-05-16,BULL,0.005838956312724029,0.5185185185185185,LOW_VOL,MID_BREADTH,NORMAL
2017-05-17,BULL,0.005590917509811412,0.5092592592592593,LOW_VOL,MID_BREADTH,NORMAL
2017-05-18,BULL,0.005070030135470543,0.46296296296296297,LOW_VOL,MID_BREADTH,NORMAL
2017-05-19,BULL,0.005020289298314603,0.46296296296296297,LOW_VOL,MID_BREADTH,NORMAL
2017-05-22,BULL,0.004790779825202952,0.46296296296296297,LOW_VOL,MID_BREADTH,NORMAL
2017-05-23,BULL,0.004748901544969899,0.46296296296296297,LOW_VOL,MID_BREADTH,NORMAL
2017-05-24,BULL,0.003917831618353148,0.49074074074074076,LOW_VOL,MID_BREADTH,NORMAL
2017-05-25,BULL,0.004044193451786732,0.5370370370370371,LOW_VOL,MID_BREADTH,NORMAL
2017-05-26,BULL,0.0039650208063810016,0.5462962962962963,LOW_VOL,MID_BREADTH,NORMAL
2017-05-31,BULL,0.004038416090956566,0.48148148148148145,LOW_VOL,MID_BREADTH,NORMAL
2017-06-01,BULL,0.003957779787689566,0.5370370370370371,LOW_VOL,MID_BREADTH,NORMAL
2017-06-02,BULL,0.00412531599795342,0.5740740740740741,LOW_VOL,MID_BREADTH,NORMAL
2017-06-03,BULL,0.004091685636944699,0.5833333333333334,LOW_VOL,MID_BREADTH,NORMAL
2017-06-05,BULL,0.003981178902353493,0.6111111111111112,LOW_VOL,BROAD,NORMAL
2017-06-06,BULL,0.0037381705930876912,0.6018518518518519,LOW_VOL,BROAD,NORMAL
2017-06-07,BULL,0.003283247234539852,0.5740740740740741,LOW_VOL,MID_BREADTH,NORMAL
2017-06-08,BULL,0.002882182168424273,0.5740740740740741,LOW_VOL,MID_BREADTH,NORMAL
2017-06-09,BULL,0.0031126809488228407,0.5648148148148148,LOW_VOL,MID_BREADTH,NORMAL
2017-06-12,BULL,0.003258865160463591,0.49074074074074076,LOW_VOL,MID_BREADTH,NORMAL
2017-06-13,BULL,0.003173965991086163,0.5370370370370371,LOW_VOL,MID_BREADTH,NORMAL
2017-06-14,BULL,0.0037158550639165284,0.5185185185185185,LOW_VOL,MID_BREADTH,NORMAL
2017-06-15,BULL,0.0037065870737331788,0.5462962962962963,LOW_VOL,MID_BREADTH,NORMAL
2017-06-16,BULL,0.0037262513412102695,0.5555555555555556,LOW_VOL,MID_BREADTH,NORMAL
2017-06-19,BULL,0.0039018217660235343,0.6296296296296297,LOW_VOL,BROAD,NORMAL
2017-06-20,BULL,0.003898464606818691,0.6296296296296297,LOW_VOL,BROAD,NORMAL
2017-06-21,BULL,0.00411075767412493,0.6574074074074074,LOW_VOL,BROAD,NORMAL
2017-06-22,BULL,0.004162829495360221,0.7037037037037037,LOW_VOL,BROAD,NORMAL
2017-06-23,BULL,0.003962950882320618,0.6666666666666666,LOW_VOL,BROAD,NORMAL
2017-06-26,BULL,0.004624992753109134,0.7407407407407407,LOW_VOL,BROAD,NORMAL
2017-06-27,BULL,0.004506182626535708,0.7685185185185185,LOW_VOL,BROAD,NORMAL
2017-06-28,BULL,0.004624033010666031,0.75,LOW_VOL,BROAD,NORMAL
2017-06-29,BULL,0.004510261178879201,0.7777777777777778,LOW_VOL,BROAD,NORMAL
2017-06-30,BULL,0.004575750413457654,0.7685185185185185,LOW_VOL,BROAD,NORMAL
2017-07-03,BULL,0.004535990161740066,0.7685185185185185,LOW_VOL,BROAD,NORMAL
2017-07-04,BULL,0.00476873899684184,0.7407407407407407,LOW_VOL,BROAD,NORMAL
2017-07-05,BULL,0.004774073506583755,0.7685185185185185,LOW_VOL,BROAD,NORMAL
2017-07-06,BULL,0.004908387670750137,0.7592592592592593,LOW_VOL,BROAD,NORMAL
2017-07-07,BULL,0.0050756386035173745,0.6944444444444444,LOW_VOL,BROAD,NORMAL
2017-07-10,BULL,0.005002059939231575,0.6944444444444444,LOW_VOL,BROAD,NORMAL
2017-07-11,BULL,0.005129604916592208,0.6851851851851852,LOW_VOL,BROAD,NORMAL
2017-07-12,BULL,0.00466472978064471,0.6851851851851852,LOW_VOL,BROAD,NORMAL
2017-07-13,BULL,0.004665048772404713,0.6851851851851852,LOW_VOL,BROAD,NORMAL
2017-07-14,BULL,0.004572153358768193,0.6851851851851852,LOW_VOL,BROAD,NORMAL
2017-07-17,BULL,0.004427974826848123,0.6759259259259259,LOW_VOL,BROAD,NORMAL
2017-07-18,BULL,0.0044343697425958725,0.6851851851851852,LOW_VOL,BROAD,NORMAL
2017-07-19,BULL,0.004225996230567617,0.6944444444444444,LOW_VOL,BROAD,NORMAL
2017-07-20,BULL,0.004141396057849333,0.6759259259259259,LOW_VOL,BROAD,NORMAL
2017-07-21,BULL,0.004167512719381657,0.6481481481481481,LOW_VOL,BROAD,NORMAL
2017-07-24,BULL,0.0032534835592648737,0.6481481481481481,LOW_VOL,BROAD,NORMAL
2017-07-25,BULL,0.0032282519527684936,0.6296296296296297,LOW_VOL,BROAD,NORMAL
2017-07-26,BULL,0.0032934697020078323,0.5740740740740741,LOW_VOL,MID_BREADTH,NORMAL
2017-07-27,BULL,0.0033448073362858585,0.6111111111111112,LOW_VOL,BROAD,NORMAL
2017-07-28,BULL,0.003646050299127626,0.5462962962962963,LOW_VOL,MID_BREADTH,NORMAL
2017-07-31,BULL,0.0035149607871091306,0.5648148148148148,LOW_VOL,MID_BREADTH,NORMAL
2017-08-01,BULL,0.003334476107812394,0.5277777777777778,LOW_VOL,MID_BREADTH,NORMAL
2017-08-02,BULL,0.0035933832747871955,0.5277777777777778,LOW_VOL,MID_BREADTH,NORMAL
2017-08-03,BULL,0.0036115499550741664,0.5370370370370371,LOW_VOL,MID_BREADTH,NORMAL
2017-08-04,BULL,0.0034159732334812128,0.5462962962962963,LOW_VOL,MID_BREADTH,NORMAL
2017-08-07,BULL,0.0034985173813596206,0.5648148148148148,LOW_VOL,MID_BREADTH,NORMAL
2017-08-08,BULL,0.0033945577932147325,0.5370370370370371,LOW_VOL,MID_BREADTH,NORMAL
2017-08-09,BULL,0.003896090654506928,0.5092592592592593,LOW_VOL,MID_BREADTH,NORMAL
2017-08-10,BULL,0.005281248413437525,0.42592592592592593,LOW_VOL,MID_BREADTH,NORMAL
2017-08-11,BULL,0.005259772697794936,0.39814814814814814,LOW_VOL,NARROW,NORMAL
2017-08-14,BULL,0.00549633525110979,0.35185185185185186,LOW_VOL,NARROW,NORMAL
2017-08-15,BULL,0.005814580700998474,0.39814814814814814,LOW_VOL,NARROW,NORMAL
2017-08-16,BULL,0.005800704558776232,0.35185185185185186,LOW_VOL,NARROW,NORMAL
2017-08-17,BULL,0.006354608033757716,0.4351851851851852,MID_VOL,MID_BREADTH,NORMAL
2017-08-18,BULL,0.006335008580801768,0.3611111111111111,MID_VOL,NARROW,NORMAL
2017-08-21,BULL,0.006340723938715234,0.39814814814814814,MID_VOL,NARROW,NORMAL
2017-08-22,BULL,0.006504574308125187,0.4444444444444444,MID_VOL,MID_BREADTH,NORMAL
2017-08-23,BULL,0.006460765075629775,0.4351851851851852,MID_VOL,MID_BREADTH,NORMAL
2017-08-24,BULL,0.006586568967383369,0.46296296296296297,MID_VOL,MID_BREADTH,NORMAL
2017-08-25,BULL,0.006442451239652111,0.4722222222222222,MID_VOL,MID_BREADTH,NORMAL
2017-08-28,BULL,0.006440954697706193,0.4351851851851852,MID_VOL,MID_BREADTH,NORMAL
2017-08-29,BULL,0.006526342782557964,0.4166666666666667,MID_VOL,MID_BREADTH,NORMAL
2017-08-30,BULL,0.00664658812102838,0.4537037037037037,MID_VOL,MID_BREADTH,NORMAL
2017-08-31,BULL,0.006553268681647873,0.42592592592592593,MID_VOL,MID_BREADTH,NORMAL
2017-09-01,BULL,0.006479651252364004,0.4351851851851852,MID_VOL,MID_BREADTH,NORMAL
2017-09-04,BULL,0.006515478060678827,0.4074074074074074,MID_VOL,NARROW,NORMAL
2017-09-05,BULL,0.006516311931803326,0.4444444444444444,MID_VOL,MID_BREADTH,NORMAL
2017-09-06,BULL,0.006411770430519744,0.3888888888888889,MID_VOL,NARROW,NORMAL
2017-09-07,BULL,0.0050523833225260386,0.4166666666666667,LOW_VOL,MID_BREADTH,NORMAL
2017-09-08,BULL,0.005217648477778328,0.4444444444444444,LOW_VOL,MID_BREADTH,NORMAL
2017-09-11,BULL,0.004773551110735164,0.39814814814814814,LOW_VOL,NARROW,NORMAL
2017-09-12,BULL,0.004582989863458236,0.42592592592592593,LOW_VOL,MID_BREADTH,NORMAL
2017-09-13,BULL,0.00488609253738819,0.4074074074074074,LOW_VOL,NARROW,NORMAL
2017-09-14,BULL,0.004460099193534473,0.4166666666666667,LOW_VOL,MID_BREADTH,NORMAL
2017-09-15,BULL,0.004415032900447405,0.46296296296296297,LOW_VOL,MID_BREADTH,NORMAL
2017-09-18,BULL,0.00450758171457445,0.48148148148148145,LOW_VOL,MID_BREADTH,NORMAL
2017-09-19,BULL,0.004695736016323201,0.4722222222222222,LOW_VOL,MID_BREADTH,NORMAL
2017-09-20,BULL,0.004858850478405881,0.3888888888888889,LOW_VOL,NARROW,NORMAL
2017-09-21,BULL,0.004961404145384748,0.42592592592592593,LOW_VOL,MID_BREADTH,NORMAL
2017-09-22,BULL,0.005533704914955499,0.3425925925925926,LOW_VOL,NARROW,NORMAL
2017-09-25,BULL,0.006496989679086882,0.25925925925925924,MID_VOL,NARROW,NORMAL
2017-09-26,BULL,0.006665798390233738,0.2222222222222222,MID_VOL,NARROW,NORMAL
2017-09-27,BULL,0.006484541326847745,0.2222222222222222,MID_VOL,NARROW,NORMAL
2017-09-28,BULL,0.006442213220306343,0.2037037037037037,MID_VOL,NARROW,NORMAL
2017-09-29,BULL,0.006477014293567776,0.23148148148148148,MID_VOL,NARROW,NORMAL
2017-09-30,BULL,0.006695401369798216,0.24074074074074073,MID_VOL,NARROW,NORMAL
2017-10-02,BULL,0.006833773918960763,0.2777777777777778,MID_VOL,NARROW,NORMAL
2017-10-03,BULL,0.006694315007770451,0.25,MID_VOL,NARROW,NORMAL
2017-10-05,BULL,0.006759162975901277,0.28703703703703703,MID_VOL,NARROW,NORMAL
2017-10-06,BULL,0.006540119173792549,0.2962962962962963,MID_VOL,NARROW,NORMAL
2017-10-11,BULL,0.006645951204373522,0.3425925925925926,MID_VOL,NARROW,NORMAL
2017-10-12,BULL,0.0066821972751184506,0.3888888888888889,MID_VOL,NARROW,NORMAL
2017-10-13,BULL,0.0065522517759407,0.39814814814814814,MID_VOL,NARROW,NORMAL
2017-10-16,BULL,0.006543927378712873,0.4722222222222222,MID_VOL,MID_BREADTH,NORMAL
2017-10-17,BULL,0.006653838434751955,0.5,MID_VOL,MID_BREADTH,NORMAL
2017-10-18,BULL,0.0065664558610356765,0.4537037037037037,MID_VOL,MID_BREADTH,NORMAL
2017-10-19,BULL,0.006515052040553037,0.4537037037037037,MID_VOL,MID_BREADTH,NORMAL
2017-10-20,BULL,0.00640652702786836,0.42592592592592593,MID_VOL,MID_BREADTH,NORMAL
2017-10-23,BULL,0.0061774112100701955,0.4351851851851852,LOW_VOL,MID_BREADTH,NORMAL
2017-10-24,BULL,0.005641624935380793,0.4722222222222222,LOW_VOL,MID_BREADTH,NORMAL
2017-10-25,BULL,0.004134846405206019,0.4722222222222222,LOW_VOL,MID_BREADTH,NORMAL
2017-10-26,BULL,0.003422724132165042,0.4351851851851852,LOW_VOL,MID_BREADTH,NORMAL
2017-10-27,BULL,0.0036676357948421754,0.4351851851851852,LOW_VOL,MID_BREADTH,NORMAL
2017-10-30,BULL,0.0036123710403976393,0.4444444444444444,LOW_VOL,MID_BREADTH,NORMAL
2017-10-31,BULL,0.003678365346068957,0.4537037037037037,LOW_VOL,MID_BREADTH,NORMAL
2017-11-01,BULL,0.003466422255744263,0.4537037037037037,LOW_VOL,MID_BREADTH,NORMAL
2017-11-02,BULL,0.003239254685607903,0.48148148148148145,LOW_VOL,MID_BREADTH,NORMAL
2017-11-03,BULL,0.003205400017060729,0.5092592592592593,LOW_VOL,MID_BREADTH,NORMAL
2017-11-06,BULL,0.0031897778182686416,0.46296296296296297,LOW_VOL,MID_BREADTH,NORMAL
2017-11-07,BULL,0.0031912486381080528,0.4537037037037037,LOW_VOL,MID_BREADTH,NORMAL
2017-11-08,BULL,0.003009722686963103,0.48148148148148145,LOW_VOL,MID_BREADTH,NORMAL
2017-11-09,BULL,0.003301668484817494,0.4351851851851852,LOW_VOL,MID_BREADTH,NORMAL
2017-11-10,BULL,0.0032554633013812534,0.4537037037037037,LOW_VOL,MID_BREADTH,NORMAL
2017-11-13,BULL,0.0034271223960359184,0.4444444444444444,LOW_VOL,MID_BREADTH,NORMAL
2017-11-14,BULL,0.0032043899340848964,0.4166666666666667,LOW_VOL,MID_BREADTH,NORMAL
2017-11-15,BULL,0.0031854657947075217,0.42592592592592593,LOW_VOL,MID_BREADTH,NORMAL
2017-11-16,BULL,0.0029716463120589664,0.39814814814814814,LOW_VOL,NARROW,NORMAL
2017-11-17,BULL,0.00318102977949089,0.4074074074074074,LOW_VOL,NARROW,NORMAL
2017-11-20,BULL,0.0031454262614425185,0.4351851851851852,LOW_VOL,MID_BREADTH,NORMAL
2017-11-21,BULL,0.003508842667400885,0.5648148148148148,LOW_VOL,MID_BREADTH,NORMAL
2017-11-22,BULL,0.0035090814494336073,0.5648148148148148,LOW_VOL,MID_BREADTH,NORMAL
2017-11-23,BULL,0.0035085095374750978,0.5740740740740741,LOW_VOL,MID_BREADTH,NORMAL
2017-11-24,BULL,0.0032409008734588358,0.5462962962962963,LOW_VOL,MID_BREADTH,NORMAL
2017-11-27,BULL,0.0036668351911729093,0.5462962962962963,LOW_VOL,MID_BREADTH,NORMAL
2017-11-28,BULL,0.0035513554342347696,0.5462962962962963,LOW_VOL,MID_BREADTH,NORMAL
2017-11-29,BULL,0.0035388615433239426,0.5555555555555556,LOW_VOL,MID_BREADTH,NORMAL
2017-11-30,BULL,0.0036615689497629953,0.5185185185185185,LOW_VOL,MID_BREADTH,NORMAL
2017-12-01,BULL,0.0036824943888692546,0.4722222222222222,LOW_VOL,MID_BREADTH,NORMAL
2017-12-04,BULL,0.0038269750678982606,0.5277777777777778,LOW_VOL,MID_BREADTH,NORMAL
2017-12-05,BULL,0.003917142368338585,0.49074074074074076,LOW_VOL,MID_BREADTH,NORMAL
2017-12-06,BEAR,0.0048501416592746215,0.4166666666666667,LOW_VOL,MID_BREADTH,NORMAL
2017-12-07,BEAR,0.004764995005235019,0.4074074074074074,LOW_VOL,NARROW,NORMAL
2017-12-08,BEAR,0.0049190224218270346,0.4074074074074074,LOW_VOL,NARROW,NORMAL
2017-12-11,BULL,0.005170883243380583,0.46296296296296297,LOW_VOL,MID_BREADTH,NORMAL
2017-12-12,BULL,0.005185628331815797,0.46296296296296297,LOW_VOL,MID_BREADTH,NORMAL
2017-12-13,BULL,0.005205628324619273,0.4722222222222222,LOW_VOL,MID_BREADTH,NORMAL
2017-12-14,BULL,0.005279340885261864,0.5462962962962963,LOW_VOL,MID_BREADTH,NORMAL
2017-12-15,BULL,0.00516701134783169,0.5092592592592593,LOW_VOL,MID_BREADTH,NORMAL
2017-12-18,BULL,0.0051749229413002255,0.5,LOW_VOL,MID_BREADTH,NORMAL
2017-12-19,BULL,0.004784369091085847,0.5,LOW_VOL,MID_BREADTH,NORMAL
2017-12-20,BULL,0.004947462889290125,0.5462962962962963,LOW_VOL,MID_BREADTH,NORMAL
2017-12-21,BULL,0.004936933014319053,0.5,LOW_VOL,MID_BREADTH,NORMAL
2017-12-22,BULL,0.005054598593645766,0.5555555555555556,LOW_VOL,MID_BREADTH,NORMAL
2017-12-25,BULL,0.004822905990014434,0.5462962962962963,LOW_VOL,MID_BREADTH,NORMAL
2017-12-26,BULL,0.005307779832984894,0.49074074074074076,LOW_VOL,MID_BREADTH,NORMAL
2017-12-27,BULL,0.005502628424346715,0.5277777777777778,LOW_VOL,MID_BREADTH,NORMAL
2017-12-28,BULL,0.005898530008371491,0.5925925925925926,LOW_VOL,MID_BREADTH,NORMAL
2017-12-29,BULL,0.005909346485958343,0.6296296296296297,LOW_VOL,BROAD,NORMAL
2018-01-02,BULL,0.006068849182959068,0.6574074074074074,LOW_VOL,BROAD,NORMAL
2018-01-03,BULL,0.0059375161031885145,0.6666666666666666,LOW_VOL,BROAD,NORMAL
2018-01-04,BULL,0.004781181301260439,0.7037037037037037,LOW_VOL,BROAD,NORMAL
2018-01-05,BULL,0.004638504557634561,0.7222222222222222,LOW_VOL,BROAD,NORMAL
2018-01-08,BULL,0.004638467100606387,0.7685185185185185,LOW_VOL,BROAD,NORMAL
2018-01-09,BULL,0.004544275995448696,0.7407407407407407,LOW_VOL,BROAD,NORMAL
2018-01-10,BULL,0.004827973917700624,0.6944444444444444,LOW_VOL,BROAD,NORMAL
2018-01-11,BULL,0.00485260056321738,0.6481481481481481,LOW_VOL,BROAD,NORMAL
2018-01-12,BULL,0.004854068024388607,0.7037037037037037,LOW_VOL,BROAD,NORMAL
2018-01-15,BULL,0.004783841959494147,0.75,LOW_VOL,BROAD,NORMAL
2018-01-16,BULL,0.004801740889593127,0.7685185185185185,LOW_VOL,BROAD,NORMAL
2018-01-17,BULL,0.004719494815633891,0.7685185185185185,LOW_VOL,BROAD,NORMAL
2018-01-18,BULL,0.00468996460781009,0.7962962962962963,LOW_VOL,BROAD,NORMAL
2018-01-19,BULL,0.004635912189285047,0.7962962962962963,LOW_VOL,BROAD,NORMAL
2018-01-22,BULL,0.004628844762801127,0.7592592592592593,LOW_VOL,BROAD,NORMAL
2018-01-23,BULL,0.0046491730692800595,0.7592592592592593,LOW_VOL,BROAD,NORMAL
2018-01-24,BULL,0.003707068432105332,0.7592592592592593,LOW_VOL,BROAD,NORMAL
2018-01-25,BULL,0.0036386974287820452,0.75,LOW_VOL,BROAD,NORMAL
2018-01-26,BULL,0.003213772663701986,0.7407407407407407,LOW_VOL,BROAD,NORMAL
2018-01-29,BULL,0.003136165458125527,0.7407407407407407,LOW_VOL,BROAD,NORMAL
2018-01-30,BULL,0.003941159969482417,0.75,LOW_VOL,BROAD,NORMAL
2018-01-31,BULL,0.003903214535219655,0.7129629629629629,LOW_VOL,BROAD,NORMAL
2018-02-01,BULL,0.0038223092071930148,0.7314814814814815,LOW_VOL,BROAD,NORMAL
2018-02-02,BULL,0.0036918826984480933,0.6759259259259259,LOW_VOL,BROAD,NORMAL
2018-02-05,BULL,0.004924458297915061,0.5833333333333334,LOW_VOL,MID_BREADTH,NORMAL
2018-02-06,BEAR,0.012470995779365791,0.18518518518518517,HIGH_VOL,NARROW,SHOCK_5D
2018-02-07,BEAR,0.013012473051457018,0.2962962962962963,HIGH_VOL,NARROW,SHOCK_5D
2018-02-08,BEAR,0.013008704281231269,0.2777777777777778,HIGH_VOL,NARROW,SHOCK_5D
2018-02-09,BEAR,0.013097919155155367,0.2037037037037037,HIGH_VOL,NARROW,SHOCK_5D
2018-02-12,BEAR,0.01303599267050682,0.2222222222222222,HIGH_VOL,NARROW,NORMAL
2018-02-21,BULL,0.014749106749226547,0.4444444444444444,HIGH_VOL,MID_BREADTH,NORMAL
2018-02-22,BULL,0.014711306687069069,0.4351851851851852,HIGH_VOL,MID_BREADTH,NORMAL
2018-02-23,BULL,0.01484713979449009,0.5740740740740741,HIGH_VOL,MID_BREADTH,NORMAL
2018-02-26,BULL,0.014886759983756099,0.5833333333333334,HIGH_VOL,MID_BREADTH,NORMAL
2018-02-27,BULL,0.014837633993731185,0.5925925925925926,HIGH_VOL,MID_BREADTH,NORMAL
2018-03-01,BULL,0.014900668428629372,0.5370370370370371,HIGH_VOL,MID_BREADTH,NORMAL
2018-03-02,BULL,0.014960633027425342,0.46296296296296297,HIGH_VOL,MID_BREADTH,NORMAL
2018-03-05,BULL,0.014982753343840211,0.4166666666666667,HIGH_VOL,MID_BREADTH,NORMAL
2018-03-06,BULL,0.015094824076197187,0.49074074074074076,HIGH_VOL,MID_BREADTH,NORMAL
2018-03-07,BULL,0.015082714980815039,0.4351851851851852,HIGH_VOL,MID_BREADTH,NORMAL
2018-03-08,BULL,0.01506527773821065,0.49074074074074076,HIGH_VOL,MID_BREADTH,NORMAL
2018-03-09,BULL,0.015084589240378194,0.5092592592592593,HIGH_VOL,MID_BREADTH,NORMAL
2018-03-12,BULL,0.015250914526021096,0.5925925925925926,HIGH_VOL,MID_BREADTH,NORMAL
2018-03-13,BULL,0.015300739576453143,0.6111111111111112,HIGH_VOL,BROAD,NORMAL
2018-03-14,BULL,0.014928686331235359,0.6018518518518519,HIGH_VOL,BROAD,NORMAL
2018-03-15,BULL,0.008556196828663256,0.5925925925925926,MID_VOL,MID_BREADTH,NORMAL
2018-03-16,BULL,0.00815258689184625,0.6388888888888888,MID_VOL,BROAD,NORMAL
2018-03-19,BULL,0.00814880418715502,0.6388888888888888,MID_VOL,BROAD,NORMAL
2018-03-20,BULL,0.0075907056256107825,0.6018518518518519,MID_VOL,BROAD,NORMAL
2018-03-21,BULL,0.007606243009040686,0.6111111111111112,MID_VOL,BROAD,NORMAL
2018-03-22,BULL,0.004841942175018296,0.6111111111111112,LOW_VOL,BROAD,NORMAL
2018-03-23,BULL,0.006218542625197224,0.4722222222222222,LOW_VOL,MID_BREADTH,NORMAL
2018-03-26,BULL,0.00601722708124777,0.4537037037037037,LOW_VOL,MID_BREADTH,NORMAL
2018-03-27,BULL,0.006443868622296674,0.5555555555555556,MID_VOL,MID_BREADTH,NORMAL
2018-03-28,BULL,0.006738526039561606,0.5,MID_VOL,MID_BREADTH,NORMAL
2018-03-29,BULL,0.006679552420935838,0.5092592592592593,MID_VOL,MID_BREADTH,NORMAL
2018-03-30,BULL,0.006462009224087533,0.5370370370370371,MID_VOL,MID_BREADTH,NORMAL
2018-03-31,BULL,0.006156811785215386,0.5462962962962963,LOW_VOL,MID_BREADTH,NORMAL
2018-04-02,BULL,0.006053724204360546,0.5092592592592593,LOW_VOL,MID_BREADTH,NORMAL
2018-04-03,BULL,0.006142197497041057,0.4722222222222222,LOW_VOL,MID_BREADTH,NORMAL
2018-04-09,BULL,0.00609186992834482,0.5,LOW_VOL,MID_BREADTH,NORMAL
2018-04-10,BULL,0.006040839068325323,0.5092592592592593,LOW_VOL,MID_BREADTH,NORMAL
2018-04-11,BULL,0.005717576043090388,0.5648148148148148,LOW_VOL,MID_BREADTH,NORMAL
2018-04-12,BULL,0.00560488851220749,0.5648148148148148,LOW_VOL,MID_BREADTH,NORMAL
2018-04-13,BULL,0.005574900798690198,0.5555555555555556,LOW_VOL,MID_BREADTH,NORMAL
2018-04-16,BULL,0.005629028769028896,0.5185185185185185,LOW_VOL,MID_BREADTH,NORMAL
2018-04-17,BULL,0.0062073701238317645,0.4444444444444444,LOW_VOL,MID_BREADTH,NORMAL
2018-04-18,BULL,0.006246836606964863,0.46296296296296297,LOW_VOL,MID_BREADTH,NORMAL
2018-04-19,BULL,0.0066228447524595765,0.5185185185185185,MID_VOL,MID_BREADTH,NORMAL
2018-04-20,BULL,0.006589251843210039,0.5185185185185185,MID_VOL,MID_BREADTH,NORMAL
2018-04-23,BULL,0.006646585433622782,0.5185185185185185,MID_VOL,MID_BREADTH,NORMAL
2018-04-24,BEAR,0.0063583130947827485,0.4444444444444444,MID_VOL,MID_BREADTH,NORMAL
2018-04-25,BEAR,0.00634618697891212,0.42592592592592593,MID_VOL,MID_BREADTH,NORMAL
2018-04-26,BEAR,0.005782631079353238,0.42592592592592593,LOW_VOL,MID_BREADTH,NORMAL
2018-04-27,BEAR,0.005848582290399655,0.4444444444444444,LOW_VOL,MID_BREADTH,NORMAL
2018-04-30,BULL,0.006197671870323055,0.5092592592592593,LOW_VOL,MID_BREADTH,NORMAL
2018-05-02,BULL,0.006157467341158555,0.5,LOW_VOL,MID_BREADTH,NORMAL
2018-05-03,BEAR,0.006370171479737566,0.4166666666666667,MID_VOL,MID_BREADTH,NORMAL
2018-05-04,BEAR,0.006381137590015748,0.4444444444444444,MID_VOL,MID_BREADTH,NORMAL
2018-05-07,BEAR,0.006408868638586453,0.4166666666666667,MID_VOL,MID_BREADTH,NORMAL
2018-05-08,BULL,0.0063390143795599325,0.4722222222222222,MID_VOL,MID_BREADTH,NORMAL
2018-05-09,BULL,0.006386911313909073,0.4444444444444444,MID_VOL,MID_BREADTH,NORMAL
2018-05-10,BULL,0.0063761025862262765,0.48148148148148145,MID_VOL,MID_BREADTH,NORMAL
2018-05-11,BULL,0.006372804056094418,0.5277777777777778,MID_VOL,MID_BREADTH,NORMAL
2018-05-14,BULL,0.006533857684658761,0.5462962962962963,MID_VOL,MID_BREADTH,NORMAL
2018-05-15,BULL,0.0065514862067771115,0.5185185185185185,MID_VOL,MID_BREADTH,NORMAL
2018-05-16,BULL,0.00600355612461161,0.5277777777777778,LOW_VOL,MID_BREADTH,NORMAL
2018-05-17,BULL,0.005995625891701611,0.49074074074074076,LOW_VOL,MID_BREADTH,NORMAL
2018-05-18,BULL,0.0055579861473701005,0.5,LOW_VOL,MID_BREADTH,NORMAL
2018-05-21,BULL,0.0057362022537282694,0.5555555555555556,LOW_VOL,MID_BREADTH,NORMAL
2018-05-22,BULL,0.0056012986385732535,0.5092592592592593,LOW_VOL,MID_BREADTH,NORMAL
2018-05-23,BULL,0.0045936401719913434,0.5185185185185185,LOW_VOL,MID_BREADTH,NORMAL
2018-05-24,BULL,0.004632524825600905,0.5185185185185185,LOW_VOL,MID_BREADTH,NORMAL
2018-05-25,BULL,0.004405433774529248,0.49074074074074076,LOW_VOL,MID_BREADTH,NORMAL
2018-05-28,BULL,0.0042092023678442555,0.5833333333333334,LOW_VOL,MID_BREADTH,NORMAL
2018-05-29,BULL,0.0038507623510533164,0.5740740740740741,LOW_VOL,MID_BREADTH,NORMAL
2018-05-30,BULL,0.0049068098381949985,0.5,LOW_VOL,MID_BREADTH,NORMAL
2018-05-31,BULL,0.004645535144426108,0.5462962962962963,LOW_VOL,MID_BREADTH,NORMAL
2018-06-01,BULL,0.0048210040059667005,0.6018518518518519,LOW_VOL,BROAD,NORMAL
2018-06-04,BULL,0.005322169574980551,0.6296296296296297,LOW_VOL,BROAD,NORMAL
2018-06-05,BULL,0.005281941496102704,0.6388888888888888,LOW_VOL,BROAD,NORMAL
2018-06-06,BULL,0.005473905390876866,0.6759259259259259,LOW_VOL,BROAD,NORMAL
2018-06-07,BULL,0.005472712683859901,0.6944444444444444,LOW_VOL,BROAD,NORMAL
2018-06-08,BULL,0.005594790253746216,0.7037037037037037,LOW_VOL,BROAD,NORMAL
2018-06-11,BULL,0.005563773708487809,0.6759259259259259,LOW_VOL,BROAD,NORMAL
2018-06-12,BULL,0.005470596434086092,0.6481481481481481,LOW_VOL,BROAD,NORMAL
2018-06-13,BULL,0.005468819585959416,0.6296296296296297,LOW_VOL,BROAD,NORMAL
2018-06-14,BULL,0.005742761643140491,0.5648148148148148,LOW_VOL,MID_BREADTH,NORMAL
2018-06-15,BULL,0.005764029392929999,0.6111111111111112,LOW_VOL,BROAD,NORMAL
2018-06-19,BULL,0.006033387681686604,0.4722222222222222,LOW_VOL,MID_BREADTH,NORMAL
2018-06-20,BULL,0.006025030458278725,0.49074074074074076,LOW_VOL,MID_BREADTH,NORMAL
2018-06-21,BULL,0.006014309802816558,0.5185185185185185,LOW_VOL,MID_BREADTH,NORMAL
2018-06-22,BULL,0.006116545130584985,0.46296296296296297,LOW_VOL,MID_BREADTH,NORMAL
2018-06-25,BEAR,0.006177296081177689,0.4351851851851852,LOW_VOL,MID_BREADTH,NORMAL
2018-06-26,BEAR,0.006194646707589766,0.39814814814814814,LOW_VOL,NARROW,NORMAL
2018-06-27,BEAR,0.006199046191094466,0.3888888888888889,LOW_VOL,NARROW,NORMAL
2018-06-28,BEAR,0.005713153991579925,0.3425925925925926,LOW_VOL,NARROW,NORMAL
2018-06-29,BEAR,0.006537131705569327,0.42592592592592593,MID_VOL,MID_BREADTH,NORMAL
2018-07-02,BEAR,0.0063917820558836375,0.37962962962962965,MID_VOL,NARROW,NORMAL
2018-07-03,BEAR,0.005957280149963551,0.3425925925925926,LOW_VOL,NARROW,NORMAL
2018-07-04,BEAR,0.005980038395649493,0.3425925925925926,LOW_VOL,NARROW,NORMAL
2018-07-05,BEAR,0.005842400642651371,0.25925925925925924,LOW_VOL,NARROW,NORMAL
2018-07-06,BEAR,0.00577541976841335,0.24074074074074073,LOW_VOL,NARROW,NORMAL
2018-07-09,BEAR,0.0062277005253700505,0.3425925925925926,LOW_VOL,NARROW,NORMAL
2018-07-10,BEAR,0.006617982233030582,0.37037037037037035,MID_VOL,NARROW,NORMAL
2018-07-11,BEAR,0.006692346143649066,0.3333333333333333,MID_VOL,NARROW,NORMAL
2018-07-12,BEAR,0.006831915497436378,0.35185185185185186,MID_VOL,NARROW,NORMAL
2018-07-13,BEAR,0.007167986247351054,0.4074074074074074,MID_VOL,NARROW,NORMAL
2018-07-16,BEAR,0.007091282930911057,0.37962962962962965,MID_VOL,NARROW,NORMAL
2018-07-17,BEAR,0.006787025782595415,0.42592592592592593,MID_VOL,MID_BREADTH,NORMAL
2018-07-18,BEAR,0.0069644597652249104,0.5,MID_VOL,MID_BREADTH,NORMAL
2018-07-19,BEAR,0.007012582112036938,0.4722222222222222,MID_VOL,MID_BREADTH,NORMAL
2018-07-20,BEAR,0.006881568852252514,0.46296296296296297,MID_VOL,MID_BREADTH,NORMAL
2018-07-23,BEAR,0.006939489149707512,0.4166666666666667,MID_VOL,MID_BREADTH,NORMAL
2018-07-24,BEAR,0.007066457366650009,0.4537037037037037,MID_VOL,MID_BREADTH,NORMAL
2018-07-25,BEAR,0.0070617359192662,0.4074074074074074,MID_VOL,NARROW,NORMAL
2018-07-26,BEAR,0.006906820525469106,0.4444444444444444,MID_VOL,MID_BREADTH,NORMAL
2018-07-27,BEAR,0.0060581261652836145,0.4537037037037037,LOW_VOL,MID_BREADTH,NORMAL
2018-07-30,BEAR,0.006046062644036798,0.4074074074074074,LOW_VOL,NARROW,NORMAL
2018-07-31,BEAR,0.0056382560685608995,0.4166666666666667,LOW_VOL,MID_BREADTH,NORMAL
2018-08-01,BEAR,0.0057268693240021575,0.4351851851851852,LOW_VOL,MID_BREADTH,NORMAL
2018-08-02,BEAR,0.005648527825362892,0.37037037037037035,LOW_VOL,NARROW,NORMAL
2018-08-03,BEAR,0.005724169917207725,0.39814814814814814,LOW_VOL,NARROW,NORMAL
2018-08-06,BEAR,0.00557518426843557,0.46296296296296297,LOW_VOL,MID_BREADTH,NORMAL
2018-08-07,BEAR,0.005407653111010543,0.46296296296296297,LOW_VOL,MID_BREADTH,NORMAL
2018-08-08,BULL,0.0052720924271087025,0.5,LOW_VOL,MID_BREADTH,NORMAL
2018-08-09,BEAR,0.005416026775434145,0.46296296296296297,LOW_VOL,MID_BREADTH,NORMAL
2018-08-10,BEAR,0.005133690759077678,0.39814814814814814,LOW_VOL,NARROW,NORMAL
2018-08-13,BEAR,0.006682606737791685,0.3333333333333333,MID_VOL,NARROW,NORMAL
2018-08-14,BEAR,0.006810149184106384,0.35185185185185186,MID_VOL,NARROW,NORMAL
2018-08-15,BEAR,0.00705981677193533,0.3148148148148148,MID_VOL,NARROW,NORMAL
2018-08-16,BEAR,0.007047168443165844,0.32407407407407407,MID_VOL,NARROW,NORMAL
2018-08-17,BEAR,0.007058927429044157,0.32407407407407407,MID_VOL,NARROW,NORMAL
2018-08-20,BEAR,0.006973888976784732,0.3148148148148148,MID_VOL,NARROW,NORMAL
2018-08-21,BEAR,0.007385914238290308,0.35185185185185186,MID_VOL,NARROW,NORMAL
2018-08-22,BEAR,0.007381038160372045,0.3611111111111111,MID_VOL,NARROW,NORMAL
2018-08-23,BEAR,0.00749430837261662,0.3888888888888889,MID_VOL,NARROW,NORMAL
2018-08-24,BEAR,0.00764451724852481,0.32407407407407407,MID_VOL,NARROW,NORMAL
2018-08-27,BEAR,0.007770336402734502,0.3611111111111111,MID_VOL,NARROW,NORMAL
2018-08-28,BEAR,0.00792891051607691,0.39814814814814814,MID_VOL,NARROW,NORMAL
2018-08-29,BEAR,0.007864795180117798,0.4351851851851852,MID_VOL,MID_BREADTH,NORMAL
2018-08-30,BEAR,0.0075369090127120385,0.39814814814814814,MID_VOL,NARROW,NORMAL
2018-08-31,BEAR,0.00743656744200815,0.4537037037037037,MID_VOL,MID_BREADTH,NORMAL
2018-09-03,BEAR,0.007778906120779158,0.37962962962962965,MID_VOL,NARROW,NORMAL
2018-09-04,BEAR,0.007830276919457965,0.39814814814814814,MID_VOL,NARROW,NORMAL
2018-09-05,BEAR,0.007826641163713366,0.3425925925925926,MID_VOL,NARROW,NORMAL
2018-09-06,BEAR,0.007843488570884866,0.3055555555555556,MID_VOL,NARROW,NORMAL
2018-09-07,BEAR,0.008365751783261856,0.2777777777777778,MID_VOL,NARROW,NORMAL
2018-09-10,BEAR,0.008234938232622986,0.25925925925925924,MID_VOL,NARROW,NORMAL
2018-09-11,BEAR,0.008412833337795647,0.3055555555555556,MID_VOL,NARROW,NORMAL
2018-09-12,BEAR,0.008190515565610552,0.2962962962962963,MID_VOL,NARROW,NORMAL
2018-09-13,BEAR,0.008412576336991483,0.35185185185185186,MID_VOL,NARROW,NORMAL
2018-09-14,BEAR,0.009067550205360052,0.37037037037037035,HIGH_VOL,NARROW,NORMAL
2018-09-17,BEAR,0.00906673042879402,0.3425925925925926,HIGH_VOL,NARROW,NORMAL
2018-09-18,BEAR,0.008565383173482129,0.37037037037037035,MID_VOL,NARROW,NORMAL
2018-09-19,BEAR,0.008777832723403085,0.42592592592592593,HIGH_VOL,MID_BREADTH,NORMAL
2018-09-20,BEAR,0.008745829492612496,0.4166666666666667,MID_VOL,MID_BREADTH,NORMAL
2018-09-21,BEAR,0.008919749566640003,0.46296296296296297,HIGH_VOL,MID_BREADTH,NORMAL
2018-09-25,BEAR,0.008755722442129759,0.49074074074074076,HIGH_VOL,MID_BREADTH,NORMAL
2018-09-26,BEAR,0.008607178328639121,0.46296296296296297,MID_VOL,MID_BREADTH,NORMAL
2018-09-27,BEAR,0.00859157061046059,0.5,MID_VOL,MID_BREADTH,NORMAL
2018-09-28,BEAR,0.008560710360592453,0.49074074074074076,MID_VOL,MID_BREADTH,NORMAL
2018-10-01,BEAR,0.008611749151731202,0.5,MID_VOL,MID_BREADTH,NORMAL
2018-10-02,BEAR,0.008458955972873572,0.42592592592592593,MID_VOL,MID_BREADTH,NORMAL
2018-10-03,BEAR,0.00849334339261035,0.4166666666666667,MID_VOL,MID_BREADTH,NORMAL
2018-10-04,BEAR,0.008615969760154768,0.28703703703703703,MID_VOL,NARROW,NORMAL
2018-10-05,BEAR,0.00963498136797566,0.25,HIGH_VOL,NARROW,NORMAL
2018-10-08,BEAR,0.009194892214577605,0.24074074074074073,HIGH_VOL,NARROW,NORMAL
2018-10-09,BEAR,0.00840933631814149,0.23148148148148148,MID_VOL,NARROW,NORMAL
2018-10-11,BEAR,0.01619534337705686,0.06481481481481481,HIGH_VOL,NARROW,SHOCK_5D
2018-10-12,BEAR,0.01703074354287741,0.10185185185185185,HIGH_VOL,NARROW,SHOCK_5D
2018-10-15,BEAR,0.01686712445873621,0.06481481481481481,HIGH_VOL,NARROW,SHOCK_5D
2018-10-16,BEAR,0.016384461142347505,0.07407407407407407,HIGH_VOL,NARROW,SHOCK_5D
2018-10-17,BEAR,0.016413383830012163,0.07407407407407407,HIGH_VOL,NARROW,SHOCK_5D
2018-10-18,BEAR,0.016423733899680857,0.07407407407407407,HIGH_VOL,NARROW,NORMAL
2018-10-19,BEAR,0.016173363353472515,0.08333333333333333,HIGH_VOL,NARROW,NORMAL
2018-10-22,BEAR,0.016317979425242678,0.07407407407407407,HIGH_VOL,NARROW,NORMAL
2018-10-23,BEAR,0.016208579967838047,0.046296296296296294,HIGH_VOL,NARROW,NORMAL
2018-10-24,BEAR,0.016132681187924866,0.05555555555555555,HIGH_VOL,NARROW,NORMAL
2018-10-25,BEAR,0.016620884457360784,0.05555555555555555,HIGH_VOL,NARROW,NORMAL
2018-10-26,BEAR,0.016486063630035346,0.07407407407407407,HIGH_VOL,NARROW,NORMAL
2018-10-29,BEAR,0.016436675050171427,0.08333333333333333,HIGH_VOL,NARROW,SHOCK_5D
2018-10-30,BEAR,0.016421655144832566,0.08333333333333333,HIGH_VOL,NARROW,NORMAL
2018-10-31,BEAR,0.018094364002641757,0.08333333333333333,HIGH_VOL,NARROW,NORMAL
2018-11-01,BEAR,0.01833158809836536,0.07407407407407407,HIGH_VOL,NARROW,NORMAL
2018-11-02,BEAR,0.018575989856189433,0.06481481481481481,HIGH_VOL,NARROW,NORMAL
2018-11-05,BEAR,0.0181399704255631,0.10185185185185185,HIGH_VOL,NARROW,NORMAL
2018-11-06,BEAR,0.018159929925630234,0.07407407407407407,HIGH_VOL,NARROW,NORMAL
2018-11-07,BEAR,0.01850015149114227,0.12962962962962962,HIGH_VOL,NARROW,NORMAL
2018-11-08,BEAR,0.01152292613964074,0.1574074074074074,HIGH_VOL,NARROW,NORMAL
2018-11-09,BEAR,0.010806085074275532,0.12037037037037036,HIGH_VOL,NARROW,NORMAL
2018-11-12,BEAR,0.010690289585531658,0.1388888888888889,HIGH_VOL,NARROW,NORMAL
2018-11-13,BEAR,0.01067904673970713,0.12962962962962962,HIGH_VOL,NARROW,NORMAL
2018-11-14,BEAR,0.010716328151671664,0.19444444444444445,HIGH_VOL,NARROW,NORMAL
2018-11-15,BEAR,0.010719145113321669,0.21296296296296297,HIGH_VOL,NARROW,NORMAL
2018-11-16,BEAR,0.010673320729093374,0.2222222222222222,HIGH_VOL,NARROW,NORMAL
2018-11-19,BEAR,0.010796848029797908,0.3055555555555556,HIGH_VOL,NARROW,NORMAL
2018-11-20,BEAR,0.010072849411832459,0.24074074074074073,HIGH_VOL,NARROW,NORMAL
2018-11-21,BEAR,0.01007122372419388,0.23148148148148148,HIGH_VOL,NARROW,NORMAL
2018-11-22,BEAR,0.008342478195561156,0.23148148148148148,MID_VOL,NARROW,NORMAL
2018-11-23,BEAR,0.008352770759133647,0.2037037037037037,MID_VOL,NARROW,NORMAL
2018-11-26,BEAR,0.008457246433148689,0.23148148148148148,MID_VOL,NARROW,NORMAL
2018-11-27,BEAR,0.008449056929223497,0.2962962962962963,MID_VOL,NARROW,NORMAL
2018-11-28,BEAR,0.007028665232248427,0.3611111111111111,MID_VOL,NARROW,NORMAL
2018-11-29,BEAR,0.006975195167632994,0.3148148148148148,MID_VOL,NARROW,NORMAL
2018-11-30,BEAR,0.006752518535306034,0.3333333333333333,MID_VOL,NARROW,NORMAL
2018-12-03,BEAR,0.007894219133923746,0.4537037037037037,MID_VOL,MID_BREADTH,NORMAL
2018-12-04,BEAR,0.007677177918641748,0.46296296296296297,MID_VOL,MID_BREADTH,NORMAL
2018-12-05,BEAR,0.008162726171260876,0.3333333333333333,MID_VOL,NARROW,NORMAL
2018-12-06,BEAR,0.009689428042261231,0.25925925925925924,HIGH_VOL,NARROW,NORMAL
2018-12-07,BEAR,0.009680215866516259,0.35185185185185186,HIGH_VOL,NARROW,NORMAL
2018-12-10,BEAR,0.01011657823120007,0.26851851851851855,HIGH_VOL,NARROW,NORMAL
2018-12-11,BEAR,0.010134354173443208,0.3055555555555556,HIGH_VOL,NARROW,NORMAL
2018-12-12,BEAR,0.01030385123499164,0.3333333333333333,HIGH_VOL,NARROW,NORMAL
2018-12-13,BEAR,0.010421047044232554,0.37962962962962965,HIGH_VOL,NARROW,NORMAL
2018-12-14,BEAR,0.010508424198869996,0.35185185185185186,HIGH_VOL,NARROW,NORMAL
2018-12-17,BEAR,0.010341064320305963,0.37037037037037035,HIGH_VOL,NARROW,NORMAL
2018-12-18,BEAR,0.010333994118064278,0.3425925925925926,HIGH_VOL,NARROW,NORMAL
2018-12-19,BEAR,0.010345520093778213,0.35185185185185186,HIGH_VOL,NARROW,NORMAL
2018-12-20,BEAR,0.010462104000294877,0.3425925925925926,HIGH_VOL,NARROW,NORMAL
2018-12-21,BEAR,0.010373708342601729,0.32407407407407407,HIGH_VOL,NARROW,NORMAL
2018-12-22,BEAR,0.01009788337443962,0.3425925925925926,HIGH_VOL,NARROW,NORMAL
2018-12-24,BEAR,0.01011190910589404,0.37962962962962965,HIGH_VOL,NARROW,NORMAL
2018-12-25,BEAR,0.009830715197643718,0.2962962962962963,HIGH_VOL,NARROW,NORMAL
2018-12-26,BEAR,0.00988295342935233,0.28703703703703703,HIGH_VOL,NARROW,NORMAL
2018-12-27,BEAR,0.010187190979682903,0.3611111111111111,HIGH_VOL,NARROW,NORMAL
2018-12-28,BEAR,0.00895339590674013,0.4537037037037037,HIGH_VOL,MID_BREADTH,NORMAL
2019-01-02,BEAR,0.009094052624280468,0.35185185185185186,HIGH_VOL,NARROW,NORMAL
2019-01-03,BEAR,0.008683686188604324,0.3333333333333333,MID_VOL,NARROW,NORMAL
2019-01-04,BEAR,0.007318130454070385,0.2962962962962963,MID_VOL,NARROW,NORMAL
2019-01-07,BEAR,0.008346531789729585,0.48148148148148145,MID_VOL,MID_BREADTH,NORMAL
2019-01-08,BEAR,0.007863563318839478,0.42592592592592593,MID_VOL,MID_BREADTH,NORMAL
2019-01-09,BEAR,0.008397264100655737,0.6388888888888888,MID_VOL,BROAD,NORMAL
2019-01-10,BEAR,0.008175649253919656,0.6388888888888888,MID_VOL,BROAD,NORMAL
2019-01-11,BEAR,0.007980098466706928,0.5833333333333334,MID_VOL,MID_BREADTH,NORMAL
2019-01-14,BEAR,0.007933017646537033,0.5648148148148148,MID_VOL,MID_BREADTH,NORMAL
2019-01-15,BEAR,0.008281929094311722,0.6481481481481481,MID_VOL,BROAD,NORMAL
2019-01-16,BEAR,0.008098173265851336,0.6574074074074074,MID_VOL,BROAD,NORMAL
2019-01-17,BEAR,0.00808338754006346,0.6574074074074074,MID_VOL,BROAD,NORMAL
2019-01-18,BEAR,0.007934726359641093,0.7222222222222222,MID_VOL,BROAD,NORMAL
2019-01-21,BEAR,0.007927349321370802,0.7314814814814815,MID_VOL,BROAD,NORMAL
2019-01-22,BEAR,0.007952075320823046,0.7037037037037037,MID_VOL,BROAD,NORMAL
2019-01-23,BEAR,0.007944186885384383,0.6944444444444444,MID_VOL,BROAD,NORMAL
2019-01-24,BEAR,0.007284950607009681,0.6944444444444444,MID_VOL,BROAD,NORMAL
2019-01-25,BULL,0.007100066434396199,0.7685185185185185,MID_VOL,BROAD,NORMAL
2019-01-28,BULL,0.006836201015828981,0.75,MID_VOL,BROAD,NORMAL
2019-01-29,BULL,0.006918030704039791,0.7314814814814815,MID_VOL,BROAD,NORMAL
2019-01-30,BULL,0.00645536129899987,0.7407407407407407,MID_VOL,BROAD,NORMAL
2019-02-11,BULL,0.0063757685242395645,0.7129629629629629,MID_VOL,BROAD,NORMAL
2019-02-12,BULL,0.006111295955452044,0.7407407407407407,LOW_VOL,BROAD,NORMAL
2019-02-13,BULL,0.004778944451392017,0.75,LOW_VOL,BROAD,NORMAL
2019-02-14,BULL,0.00470162413015571,0.75,LOW_VOL,BROAD,NORMAL
2019-02-15,BULL,0.0039392390639068015,0.75,LOW_VOL,BROAD,NORMAL
2019-02-18,BULL,0.003956790429843549,0.7777777777777778,LOW_VOL,BROAD,NORMAL
2019-02-19,BULL,0.003970161544547254,0.7962962962962963,LOW_VOL,BROAD,NORMAL
2019-02-20,BULL,0.003919216794548435,0.8518518518518519,LOW_VOL,BROAD,NORMAL
2019-02-21,BULL,0.0034552943230053527,0.8611111111111112,LOW_VOL,BROAD,NORMAL
2019-02-22,BULL,0.0033749109273793466,0.8611111111111112,LOW_VOL,BROAD,NORMAL
2019-02-25,BULL,0.0035094895559670465,0.8611111111111112,LOW_VOL,BROAD,NORMAL
2019-02-26,BULL,0.003464508744814615,0.8796296296296297,LOW_VOL,BROAD,NORMAL
2019-02-27,BULL,0.0034800150344402926,0.8796296296296297,LOW_VOL,BROAD,NORMAL
2019-03-04,BULL,0.0033384012335206954,0.8518518518518519,LOW_VOL,BROAD,NORMAL
2019-03-05,BULL,0.0037966722022568958,0.8611111111111112,LOW_VOL,BROAD,NORMAL
2019-03-06,BULL,0.0038109715093706314,0.8518518518518519,LOW_VOL,BROAD,NORMAL
2019-03-07,BULL,0.0041340277682250974,0.8240740740740741,LOW_VOL,BROAD,NORMAL
2019-03-08,BULL,0.0042720983439945405,0.8240740740740741,LOW_VOL,BROAD,NORMAL
2019-03-11,BULL,0.004136098669877494,0.7870370370370371,LOW_VOL,BROAD,NORMAL
2019-03-12,BULL,0.004238151764157161,0.8333333333333334,LOW_VOL,BROAD,NORMAL
2019-03-13,BULL,0.004182968602930538,0.8055555555555556,LOW_VOL,BROAD,NORMAL
2019-03-14,BULL,0.004096950315541578,0.7870370370370371,LOW_VOL,BROAD,NORMAL
2019-03-15,BULL,0.004135336521784807,0.8240740740740741,LOW_VOL,BROAD,NORMAL
2019-03-18,BULL,0.004387092390620705,0.8703703703703703,LOW_VOL,BROAD,NORMAL
2019-03-19,BULL,0.004320890324931105,0.8425925925925926,LOW_VOL,BROAD,NORMAL
2019-03-20,BULL,0.004233297784574214,0.8518518518518519,LOW_VOL,BROAD,NORMAL
2019-03-21,BULL,0.004185182463385181,0.8611111111111112,LOW_VOL,BROAD,NORMAL
2019-03-22,BULL,0.003956456047973129,0.8703703703703703,LOW_VOL,BROAD,NORMAL
2019-03-25,BULL,0.004750598915868197,0.7870370370370371,LOW_VOL,BROAD,NORMAL
2019-03-26,BULL,0.004848922705536813,0.8055555555555556,LOW_VOL,BROAD,NORMAL
2019-03-27,BULL,0.004574915040146785,0.7777777777777778,LOW_VOL,BROAD,NORMAL
2019-03-28,BULL,0.004548527708311528,0.7407407407407407,LOW_VOL,BROAD,NORMAL
2019-03-29,BULL,0.004769313473261993,0.7870370370370371,LOW_VOL,BROAD,NORMAL
2019-04-01,BULL,0.0047584652580394855,0.7777777777777778,LOW_VOL,BROAD,NORMAL
2019-04-02,BULL,0.004545852941859955,0.75,LOW_VOL,BROAD,NORMAL
2019-04-03,BULL,0.004519198582849965,0.7685185185185185,LOW_VOL,BROAD,NORMAL
2019-04-08,BULL,0.004271650371178671,0.7777777777777778,LOW_VOL,BROAD,NORMAL
2019-04-09,BULL,0.004000676886069272,0.7870370370370371,LOW_VOL,BROAD,NORMAL
2019-04-10,BULL,0.00394527155778695,0.8055555555555556,LOW_VOL,BROAD,NORMAL
2019-04-11,BULL,0.004211406721414932,0.75,LOW_VOL,BROAD,NORMAL
2019-04-12,BULL,0.004285803150600642,0.7592592592592593,LOW_VOL,BROAD,NORMAL
2019-04-15,BULL,0.004291686904480236,0.75,LOW_VOL,BROAD,NORMAL
2019-04-16,BULL,0.004261469829934716,0.7407407407407407,LOW_VOL,BROAD,NORMAL
2019-04-17,BULL,0.00401223255322401,0.7407407407407407,LOW_VOL,BROAD,NORMAL
2019-04-18,BULL,0.004346341147374894,0.6944444444444444,LOW_VOL,BROAD,NORMAL
2019-04-19,BULL,0.004395811105373823,0.75,LOW_VOL,BROAD,NORMAL
2019-04-22,BULL,0.00438072793436696,0.7222222222222222,LOW_VOL,BROAD,NORMAL
2019-04-23,BULL,0.004396371943309151,0.7314814814814815,LOW_VOL,BROAD,NORMAL
2019-04-24,BULL,0.00344555327563041,0.7129629629629629,LOW_VOL,BROAD,NORMAL
2019-04-25,BULL,0.0033788690700156574,0.7222222222222222,LOW_VOL,BROAD,NORMAL
2019-04-26,BULL,0.003637526762234098,0.7037037037037037,LOW_VOL,BROAD,NORMAL
2019-04-29,BULL,0.0036400689128947444,0.7037037037037037,LOW_VOL,BROAD,NORMAL
2019-04-30,BULL,0.0035131453034740303,0.7222222222222222,LOW_VOL,BROAD,NORMAL
2019-05-02,BULL,0.003536802409043273,0.7222222222222222,LOW_VOL,BROAD,NORMAL
2019-05-03,BULL,0.0035166473484752594,0.7222222222222222,LOW_VOL,BROAD,NORMAL
2019-05-06,BULL,0.005527603994845708,0.6388888888888888,LOW_VOL,BROAD,NORMAL
2019-05-07,BULL,0.005660003434057798,0.6851851851851852,LOW_VOL,BROAD,NORMAL
2019-05-08,BULL,0.005786307175414123,0.6481481481481481,LOW_VOL,BROAD,NORMAL
2019-05-09,BULL,0.007106750934407602,0.5370370370370371,MID_VOL,MID_BREADTH,NORMAL
2019-05-10,BULL,0.007030919128726447,0.5092592592592593,MID_VOL,MID_BREADTH,NORMAL
2019-05-13,BULL,0.007133084582006225,0.46296296296296297,MID_VOL,MID_BREADTH,NORMAL
2019-05-14,BULL,0.007059267936446315,0.4351851851851852,MID_VOL,MID_BREADTH,NORMAL
2019-05-15,BULL,0.007114493917067822,0.4537037037037037,MID_VOL,MID_BREADTH,NORMAL
2019-05-16,BULL,0.007212533344255021,0.42592592592592593,MID_VOL,MID_BREADTH,NORMAL
2019-05-17,BULL,0.007163906559809607,0.4074074074074074,MID_VOL,NARROW,NORMAL
2019-05-20,BULL,0.007073654170289776,0.4166666666666667,MID_VOL,MID_BREADTH,NORMAL
2019-05-21,BULL,0.007474228723270542,0.4537037037037037,MID_VOL,MID_BREADTH,NORMAL
2019-05-22,BULL,0.007430903573682419,0.4351851851851852,MID_VOL,MID_BREADTH,NORMAL
2019-05-23,BULL,0.007635613467045714,0.4074074074074074,MID_VOL,NARROW,NORMAL
2019-05-24,BULL,0.007545428908867572,0.42592592592592593,MID_VOL,MID_BREADTH,NORMAL
2019-05-27,BULL,0.007643489825493562,0.4444444444444444,MID_VOL,MID_BREADTH,NORMAL
2019-05-28,BULL,0.007653391147111176,0.4351851851851852,MID_VOL,MID_BREADTH,NORMAL
2019-05-29,BULL,0.007494475719120659,0.4444444444444444,MID_VOL,MID_BREADTH,NORMAL
2019-05-30,BULL,0.00775314878970732,0.4722222222222222,MID_VOL,MID_BREADTH,NORMAL
2019-05-31,BULL,0.00799793060233071,0.5,MID_VOL,MID_BREADTH,NORMAL
2019-06-03,BULL,0.007066099832190825,0.48148148148148145,MID_VOL,MID_BREADTH,NORMAL
2019-06-04,BULL,0.006757424282856285,0.4537037037037037,MID_VOL,MID_BREADTH,NORMAL
2019-06-05,BULL,0.006768418612709183,0.48148148148148145,MID_VOL,MID_BREADTH,NORMAL
2019-06-06,BULL,0.005441497960916266,0.5,LOW_VOL,MID_BREADTH,NORMAL
2019-06-10,BULL,0.006327218152414194,0.5277777777777778,LOW_VOL,MID_BREADTH,NORMAL
2019-06-11,BULL,0.0061293884404878,0.5370370370370371,LOW_VOL,MID_BREADTH,NORMAL
2019-06-12,BULL,0.00609713914878619,0.5277777777777778,LOW_VOL,MID_BREADTH,NORMAL
2019-06-13,BULL,0.006064953974756244,0.5277777777777778,LOW_VOL,MID_BREADTH,NORMAL
2019-06-14,BULL,0.0057556548686601055,0.48148148148148145,LOW_VOL,MID_BREADTH,NORMAL
2019-06-17,BULL,0.005635352848271497,0.5,LOW_VOL,MID_BREADTH,NORMAL
2019-06-18,BULL,0.005647408551426462,0.5370370370370371,LOW_VOL,MID_BREADTH,NORMAL
2019-06-19,BULL,0.00622663170736803,0.6111111111111112,LOW_VOL,BROAD,NORMAL
2019-06-20,BULL,0.006141358461691045,0.6481481481481481,LOW_VOL,BROAD,NORMAL
2019-06-21,BULL,0.0055586175140865165,0.6481481481481481,LOW_VOL,BROAD,NORMAL
2019-06-24,BULL,0.00555176801332141,0.6388888888888888,LOW_VOL,BROAD,NORMAL
2019-06-25,BULL,0.005692581316278461,0.6111111111111112,LOW_VOL,BROAD,NORMAL
2019-06-26,BULL,0.005680166036634049,0.6388888888888888,LOW_VOL,BROAD,NORMAL
2019-06-27,BULL,0.005776194409860449,0.7129629629629629,LOW_VOL,BROAD,NORMAL
2019-06-28,BULL,0.005838185591454563,0.6759259259259259,LOW_VOL,BROAD,NORMAL
2019-07-01,BULL,0.0060193428082317615,0.7407407407407407,LOW_VOL,BROAD,NORMAL
2019-07-02,BULL,0.005875852757565827,0.7314814814814815,LOW_VOL,BROAD,NORMAL
2019-07-03,BULL,0.006230125424329714,0.6574074074074074,LOW_VOL,BROAD,NORMAL
2019-07-04,BULL,0.006233092768964832,0.6759259259259259,LOW_VOL,BROAD,NORMAL
2019-07-05,BULL,0.006087908056439293,0.7037037037037037,LOW_VOL,BROAD,NORMAL
2019-07-08,BULL,0.005635761707167075,0.6666666666666666,LOW_VOL,BROAD,NORMAL
2019-07-09,BULL,0.00568909486742458,0.6481481481481481,LOW_VOL,BROAD,NORMAL
2019-07-10,BULL,0.005841434363325267,0.6944444444444444,LOW_VOL,BROAD,NORMAL
2019-07-11,BULL,0.005778942223005446,0.6759259259259259,LOW_VOL,BROAD,NORMAL
2019-07-12,BULL,0.0057250318366100636,0.6851851851851852,LOW_VOL,BROAD,NORMAL
2019-07-15,BULL,0.005727822666429132,0.6851851851851852,LOW_VOL,BROAD,NORMAL
2019-07-16,BULL,0.005769768346844394,0.6759259259259259,LOW_VOL,BROAD,NORMAL
2019-07-17,BULL,0.004842246306407152,0.6481481481481481,LOW_VOL,BROAD,NORMAL
2019-07-18,BULL,0.004783458375862085,0.6481481481481481,LOW_VOL,BROAD,NORMAL
2019-07-19,BULL,0.004945514917626577,0.6666666666666666,LOW_VOL,BROAD,NORMAL
2019-07-22,BULL,0.004995854496449594,0.6759259259259259,LOW_VOL,BROAD,NORMAL
2019-07-23,BULL,0.004996480069044163,0.6388888888888888,LOW_VOL,BROAD,NORMAL
2019-07-24,BULL,0.005057033937109526,0.6203703703703703,LOW_VOL,BROAD,NORMAL
2019-07-25,BULL,0.004871831945880015,0.6203703703703703,LOW_VOL,BROAD,NORMAL
2019-07-26,BULL,0.004766133312023456,0.6111111111111112,LOW_VOL,BROAD,NORMAL
2019-07-29,BULL,0.004070717700864364,0.5648148148148148,LOW_VOL,MID_BREADTH,NORMAL
2019-07-30,BULL,0.004401824578127662,0.5462962962962963,LOW_VOL,MID_BREADTH,NORMAL
2019-07-31,BULL,0.004039149361918093,0.5,LOW_VOL,MID_BREADTH,NORMAL
2019-08-01,BULL,0.004429814680918962,0.4351851851851852,LOW_VOL,MID_BREADTH,NORMAL
2019-08-02,BULL,0.0056948624951038505,0.3888888888888889,LOW_VOL,NARROW,NORMAL
2019-08-05,BEAR,0.005914377098525378,0.3425925925925926,LOW_VOL,NARROW,NORMAL
2019-08-06,BEAR,0.0059547321946080934,0.2962962962962963,LOW_VOL,NARROW,NORMAL
2019-08-07,BEAR,0.005539725205707771,0.28703703703703703,LOW_VOL,NARROW,NORMAL
2019-08-08,BEAR,0.006085755878955579,0.3333333333333333,LOW_VOL,NARROW,NORMAL
2019-08-12,BEAR,0.0060890844373605825,0.32407407407407407,LOW_VOL,NARROW,NORMAL
2019-08-13,BEAR,0.006348940502868052,0.28703703703703703,MID_VOL,NARROW,NORMAL
2019-08-14,BEAR,0.006520564829159321,0.28703703703703703,MID_VOL,NARROW,NORMAL
2019-08-15,BEAR,0.006668244554934709,0.23148148148148148,MID_VOL,NARROW,NORMAL
2019-08-16,BEAR,0.007079966987248117,0.25,MID_VOL,NARROW,NORMAL
2019-08-19,BEAR,0.007024865669180126,0.24074074074074073,MID_VOL,NARROW,NORMAL
2019-08-20,BEAR,0.0067888484098211545,0.2777777777777778,MID_VOL,NARROW,NORMAL
2019-08-21,BEAR,0.006938414626883357,0.28703703703703703,MID_VOL,NARROW,NORMAL
2019-08-22,BEAR,0.007030790987115978,0.3148148148148148,MID_VOL,NARROW,NORMAL
2019-08-23,BEAR,0.00689194222184195,0.32407407407407407,MID_VOL,NARROW,NORMAL
2019-08-26,BEAR,0.007541290776708883,0.21296296296296297,MID_VOL,NARROW,NORMAL
2019-08-27,BEAR,0.007617706293023762,0.2222222222222222,MID_VOL,NARROW,NORMAL
2019-08-28,BEAR,0.007632966641412308,0.25,MID_VOL,NARROW,NORMAL
2019-08-29,BEAR,0.007656167442021786,0.25,MID_VOL,NARROW,NORMAL
2019-08-30,BULL,0.008066235901937108,0.28703703703703703,MID_VOL,NARROW,NORMAL
2019-09-02,BULL,0.007217966840091823,0.28703703703703703,MID_VOL,NARROW,NORMAL
2019-09-03,BULL,0.006951933647736153,0.2962962962962963,MID_VOL,NARROW,NORMAL
2019-09-04,BULL,0.007030178150841703,0.3333333333333333,MID_VOL,NARROW,NORMAL
2019-09-05,BULL,0.007052916292966052,0.3425925925925926,MID_VOL,NARROW,NORMAL
2019-09-06,BULL,0.006810048290583202,0.3611111111111111,MID_VOL,NARROW,NORMAL
2019-09-09,BULL,0.006795895263362275,0.37037037037037035,MID_VOL,NARROW,NORMAL
2019-09-10,BULL,0.006171130265987799,0.37962962962962965,LOW_VOL,NARROW,NORMAL
2019-09-11,BULL,0.0061500427912091074,0.4074074074074074,LOW_VOL,NARROW,NORMAL
2019-09-12,BULL,0.0056844790845186335,0.4351851851851852,LOW_VOL,MID_BREADTH,NORMAL
2019-09-16,BULL,0.005521364096720153,0.4166666666666667,LOW_VOL,MID_BREADTH,NORMAL
2019-09-17,BULL,0.005469694916593958,0.42592592592592593,LOW_VOL,MID_BREADTH,NORMAL
2019-09-18,BULL,0.005480335287499952,0.4351851851851852,LOW_VOL,MID_BREADTH,NORMAL
2019-09-19,BULL,0.005485133779071258,0.42592592592592593,LOW_VOL,MID_BREADTH,NORMAL
2019-09-20,BULL,0.005520732331293654,0.48148148148148145,LOW_VOL,MID_BREADTH,NORMAL
2019-09-23,BULL,0.0055155040580959986,0.46296296296296297,LOW_VOL,MID_BREADTH,NORMAL
2019-09-24,BULL,0.003818598542612626,0.4722222222222222,LOW_VOL,MID_BREADTH,NORMAL
2019-09-25,BULL,0.00418565916923699,0.4537037037037037,LOW_VOL,MID_BREADTH,NORMAL
2019-09-26,BULL,0.0043510286502587885,0.4351851851851852,LOW_VOL,MID_BREADTH,NORMAL
2019-09-27,BULL,0.005142553032911195,0.3611111111111111,LOW_VOL,NARROW,NORMAL
2019-10-01,BULL,0.004517348663804737,0.42592592592592593,LOW_VOL,MID_BREADTH,NORMAL
2019-10-02,BULL,0.004386034418402108,0.4074074074074074,LOW_VOL,NARROW,NORMAL
2019-10-03,BEAR,0.004444264118528287,0.3333333333333333,LOW_VOL,NARROW,NORMAL
2019-10-04,BULL,0.0041312790265871716,0.37037037037037035,LOW_VOL,NARROW,NORMAL
2019-10-07,BULL,0.004108821062112845,0.37962962962962965,LOW_VOL,NARROW,NORMAL
2019-10-08,BULL,0.00407297479931122,0.3888888888888889,LOW_VOL,NARROW,NORMAL
2019-10-09,BEAR,0.004699110970739918,0.3333333333333333,LOW_VOL,NARROW,NORMAL
2019-10-14,BULL,0.005467961314175432,0.4166666666666667,LOW_VOL,MID_BREADTH,NORMAL
2019-10-15,BULL,0.005445133096807308,0.4351851851851852,LOW_VOL,MID_BREADTH,NORMAL
2019-10-16,BULL,0.00541319191710329,0.48148148148148145,LOW_VOL,MID_BREADTH,NORMAL
2019-10-17,BULL,0.0055131629641616,0.5277777777777778,LOW_VOL,MID_BREADTH,NORMAL
2019-10-18,BULL,0.0055133478329963004,0.5555555555555556,LOW_VOL,MID_BREADTH,NORMAL
2019-10-21,BULL,0.005471915668024796,0.5648148148148148,LOW_VOL,MID_BREADTH,NORMAL
2019-10-22,BULL,0.0055055689388239714,0.6388888888888888,LOW_VOL,BROAD,NORMAL
2019-10-23,BULL,0.005425721719561153,0.6111111111111112,LOW_VOL,BROAD,NORMAL
2019-10-24,BULL,0.00557628905403449,0.6481481481481481,LOW_VOL,BROAD,NORMAL
2019-10-25,BULL,0.005595322335156421,0.6388888888888888,LOW_VOL,BROAD,NORMAL
2019-10-28,BULL,0.005426772400340122,0.6574074074074074,LOW_VOL,BROAD,NORMAL
2019-10-29,BULL,0.005434326568528376,0.6666666666666666,LOW_VOL,BROAD,NORMAL
2019-10-30,BULL,0.004769552299340811,0.6851851851851852,LOW_VOL,BROAD,NORMAL
2019-10-31,BULL,0.004791936723695275,0.6851851851851852,LOW_VOL,BROAD,NORMAL
2019-11-01,BULL,0.00479032839859251,0.6481481481481481,LOW_VOL,BROAD,NORMAL
2019-11-04,BULL,0.004633041927739526,0.7037037037037037,LOW_VOL,BROAD,NORMAL
2019-11-05,BULL,0.004671713377362246,0.7129629629629629,LOW_VOL,BROAD,NORMAL
2019-11-06,BULL,0.004750736960207204,0.6666666666666666,LOW_VOL,BROAD,NORMAL
2019-11-07,BULL,0.004943382765715154,0.6666666666666666,LOW_VOL,BROAD,NORMAL
2019-11-08,BULL,0.004084921288414439,0.6666666666666666,LOW_VOL,BROAD,NORMAL
2019-11-11,BULL,0.004060541705297462,0.5740740740740741,LOW_VOL,MID_BREADTH,NORMAL
2019-11-12,BULL,0.0042629514452064985,0.6111111111111112,LOW_VOL,BROAD,NORMAL
2019-11-13,BULL,0.00443168394149339,0.5925925925925926,LOW_VOL,MID_BREADTH,NORMAL
2019-11-14,BULL,0.004349939161667043,0.5648148148148148,LOW_VOL,MID_BREADTH,NORMAL
2019-11-15,BULL,0.004582595240929141,0.6018518518518519,LOW_VOL,BROAD,NORMAL
2019-11-18,BULL,0.004646554666513353,0.6203703703703703,LOW_VOL,BROAD,NORMAL
2019-11-19,BULL,0.004660793034336611,0.6296296296296297,LOW_VOL,BROAD,NORMAL
2019-11-20,BULL,0.004648351868597887,0.6666666666666666,LOW_VOL,BROAD,NORMAL
2019-11-21,BULL,0.004646112098325432,0.6388888888888888,LOW_VOL,BROAD,NORMAL
2019-11-22,BULL,0.004602091013084771,0.6388888888888888,LOW_VOL,BROAD,NORMAL
2019-11-25,BULL,0.004599318738582205,0.6481481481481481,LOW_VOL,BROAD,NORMAL
2019-11-26,BULL,0.004516480175148066,0.6481481481481481,LOW_VOL,BROAD,NORMAL
2019-11-27,BULL,0.004442715028658987,0.6666666666666666,LOW_VOL,BROAD,NORMAL
2019-11-28,BULL,0.004388287320833211,0.7037037037037037,LOW_VOL,BROAD,NORMAL
2019-11-29,BULL,0.004955260117653738,0.6018518518518519,LOW_VOL,BROAD,NORMAL
2019-12-02,BULL,0.004758621063970266,0.5648148148148148,LOW_VOL,MID_BREADTH,NORMAL
2019-12-03,BULL,0.004772406792468955,0.6018518518518519,LOW_VOL,BROAD,NORMAL
2019-12-04,BULL,0.004800667095654741,0.5740740740740741,LOW_VOL,MID_BREADTH,NORMAL
2019-12-05,BULL,0.004812247211972898,0.5648148148148148,LOW_VOL,MID_BREADTH,NORMAL
2019-12-06,BULL,0.004813354981008678,0.5833333333333334,LOW_VOL,MID_BREADTH,NORMAL
2019-12-09,BULL,0.004264777301314341,0.5833333333333334,LOW_VOL,MID_BREADTH,NORMAL
2019-12-10,BULL,0.00404588170075565,0.5740740740740741,LOW_VOL,MID_BREADTH,NORMAL
2019-12-11,BULL,0.0038642446747706094,0.5833333333333334,LOW_VOL,MID_BREADTH,NORMAL
2019-12-12,BULL,0.0038402098929837406,0.6203703703703703,LOW_VOL,BROAD,NORMAL
2019-12-13,BULL,0.0035801470418894876,0.6018518518518519,LOW_VOL,BROAD,NORMAL
2019-12-16,BULL,0.003582096144478154,0.5925925925925926,LOW_VOL,MID_BREADTH,NORMAL
2019-12-17,BULL,0.003910995183377447,0.6574074074074074,LOW_VOL,BROAD,NORMAL
2019-12-18,BULL,0.003946585921566389,0.6851851851851852,LOW_VOL,BROAD,NORMAL
2019-12-19,BULL,0.003792137006932851,0.6759259259259259,LOW_VOL,BROAD,NORMAL
2019-12-20,BULL,0.0038904570090861294,0.6574074074074074,LOW_VOL,BROAD,NORMAL
2019-12-23,BULL,0.0038914250715641704,0.6851851851851852,LOW_VOL,BROAD,NORMAL
2019-12-24,BULL,0.0039530142500981726,0.6851851851851852,LOW_VOL,BROAD,NORMAL
2019-12-25,BULL,0.00396512985199002,0.7037037037037037,LOW_VOL,BROAD,NORMAL
2019-12-26,BULL,0.003993093795620976,0.6759259259259259,LOW_VOL,BROAD,NORMAL
2019-12-27,BULL,0.0033319868533943473,0.6851851851851852,LOW_VOL,BROAD,NORMAL
2019-12-30,BULL,0.003298740306755628,0.6851851851851852,LOW_VOL,BROAD,NORMAL
2019-12-31,BULL,0.003204684653607432,0.6296296296296297,LOW_VOL,BROAD,NORMAL
2020-01-02,BULL,0.003241578991414303,0.7037037037037037,LOW_VOL,BROAD,NORMAL
2020-01-03,BULL,0.003363726944653512,0.6388888888888888,LOW_VOL,BROAD,NORMAL
2020-01-06,BULL,0.004087587197413098,0.5462962962962963,LOW_VOL,MID_BREADTH,NORMAL
2020-01-07,BULL,0.004123352230841854,0.5370370370370371,LOW_VOL,MID_BREADTH,NORMAL
2020-01-08,BULL,0.004418626948281242,0.42592592592592593,LOW_VOL,MID_BREADTH,NORMAL
2020-01-09,BULL,0.005166765697853091,0.5277777777777778,LOW_VOL,MID_BREADTH,NORMAL
2020-01-10,BULL,0.005220487889468344,0.5648148148148148,LOW_VOL,MID_BREADTH,NORMAL
2020-01-13,BULL,0.005502856653507075,0.6481481481481481,LOW_VOL,BROAD,NORMAL
2020-01-14,BULL,0.005450255449928676,0.6666666666666666,LOW_VOL,BROAD,NORMAL
2020-01-15,BULL,0.00522572291963008,0.6388888888888888,LOW_VOL,BROAD,NORMAL
2020-01-16,BULL,0.005182928923868254,0.6111111111111112,LOW_VOL,BROAD,NORMAL
2020-01-17,BULL,0.005189360305030496,0.6944444444444444,LOW_VOL,BROAD,NORMAL
2020-01-20,BULL,0.005152234076364983,0.6666666666666666,LOW_VOL,BROAD,NORMAL
2020-01-30,BEAR,0.014562557085659043,0.24074074074074073,HIGH_VOL,NARROW,SHOCK_5D
2020-01-31,BEAR,0.014657254603443439,0.24074074074074073,HIGH_VOL,NARROW,NORMAL
2020-02-03,BEAR,0.01479629003085871,0.2037037037037037,HIGH_VOL,NARROW,SHOCK_5D
2020-02-04,BEAR,0.01519423025293028,0.24074074074074073,HIGH_VOL,NARROW,SHOCK_5D
2020-02-05,BEAR,0.015112452507813248,0.2777777777777778,HIGH_VOL,NARROW,SHOCK_5D
2020-02-06,BULL,0.015730650119731467,0.3611111111111111,HIGH_VOL,NARROW,NORMAL
2020-02-07,BULL,0.01591437057550496,0.2962962962962963,HIGH_VOL,NARROW,NORMAL
2020-02-10,BEAR,0.015808110820504026,0.26851851851851855,HIGH_VOL,NARROW,NORMAL
2020-02-11,BULL,0.015958804805958685,0.28703703703703703,HIGH_VOL,NARROW,NORMAL
2020-02-12,BULL,0.015979463047493547,0.3055555555555556,HIGH_VOL,NARROW,NORMAL
2020-02-13,BULL,0.015989887783484827,0.3333333333333333,HIGH_VOL,NARROW,NORMAL
2020-02-14,BULL,0.01592403909134977,0.35185185185185186,HIGH_VOL,NARROW,NORMAL
2020-02-17,BULL,0.01567601576083356,0.32407407407407407,HIGH_VOL,NARROW,NORMAL
2020-02-18,BULL,0.015632838123587622,0.3333333333333333,HIGH_VOL,NARROW,NORMAL
2020-02-19,BULL,0.01561109792152245,0.39814814814814814,HIGH_VOL,NARROW,NORMAL
2020-02-20,BULL,0.01558102784264184,0.35185185185185186,HIGH_VOL,NARROW,NORMAL
2020-02-21,BULL,0.015596365879937348,0.32407407407407407,HIGH_VOL,NARROW,NORMAL
2020-02-24,BEAR,0.01570862430076336,0.24074074074074073,HIGH_VOL,NARROW,NORMAL
2020-02-25,BEAR,0.015661464073982466,0.23148148148148148,HIGH_VOL,NARROW,NORMAL
2020-02-26,BEAR,0.015647675256249466,0.2037037037037037,HIGH_VOL,NARROW,NORMAL
2020-02-27,BEAR,0.008567660883902348,0.1388888888888889,MID_VOL,NARROW,NORMAL
2020-03-02,BEAR,0.008628976511300854,0.1388888888888889,MID_VOL,NARROW,NORMAL
2020-03-03,BEAR,0.008654165872877272,0.16666666666666666,MID_VOL,NARROW,NORMAL
2020-03-04,BEAR,0.008215935667512742,0.16666666666666666,MID_VOL,NARROW,NORMAL
2020-03-05,BEAR,0.008557484877796135,0.21296296296296297,MID_VOL,NARROW,NORMAL
2020-03-06,BEAR,0.007809544003752756,0.16666666666666666,MID_VOL,NARROW,NORMAL
2020-03-09,BEAR,0.009667440842663515,0.07407407407407407,HIGH_VOL,NARROW,NORMAL
2020-03-10,BEAR,0.009671601954997064,0.09259259259259259,HIGH_VOL,NARROW,NORMAL
2020-03-11,BEAR,0.009457926726059511,0.06481481481481481,HIGH_VOL,NARROW,NORMAL
2020-03-12,BEAR,0.013873893303497269,0.037037037037037035,HIGH_VOL,NARROW,SHOCK_5D
2020-03-13,BEAR,0.015507408542230443,0.027777777777777776,HIGH_VOL,NARROW,SHOCK_5D
2020-03-16,BEAR,0.01680235301736923,0.027777777777777776,HIGH_VOL,NARROW,SHOCK_5D
2020-03-17,BEAR,0.01755888562559544,0.027777777777777776,HIGH_VOL,NARROW,SHOCK_5D
2020-03-18,BEAR,0.017642332892548535,0.027777777777777776,HIGH_VOL,NARROW,SHOCK_5D
2020-03-19,BEAR,0.021170896162815457,0.018518518518518517,HIGH_VOL,NARROW,SHOCK_5D
2020-03-20,BEAR,0.02569404152709665,0.018518518518518517,HIGH_VOL,NARROW,SHOCK_5D
2020-03-23,BEAR,0.02606782209501113,0.018518518518518517,HIGH_VOL,NARROW,SHOCK_5D
2020-03-24,BEAR,0.029030800359111267,0.018518518518518517,HIGH_VOL,NARROW,NORMAL
2020-03-25,BEAR,0.03177089202509364,0.018518518518518517,HIGH_VOL,NARROW,NORMAL
2020-03-26,BEAR,0.03222405296682387,0.018518518518518517,HIGH_VOL,NARROW,NORMAL
2020-03-27,BEAR,0.03237757347125112,0.018518518518518517,HIGH_VOL,NARROW,NORMAL
2020-03-30,BEAR,0.03240732235825166,0.018518518518518517,HIGH_VOL,NARROW,NORMAL
2020-03-31,BEAR,0.03230809052919549,0.06481481481481481,HIGH_VOL,NARROW,NORMAL
2020-04-01,BEAR,0.032222299046620655,0.05555555555555555,HIGH_VOL,NARROW,NORMAL
2020-04-06,BEAR,0.03239306948456678,0.12037037037037036,HIGH_VOL,NARROW,NORMAL
2020-04-07,BEAR,0.032850752910134055,0.12037037037037036,HIGH_VOL,NARROW,NORMAL
2020-04-08,BEAR,0.03281272295552608,0.12037037037037036,HIGH_VOL,NARROW,NORMAL
2020-04-09,BEAR,0.03284662378178151,0.09259259259259259,HIGH_VOL,NARROW,NORMAL
2020-04-10,BEAR,0.03292337774493571,0.1111111111111111,HIGH_VOL,NARROW,NORMAL
2020-04-13,BEAR,0.031053513367252174,0.12962962962962962,HIGH_VOL,NARROW,NORMAL
2020-04-14,BEAR,0.030201313831780225,0.23148148148148148,HIGH_VOL,NARROW,NORMAL
2020-04-15,BEAR,0.028715155575879166,0.25925925925925924,HIGH_VOL,NARROW,NORMAL
2020-04-16,BEAR,0.02742467904159558,0.23148148148148148,HIGH_VOL,NARROW,NORMAL
2020-04-17,BEAR,0.026527622025243433,0.3148148148148148,HIGH_VOL,NARROW,NORMAL
2020-04-20,BEAR,0.019443630966635175,0.32407407407407407,HIGH_VOL,NARROW,NORMAL
2020-04-21,BEAR,0.018974824682504863,0.25,HIGH_VOL,NARROW,NORMAL
2020-04-22,BEAR,0.01610953862864119,0.2777777777777778,HIGH_VOL,NARROW,NORMAL
2020-04-23,BEAR,0.014135883937504024,0.32407407407407407,HIGH_VOL,NARROW,NORMAL
2020-04-24,BEAR,0.010975895886491522,0.32407407407407407,HIGH_VOL,NARROW,NORMAL
2020-04-27,BEAR,0.011616902908845617,0.4444444444444444,HIGH_VOL,MID_BREADTH,NORMAL
2020-04-28,BEAR,0.011633547667197104,0.49074074074074076,HIGH_VOL,MID_BREADTH,NORMAL
2020-04-29,BEAR,0.011753164204648933,0.6018518518518519,HIGH_VOL,BROAD,NORMAL
2020-04-30,BEAR,0.012031665537566598,0.75,HIGH_VOL,BROAD,NORMAL
2020-05-04,BEAR,0.013412063004779892,0.5462962962962963,HIGH_VOL,MID_BREADTH,NORMAL
2020-05-05,BEAR,0.013235949365568133,0.6018518518518519,HIGH_VOL,BROAD,NORMAL
2020-05-06,BEAR,0.013096296663763355,0.6296296296296297,HIGH_VOL,BROAD,NORMAL
2020-05-07,BEAR,0.012787857664884815,0.6666666666666666,HIGH_VOL,BROAD,NORMAL
2020-05-08,BEAR,0.01279946830453305,0.6851851851851852,HIGH_VOL,BROAD,NORMAL
2020-05-11,BULL,0.012861862289880281,0.7592592592592593,HIGH_VOL,BROAD,NORMAL
2020-05-12,BEAR,0.012879846888813065,0.7129629629629629,HIGH_VOL,BROAD,NORMAL
2020-05-13,BEAR,0.012095363535682937,0.7407407407407407,HIGH_VOL,BROAD,NORMAL
2020-05-14,BEAR,0.012494056793002018,0.6759259259259259,HIGH_VOL,BROAD,NORMAL
2020-05-15,BEAR,0.012347964959342808,0.6666666666666666,HIGH_VOL,BROAD,NORMAL
2020-05-18,BEAR,0.0123382160885329,0.6759259259259259,HIGH_VOL,BROAD,NORMAL
2020-05-19,BULL,0.012702012270097028,0.7314814814814815,HIGH_VOL,BROAD,NORMAL
2020-05-20,BULL,0.010552766368819364,0.7407407407407407,HIGH_VOL,BROAD,NORMAL
2020-05-21,BULL,0.010654013077914743,0.7962962962962963,HIGH_VOL,BROAD,NORMAL
2020-05-22,BEAR,0.011650484756300627,0.7314814814814815,HIGH_VOL,BROAD,NORMAL
2020-05-25,BULL,0.011621819179524373,0.7870370370370371,HIGH_VOL,BROAD,NORMAL
2020-05-26,BULL,0.010771551527722885,0.8240740740740741,HIGH_VOL,BROAD,NORMAL
2020-05-27,BULL,0.01069449046403374,0.8518518518518519,HIGH_VOL,BROAD,NORMAL
2020-05-28,BULL,0.01030697532215972,0.8425925925925926,HIGH_VOL,BROAD,NORMAL
2020-05-29,BULL,0.009544780918394146,0.8333333333333334,HIGH_VOL,BROAD,NORMAL
2020-06-01,BULL,0.008630317210074715,0.8703703703703703,MID_VOL,BROAD,NORMAL
2020-06-02,BULL,0.008608308748892995,0.8703703703703703,MID_VOL,BROAD,NORMAL
2020-06-03,BULL,0.009123033712158968,0.9074074074074074,HIGH_VOL,BROAD,NORMAL
2020-06-04,BULL,0.00909348069578937,0.9074074074074074,HIGH_VOL,BROAD,NORMAL
2020-06-05,BULL,0.009152508756687572,0.9074074074074074,HIGH_VOL,BROAD,NORMAL
2020-06-08,BULL,0.009010347395510212,0.9259259259259259,HIGH_VOL,BROAD,NORMAL
2020-06-09,BULL,0.008717225368419072,0.9166666666666666,MID_VOL,BROAD,NORMAL
2020-06-10,BULL,0.008718661949453988,0.9166666666666666,MID_VOL,BROAD,NORMAL
2020-06-11,BULL,0.009253770870853157,0.8888888888888888,HIGH_VOL,BROAD,NORMAL
2020-06-12,BULL,0.009622280275174552,0.8518518518518519,HIGH_VOL,BROAD,NORMAL
2020-06-15,BULL,0.00993989411004362,0.8425925925925926,HIGH_VOL,BROAD,NORMAL
2020-06-16,BULL,0.010123754377996187,0.8796296296296297,HIGH_VOL,BROAD,NORMAL
2020-06-17,BULL,0.010126028555074808,0.8796296296296297,HIGH_VOL,BROAD,NORMAL
2020-06-18,BULL,0.009946738694527519,0.8611111111111112,HIGH_VOL,BROAD,NORMAL
2020-06-19,BULL,0.008889219627399966,0.8518518518518519,HIGH_VOL,BROAD,NORMAL
2020-06-22,BULL,0.008847294663380492,0.8333333333333334,HIGH_VOL,BROAD,NORMAL
2020-06-23,BULL,0.008607226607425739,0.8518518518518519,MID_VOL,BROAD,NORMAL
2020-06-24,BULL,0.008620687088763809,0.8425925925925926,MID_VOL,BROAD,NORMAL
2020-06-29,BULL,0.00864119171678648,0.8148148148148148,MID_VOL,BROAD,NORMAL
2020-06-30,BULL,0.008645839872803741,0.8240740740740741,MID_VOL,BROAD,NORMAL
2020-07-01,BULL,0.008366164261762439,0.8148148148148148,MID_VOL,BROAD,NORMAL
2020-07-02,BULL,0.008469705975625665,0.8148148148148148,MID_VOL,BROAD,NORMAL
2020-07-03,BULL,0.007799877528844882,0.8055555555555556,MID_VOL,BROAD,NORMAL
2020-07-06,BULL,0.00814816763214338,0.8148148148148148,MID_VOL,BROAD,NORMAL
2020-07-07,BULL,0.008102974646820135,0.7962962962962963,MID_VOL,BROAD,NORMAL
2020-07-08,BULL,0.008114940509846296,0.7685185185185185,MID_VOL,BROAD,NORMAL
2020-07-09,BULL,0.008129783415537406,0.75,MID_VOL,BROAD,NORMAL
2020-07-10,BULL,0.008871675657537917,0.6666666666666666,HIGH_VOL,BROAD,NORMAL
2020-07-13,BULL,0.007658012856779173,0.7222222222222222,MID_VOL,BROAD,NORMAL
2020-07-14,BULL,0.007574519243979722,0.6388888888888888,MID_VOL,BROAD,NORMAL
2020-07-15,BULL,0.007154903314311719,0.6574074074074074,MID_VOL,BROAD,NORMAL
2020-07-16,BULL,0.0061844885676375205,0.6481481481481481,LOW_VOL,BROAD,NORMAL
2020-07-17,BULL,0.0065447069407586255,0.6203703703703703,MID_VOL,BROAD,NORMAL
2020-07-20,BULL,0.006532733816904295,0.6018518518518519,MID_VOL,BROAD,NORMAL
2020-07-21,BULL,0.006709979493945464,0.6111111111111112,MID_VOL,BROAD,NORMAL
2020-07-22,BULL,0.006881510304843183,0.6388888888888888,MID_VOL,BROAD,NORMAL
2020-07-23,BULL,0.006889753381705202,0.5648148148148148,MID_VOL,MID_BREADTH,NORMAL
2020-07-24,BULL,0.008276243726005637,0.48148148148148145,MID_VOL,MID_BREADTH,NORMAL
2020-07-27,BULL,0.00861407977517743,0.4444444444444444,MID_VOL,MID_BREADTH,NORMAL
2020-07-28,BULL,0.008861248925524022,0.3888888888888889,HIGH_VOL,NARROW,NORMAL
2020-07-29,BULL,0.00893530057259691,0.42592592592592593,HIGH_VOL,MID_BREADTH,NORMAL
2020-07-30,BULL,0.009322350401546,0.4351851851851852,HIGH_VOL,MID_BREADTH,NORMAL
2020-07-31,BULL,0.00924680610130623,0.4166666666666667,HIGH_VOL,MID_BREADTH,NORMAL
2020-08-03,BULL,0.008708732671193495,0.39814814814814814,MID_VOL,NARROW,NORMAL
2020-08-04,BULL,0.00922993573342259,0.4444444444444444,HIGH_VOL,MID_BREADTH,NORMAL
2020-08-05,BULL,0.009424083388123701,0.46296296296296297,HIGH_VOL,MID_BREADTH,NORMAL
2020-08-06,BULL,0.00950879794598083,0.46296296296296297,HIGH_VOL,MID_BREADTH,NORMAL
2020-08-07,BULL,0.009045132455602706,0.4444444444444444,HIGH_VOL,MID_BREADTH,NORMAL
2020-08-10,BULL,0.009080036186479758,0.5,HIGH_VOL,MID_BREADTH,NORMAL
2020-08-11,BULL,0.008966465687552903,0.4537037037037037,HIGH_VOL,MID_BREADTH,NORMAL
2020-08-12,BULL,0.009031062448525107,0.42592592592592593,HIGH_VOL,MID_BREADTH,NORMAL
2020-08-13,BULL,0.009052832575635725,0.4166666666666667,HIGH_VOL,MID_BREADTH,NORMAL
2020-08-14,BULL,0.008966568210710759,0.42592592592592593,HIGH_VOL,MID_BREADTH,NORMAL
2020-08-17,BULL,0.00948039962192269,0.48148148148148145,HIGH_VOL,MID_BREADTH,NORMAL
2020-08-18,BULL,0.009392933446853166,0.4537037037037037,HIGH_VOL,MID_BREADTH,NORMAL
2020-08-19,BULL,0.009463392069289712,0.42592592592592593,HIGH_VOL,MID_BREADTH,NORMAL
2020-08-20,BULL,0.012790038341696707,0.32407407407407407,HIGH_VOL,NARROW,NORMAL
2020-08-21,BULL,0.01300171674756882,0.4166666666666667,HIGH_VOL,MID_BREADTH,NORMAL
2020-08-24,BULL,0.012663388829842965,0.4074074074074074,HIGH_VOL,NARROW,NORMAL
2020-08-25,BULL,0.012364941194798437,0.46296296296296297,HIGH_VOL,MID_BREADTH,NORMAL
2020-08-26,BULL,0.012274977841261012,0.4444444444444444,HIGH_VOL,MID_BREADTH,NORMAL
2020-08-27,BULL,0.011965536646440383,0.4351851851851852,HIGH_VOL,MID_BREADTH,NORMAL
2020-08-28,BULL,0.011980528984590795,0.4444444444444444,HIGH_VOL,MID_BREADTH,NORMAL
2020-08-31,BULL,0.011931716353822595,0.4074074074074074,HIGH_VOL,NARROW,NORMAL
2020-09-01,BULL,0.011661106750035443,0.42592592592592593,HIGH_VOL,MID_BREADTH,NORMAL
2020-09-02,BULL,0.011478086734122947,0.39814814814814814,HIGH_VOL,NARROW,NORMAL
2020-09-03,BULL,0.011465590058522549,0.4074074074074074,HIGH_VOL,NARROW,NORMAL
2020-09-04,BULL,0.011386153524601803,0.3888888888888889,HIGH_VOL,NARROW,NORMAL
2020-09-07,BULL,0.01126602971135524,0.37962962962962965,HIGH_VOL,NARROW,NORMAL
2020-09-08,BULL,0.01121969203999545,0.39814814814814814,HIGH_VOL,NARROW,NORMAL
2020-09-09,BULL,0.011171731700687176,0.3611111111111111,HIGH_VOL,NARROW,NORMAL
2020-09-10,BULL,0.011157761188837862,0.37037037037037035,HIGH_VOL,NARROW,NORMAL
2020-09-11,BULL,0.011100444454086394,0.39814814814814814,HIGH_VOL,NARROW,NORMAL
2020-09-14,BULL,0.010603134849525025,0.42592592592592593,HIGH_VOL,MID_BREADTH,NORMAL
2020-09-15,BULL,0.010657207437957814,0.42592592592592593,HIGH_VOL,MID_BREADTH,NORMAL
2020-09-16,BULL,0.010514211060568702,0.4166666666666667,HIGH_VOL,MID_BREADTH,NORMAL
2020-09-17,BULL,0.005613189881840426,0.39814814814814814,LOW_VOL,NARROW,NORMAL
2020-09-18,BULL,0.003436445449934957,0.4351851851851852,LOW_VOL,MID_BREADTH,NORMAL
2020-09-21,BULL,0.0037301173415927725,0.4074074074074074,LOW_VOL,NARROW,NORMAL
2020-09-22,BULL,0.004443436766447624,0.3425925925925926,LOW_VOL,NARROW,NORMAL
2020-09-23,BULL,0.0045822189401130715,0.3055555555555556,LOW_VOL,NARROW,NORMAL
2020-09-24,BULL,0.0072436507400811204,0.2037037037037037,MID_VOL,NARROW,NORMAL
2020-09-25,BULL,0.0072461728499076715,0.16666666666666666,MID_VOL,NARROW,SHOCK_5D
2020-09-28,BULL,0.008644493887510195,0.24074074074074073,MID_VOL,NARROW,NORMAL
2020-09-29,BULL,0.00855378402761431,0.25,MID_VOL,NARROW,NORMAL
2020-09-30,BULL,0.008626683343904642,0.25,MID_VOL,NARROW,NORMAL
2020-10-05,BULL,0.008720609747579194,0.2777777777777778,MID_VOL,NARROW,NORMAL
2020-10-06,BULL,0.009143264694331797,0.3888888888888889,HIGH_VOL,NARROW,NORMAL
2020-10-07,BULL,0.00914310411773575,0.37037037037037035,HIGH_VOL,NARROW,NORMAL
2020-10-08,BULL,0.009201263088137986,0.37962962962962965,HIGH_VOL,NARROW,NORMAL
2020-10-12,BULL,0.009200553830313584,0.3888888888888889,HIGH_VOL,NARROW,NORMAL
2020-10-13,BULL,0.009195787663181266,0.37037037037037035,HIGH_VOL,NARROW,NORMAL
2020-10-14,BULL,0.00910037117654603,0.37962962962962965,HIGH_VOL,NARROW,NORMAL
2020-10-15,BULL,0.009078148831836236,0.3148148148148148,HIGH_VOL,NARROW,NORMAL
2020-10-16,BULL,0.009152381121753123,0.28703703703703703,HIGH_VOL,NARROW,NORMAL
2020-10-19,BULL,0.009379238002341866,0.3611111111111111,HIGH_VOL,NARROW,NORMAL
2020-10-20,BULL,0.009388411735753588,0.35185185185185186,HIGH_VOL,NARROW,NORMAL
2020-10-21,BULL,0.00933918589052328,0.3611111111111111,HIGH_VOL,NARROW,NORMAL
2020-10-22,BULL,0.00928098615566372,0.4351851851851852,HIGH_VOL,MID_BREADTH,NORMAL
2020-10-23,BULL,0.00882151466873771,0.4444444444444444,HIGH_VOL,MID_BREADTH,NORMAL
2020-10-26,BULL,0.008683129531019889,0.4537037037037037,MID_VOL,MID_BREADTH,NORMAL
2020-10-27,BULL,0.006001174523459118,0.4444444444444444,LOW_VOL,MID_BREADTH,NORMAL
2020-10-28,BULL,0.006071327875670391,0.39814814814814814,LOW_VOL,NARROW,NORMAL
2020-10-29,BULL,0.005113680011333919,0.2962962962962963,LOW_VOL,NARROW,NORMAL
2020-10-30,BULL,0.005511637298608449,0.2777777777777778,LOW_VOL,NARROW,NORMAL
2020-11-02,BULL,0.005464126524037828,0.2962962962962963,LOW_VOL,NARROW,NORMAL
2020-11-03,BULL,0.005705725610724558,0.35185185185185186,LOW_VOL,NARROW,NORMAL
2020-11-04,BULL,0.005173798823990933,0.3888888888888889,LOW_VOL,NARROW,NORMAL
2020-11-05,BULL,0.00519333816654945,0.4074074074074074,LOW_VOL,NARROW,NORMAL
2020-11-06,BULL,0.005178068184279517,0.4722222222222222,LOW_VOL,MID_BREADTH,NORMAL
2020-11-09,BULL,0.00600958612049823,0.5462962962962963,LOW_VOL,MID_BREADTH,NORMAL
2020-11-10,BULL,0.005989157435314964,0.6018518518518519,LOW_VOL,BROAD,NORMAL
2020-11-11,BULL,0.006567460985862236,0.7037037037037037,MID_VOL,BROAD,NORMAL
2020-11-12,BULL,0.006747234090196389,0.6574074074074074,MID_VOL,BROAD,NORMAL
2020-11-13,BULL,0.006413393137460505,0.6759259259259259,MID_VOL,BROAD,NORMAL
2020-11-16,BULL,0.006454881084248873,0.7314814814814815,MID_VOL,BROAD,NORMAL
2020-11-17,BULL,0.006458112910466466,0.7129629629629629,MID_VOL,BROAD,NORMAL
2020-11-18,BULL,0.006661170943864259,0.7407407407407407,MID_VOL,BROAD,NORMAL
2020-11-19,BULL,0.006681292706544647,0.75,MID_VOL,BROAD,NORMAL
2020-11-20,BULL,0.006679929962222521,0.7870370370370371,MID_VOL,BROAD,NORMAL
2020-11-23,BULL,0.006762494757236752,0.8333333333333334,MID_VOL,BROAD,NORMAL
2020-11-24,BULL,0.006838590602809029,0.8055555555555556,MID_VOL,BROAD,NORMAL
2020-11-25,BULL,0.006625677531453212,0.7685185185185185,MID_VOL,BROAD,NORMAL
2020-11-26,BULL,0.006130256154976904,0.8333333333333334,LOW_VOL,BROAD,NORMAL
2020-11-27,BULL,0.0053871493253082586,0.8425925925925926,LOW_VOL,BROAD,NORMAL
2020-11-30,BULL,0.005712038758325683,0.7962962962962963,LOW_VOL,BROAD,NORMAL
2020-12-01,BULL,0.0055770112851200124,0.8148148148148148,LOW_VOL,BROAD,NORMAL
2020-12-02,BULL,0.0055782593053959745,0.7870370370370371,LOW_VOL,BROAD,NORMAL
2020-12-03,BULL,0.005592940319491883,0.8055555555555556,LOW_VOL,BROAD,NORMAL
2020-12-04,BULL,0.005654076619027878,0.8425925925925926,LOW_VOL,BROAD,NORMAL
2020-12-07,BULL,0.005166255776992464,0.8240740740740741,LOW_VOL,BROAD,NORMAL
2020-12-08,BULL,0.005141191068218002,0.7592592592592593,LOW_VOL,BROAD,NORMAL
2020-12-09,BULL,0.004703647179923332,0.7777777777777778,LOW_VOL,BROAD,NORMAL
2020-12-10,BULL,0.004641525516545243,0.7407407407407407,LOW_VOL,BROAD,NORMAL
2020-12-11,BULL,0.005198645992914248,0.7592592592592593,LOW_VOL,BROAD,NORMAL
2020-12-14,BULL,0.004983697166208544,0.7314814814814815,LOW_VOL,BROAD,NORMAL
2020-12-15,BULL,0.005586466099953212,0.7129629629629629,LOW_VOL,BROAD,NORMAL
2020-12-16,BULL,0.006384752291413081,0.8333333333333334,MID_VOL,BROAD,NORMAL
2020-12-17,BULL,0.006451324893196308,0.7962962962962963,MID_VOL,BROAD,NORMAL
2020-12-18,BULL,0.006479354808863339,0.7685185185185185,MID_VOL,BROAD,NORMAL
2020-12-21,BULL,0.006485311869090505,0.8055555555555556,MID_VOL,BROAD,NORMAL
2020-12-22,BULL,0.00786589524049437,0.7129629629629629,MID_VOL,BROAD,NORMAL
2020-12-23,BULL,0.007889021817570152,0.6666666666666666,MID_VOL,BROAD,NORMAL
2020-12-24,BULL,0.007750998365086017,0.6851851851851852,MID_VOL,BROAD,NORMAL
2020-12-25,BULL,0.007861941296792786,0.7222222222222222,MID_VOL,BROAD,NORMAL
2020-12-28,BULL,0.008178053088525794,0.75,MID_VOL,BROAD,NORMAL
2020-12-29,BULL,0.00813859224867736,0.7592592592592593,MID_VOL,BROAD,NORMAL
2020-12-30,BULL,0.008321935028957388,0.8333333333333334,MID_VOL,BROAD,NORMAL
2020-12-31,BULL,0.00832112036951692,0.7962962962962963,MID_VOL,BROAD,NORMAL
2021-01-04,BULL,0.00836121792837876,0.8240740740740741,MID_VOL,BROAD,NORMAL
2021-01-05,BULL,0.008355056531170203,0.8148148148148148,MID_VOL,BROAD,NORMAL
2021-01-06,BULL,0.008926430359323369,0.7777777777777778,HIGH_VOL,BROAD,NORMAL
2021-01-07,BULL,0.008888611675282373,0.7870370370370371,HIGH_VOL,BROAD,NORMAL
2021-01-08,BULL,0.008758136735502848,0.8055555555555556,HIGH_VOL,BROAD,NORMAL
2021-01-11,BULL,0.008535750240727573,0.8148148148148148,MID_VOL,BROAD,NORMAL
2021-01-12,BULL,0.00896213846260461,0.75,HIGH_VOL,BROAD,NORMAL
2021-01-13,BULL,0.008734041426926608,0.7962962962962963,MID_VOL,BROAD,NORMAL
2021-01-14,BULL,0.00804497225490046,0.7777777777777778,MID_VOL,BROAD,NORMAL
2021-01-15,BULL,0.009129065738266154,0.6851851851851852,HIGH_VOL,BROAD,NORMAL
2021-01-18,BULL,0.009206459413514483,0.5925925925925926,HIGH_VOL,MID_BREADTH,NORMAL
2021-01-19,BULL,0.009212375652102044,0.6018518518518519,HIGH_VOL,BROAD,NORMAL
2021-01-20,BULL,0.010201236716989491,0.4537037037037037,HIGH_VOL,MID_BREADTH,NORMAL
2021-01-21,BULL,0.010248929940749904,0.46296296296296297,HIGH_VOL,MID_BREADTH,NORMAL
2021-01-22,BULL,0.010439943575368146,0.5,HIGH_VOL,MID_BREADTH,NORMAL
2021-01-25,BULL,0.010410048461741936,0.5185185185185185,HIGH_VOL,MID_BREADTH,NORMAL
2021-01-26,BULL,0.010516782528177147,0.4537037037037037,HIGH_VOL,MID_BREADTH,NORMAL
2021-01-27,BULL,0.010582064042755105,0.5,HIGH_VOL,MID_BREADTH,NORMAL
2021-01-28,BULL,0.01062942304836973,0.4351851851851852,HIGH_VOL,MID_BREADTH,NORMAL
2021-01-29,BULL,0.01137828411699813,0.37037037037037035,HIGH_VOL,NARROW,NORMAL
2021-02-01,BULL,0.011345988603618762,0.37962962962962965,HIGH_VOL,NARROW,NORMAL
2021-02-02,BULL,0.011814295786847532,0.46296296296296297,HIGH_VOL,MID_BREADTH,NORMAL
2021-02-03,BULL,0.011532464574523811,0.4444444444444444,HIGH_VOL,MID_BREADTH,NORMAL
2021-02-04,BULL,0.011466811177771432,0.39814814814814814,HIGH_VOL,NARROW,NORMAL
2021-02-05,BULL,0.011358315670853558,0.39814814814814814,HIGH_VOL,NARROW,NORMAL
2021-02-17,BULL,0.01241341946858761,0.5648148148148148,HIGH_VOL,MID_BREADTH,NORMAL
2021-02-18,BULL,0.012484937260387761,0.6018518518518519,HIGH_VOL,BROAD,NORMAL
2021-02-19,BULL,0.012283392074760289,0.6111111111111112,HIGH_VOL,BROAD,NORMAL
2021-02-22,BULL,0.012599864259169041,0.6759259259259259,HIGH_VOL,BROAD,NORMAL
2021-02-23,BULL,0.011913194207195237,0.7962962962962963,HIGH_VOL,BROAD,NORMAL
2021-02-24,BULL,0.011974717632644615,0.7870370370370371,HIGH_VOL,BROAD,NORMAL
2021-02-25,BULL,0.012166846503524332,0.8518518518518519,HIGH_VOL,BROAD,NORMAL
2021-02-26,BULL,0.011089675524924101,0.7222222222222222,HIGH_VOL,BROAD,NORMAL
2021-03-02,BULL,0.011156970726848603,0.7407407407407407,HIGH_VOL,BROAD,NORMAL
2021-03-03,BULL,0.011229825871185845,0.8425925925925926,HIGH_VOL,BROAD,NORMAL
2021-03-04,BULL,0.011500388548267928,0.7777777777777778,HIGH_VOL,BROAD,NORMAL
2021-03-05,BULL,0.011077924593828987,0.7777777777777778,HIGH_VOL,BROAD,NORMAL
2021-03-08,BULL,0.011049991861836386,0.7685185185185185,HIGH_VOL,BROAD,NORMAL
2021-03-09,BULL,0.010721993511066133,0.8055555555555556,HIGH_VOL,BROAD,NORMAL
2021-03-10,BULL,0.009468781240018887,0.7870370370370371,HIGH_VOL,BROAD,NORMAL
2021-03-11,BULL,0.009679669963561007,0.8333333333333334,HIGH_VOL,BROAD,NORMAL
2021-03-12,BULL,0.009408782288532935,0.8333333333333334,HIGH_VOL,BROAD,NORMAL
2021-03-15,BULL,0.009388565823971544,0.8148148148148148,HIGH_VOL,BROAD,NORMAL
2021-03-16,BULL,0.009292268825228442,0.8518518518518519,HIGH_VOL,BROAD,NORMAL
2021-03-17,BULL,0.009358841079207886,0.8240740740740741,HIGH_VOL,BROAD,NORMAL
2021-03-18,BULL,0.008315822424768375,0.8333333333333334,MID_VOL,BROAD,NORMAL
2021-03-19,BULL,0.008250706426970664,0.7962962962962963,MID_VOL,BROAD,NORMAL
2021-03-22,BULL,0.008348665900386338,0.7962962962962963,MID_VOL,BROAD,NORMAL
2021-03-23,BULL,0.007955738009324717,0.7870370370370371,MID_VOL,BROAD,NORMAL
2021-03-24,BULL,0.007858788359418355,0.8055555555555556,MID_VOL,BROAD,NORMAL
2021-03-25,BULL,0.007689978599986697,0.7685185185185185,MID_VOL,BROAD,NORMAL
2021-03-26,BULL,0.007549953480948468,0.8240740740740741,MID_VOL,BROAD,NORMAL
2021-03-29,BULL,0.006558910542638265,0.8425925925925926,MID_VOL,BROAD,NORMAL
2021-03-30,BULL,0.006403981073014409,0.8425925925925926,MID_VOL,BROAD,NORMAL
2021-03-31,BULL,0.006056034302242089,0.8518518518518519,LOW_VOL,BROAD,NORMAL
2021-04-01,BULL,0.005299663194820886,0.8425925925925926,LOW_VOL,BROAD,NORMAL
2021-04-06,BULL,0.004992022109345259,0.8703703703703703,LOW_VOL,BROAD,NORMAL
2021-04-07,BULL,0.004917463814066073,0.8888888888888888,LOW_VOL,BROAD,NORMAL
2021-04-08,BULL,0.004892556563920231,0.9166666666666666,LOW_VOL,BROAD,NORMAL
2021-04-09,BULL,0.005216894858690285,0.8611111111111112,LOW_VOL,BROAD,NORMAL
2021-04-12,BULL,0.004720377379619691,0.8425925925925926,LOW_VOL,BROAD,NORMAL
2021-04-13,BULL,0.004984674213020237,0.8240740740740741,LOW_VOL,BROAD,NORMAL
2021-04-14,BULL,0.0050350390597837845,0.8240740740740741,LOW_VOL,BROAD,NORMAL
2021-04-15,BULL,0.005218445587151341,0.8333333333333334,LOW_VOL,BROAD,NORMAL
2021-04-16,BULL,0.005860567466775585,0.8518518518518519,LOW_VOL,BROAD,NORMAL
2021-04-19,BULL,0.006645016611017081,0.8703703703703703,MID_VOL,BROAD,NORMAL
2021-04-20,BULL,0.006133523768802505,0.8796296296296297,LOW_VOL,BROAD,NORMAL
2021-04-21,BULL,0.006124820288466574,0.8425925925925926,LOW_VOL,BROAD,NORMAL
2021-04-22,BULL,0.007108237220166714,0.8148148148148148,MID_VOL,BROAD,NORMAL
2021-04-23,BULL,0.007024818963854935,0.8611111111111112,MID_VOL,BROAD,NORMAL
2021-04-26,BULL,0.007615330537157527,0.8611111111111112,MID_VOL,BROAD,NORMAL
2021-04-27,BULL,0.007557984667846204,0.8703703703703703,MID_VOL,BROAD,NORMAL
2021-04-28,BULL,0.007476807358812627,0.8703703703703703,MID_VOL,BROAD,NORMAL
2021-04-29,BULL,0.00757746605209548,0.8333333333333334,MID_VOL,BROAD,NORMAL
2021-05-03,BULL,0.008864331806548482,0.7870370370370371,HIGH_VOL,BROAD,NORMAL
2021-05-04,BULL,0.011493539149997274,0.75,HIGH_VOL,BROAD,NORMAL
2021-05-05,BULL,0.01151608746190668,0.6851851851851852,HIGH_VOL,BROAD,NORMAL
2021-05-06,BULL,0.011539461458230846,0.7222222222222222,HIGH_VOL,BROAD,NORMAL
2021-05-07,BULL,0.011854906834949462,0.7592592592592593,HIGH_VOL,BROAD,NORMAL
2021-05-10,BULL,0.011941604554570355,0.7685185185185185,HIGH_VOL,BROAD,NORMAL
2021-05-11,BULL,0.015192639573378125,0.5925925925925926,HIGH_VOL,MID_BREADTH,NORMAL
2021-05-12,BULL,0.01905310364980944,0.3425925925925926,HIGH_VOL,NARROW,SHOCK_5D
2021-05-13,BULL,0.019096731094234008,0.28703703703703703,HIGH_VOL,NARROW,SHOCK_5D
2021-05-14,BULL,0.019022825868443238,0.35185185185185186,HIGH_VOL,NARROW,SHOCK_5D
2021-05-17,BULL,0.020137036696962395,0.25,HIGH_VOL,NARROW,SHOCK_5D
2021-05-18,BULL,0.0232969717918661,0.4166666666666667,HIGH_VOL,MID_BREADTH,NORMAL
2021-05-19,BULL,0.02330613699095702,0.4166666666666667,HIGH_VOL,MID_BREADTH,NORMAL
2021-05-20,BULL,0.023307624629737508,0.35185185185185186,HIGH_VOL,NARROW,NORMAL
2021-05-21,BULL,0.023644864114275868,0.37962962962962965,HIGH_VOL,NARROW,NORMAL
2021-05-24,BULL,0.02371698806168965,0.3888888888888889,HIGH_VOL,NARROW,NORMAL
2021-05-25,BULL,0.023307363412593842,0.5185185185185185,HIGH_VOL,MID_BREADTH,NORMAL
2021-05-26,BULL,0.02331738209547535,0.4722222222222222,HIGH_VOL,MID_BREADTH,NORMAL
2021-05-27,BULL,0.02325372910597254,0.4537037037037037,HIGH_VOL,MID_BREADTH,NORMAL
2021-05-28,BULL,0.02371347744934286,0.5462962962962963,HIGH_VOL,MID_BREADTH,NORMAL
2021-05-31,BULL,0.023558134970521546,0.6018518518518519,HIGH_VOL,BROAD,NORMAL
2021-06-01,BULL,0.022738181988906685,0.6481481481481481,HIGH_VOL,BROAD,NORMAL
2021-06-02,BULL,0.02270333786599092,0.6481481481481481,HIGH_VOL,BROAD,NORMAL
2021-06-03,BULL,0.022701391393638453,0.6574074074074074,HIGH_VOL,BROAD,NORMAL
2021-06-04,BULL,0.02254915706347525,0.6296296296296297,HIGH_VOL,BROAD,NORMAL
2021-06-07,BULL,0.022394384763059577,0.5740740740740741,HIGH_VOL,MID_BREADTH,NORMAL
2021-06-08,BULL,0.02046820421300665,0.5648148148148148,HIGH_VOL,MID_BREADTH,NORMAL
2021-06-09,BULL,0.01668265300017283,0.5092592592592593,HIGH_VOL,MID_BREADTH,NORMAL
2021-06-10,BULL,0.016511545298418678,0.6018518518518519,HIGH_VOL,BROAD,NORMAL
2021-06-11,BULL,0.016513093587096107,0.6018518518518519,HIGH_VOL,BROAD,NORMAL
2021-06-15,BULL,0.013100461057224585,0.5833333333333334,HIGH_VOL,MID_BREADTH,NORMAL
2021-06-16,BULL,0.007606544860594665,0.6111111111111112,MID_VOL,BROAD,NORMAL
2021-06-17,BULL,0.007639087534019226,0.5925925925925926,MID_VOL,MID_BREADTH,NORMAL
2021-06-18,BULL,0.0069561273816684255,0.5370370370370371,MID_VOL,MID_BREADTH,NORMAL
2021-06-21,BULL,0.00660436485236801,0.4722222222222222,MID_VOL,MID_BREADTH,NORMAL
2021-06-22,BULL,0.006456392782889319,0.48148148148148145,MID_VOL,MID_BREADTH,NORMAL
2021-06-23,BULL,0.006464661928050247,0.5740740740740741,MID_VOL,MID_BREADTH,NORMAL
2021-06-24,BULL,0.006573501415135226,0.5833333333333334,MID_VOL,MID_BREADTH,NORMAL
2021-06-25,BULL,0.006590623724034304,0.6111111111111112,MID_VOL,BROAD,NORMAL
2021-06-28,BULL,0.005712251994446026,0.6111111111111112,LOW_VOL,BROAD,NORMAL
2021-06-29,BULL,0.006059282960021504,0.6018518518518519,LOW_VOL,BROAD,NORMAL
2021-06-30,BULL,0.005958575599101223,0.6296296296296297,LOW_VOL,BROAD,NORMAL
2021-07-01,BULL,0.006004411080096084,0.5462962962962963,LOW_VOL,MID_BREADTH,NORMAL
2021-07-02,BULL,0.00591477502783037,0.5925925925925926,LOW_VOL,MID_BREADTH,NORMAL
2021-07-05,BULL,0.005724573905706009,0.6666666666666666,LOW_VOL,BROAD,NORMAL
2021-07-06,BULL,0.005610174852372051,0.6851851851851852,LOW_VOL,BROAD,NORMAL
2021-07-07,BULL,0.0057534921244940165,0.6851851851851852,LOW_VOL,BROAD,NORMAL
2021-07-08,BULL,0.005067110367139125,0.6666666666666666,LOW_VOL,BROAD,NORMAL
2021-07-09,BULL,0.005646078996212976,0.6018518518518519,LOW_VOL,BROAD,NORMAL
2021-07-12,BULL,0.0056944595339287534,0.6296296296296297,LOW_VOL,BROAD,NORMAL
2021-07-13,BULL,0.005832739408727763,0.6296296296296297,LOW_VOL,BROAD,NORMAL
2021-07-14,BULL,0.006044676704279267,0.6018518518518519,LOW_VOL,BROAD,NORMAL
2021-07-15,BULL,0.006561203800421049,0.6574074074074074,MID_VOL,BROAD,NORMAL
2021-07-16,BULL,0.0065715537977457435,0.6481481481481481,MID_VOL,BROAD,NORMAL
2021-07-19,BULL,0.006470351133331359,0.6574074074074074,MID_VOL,BROAD,NORMAL
2021-07-20,BULL,0.007613972482257627,0.5740740740740741,MID_VOL,MID_BREADTH,NORMAL
2021-07-21,BULL,0.007654006320953041,0.5555555555555556,MID_VOL,MID_BREADTH,NORMAL
2021-07-22,BULL,0.007468639386602105,0.5740740740740741,MID_VOL,MID_BREADTH,NORMAL
2021-07-23,BULL,0.007429100272601588,0.5925925925925926,MID_VOL,MID_BREADTH,NORMAL
2021-07-26,BULL,0.007366043300383457,0.5555555555555556,MID_VOL,MID_BREADTH,NORMAL
2021-07-27,BULL,0.007395935939871007,0.5370370370370371,MID_VOL,MID_BREADTH,NORMAL
2021-07-28,BULL,0.007382541629301794,0.4722222222222222,MID_VOL,MID_BREADTH,NORMAL
2021-07-29,BULL,0.008234565702643599,0.5555555555555556,MID_VOL,MID_BREADTH,NORMAL
2021-07-30,BULL,0.008489234695078082,0.5092592592592593,MID_VOL,MID_BREADTH,NORMAL
2021-08-02,BULL,0.008546606301325572,0.5370370370370371,MID_VOL,MID_BREADTH,NORMAL
2021-08-03,BULL,0.008546608569638105,0.5370370370370371,MID_VOL,MID_BREADTH,NORMAL
2021-08-04,BULL,0.008553585745175273,0.5740740740740741,MID_VOL,MID_BREADTH,NORMAL
2021-08-05,BULL,0.00841474215705074,0.5185185185185185,MID_VOL,MID_BREADTH,NORMAL
2021-08-06,BULL,0.00816686307069397,0.5092592592592593,MID_VOL,MID_BREADTH,NORMAL
2021-08-09,BULL,0.008076137771166005,0.49074074074074076,MID_VOL,MID_BREADTH,NORMAL
2021-08-10,BULL,0.008184383075320715,0.42592592592592593,MID_VOL,MID_BREADTH,NORMAL
2021-08-11,BULL,0.008173598259395912,0.39814814814814814,MID_VOL,NARROW,NORMAL
2021-08-12,BULL,0.007321042810238311,0.35185185185185186,MID_VOL,NARROW,NORMAL
2021-08-13,BULL,0.007729815305993282,0.2962962962962963,MID_VOL,NARROW,NORMAL
2021-08-16,BEAR,0.007984864211034044,0.25925925925925924,MID_VOL,NARROW,NORMAL
2021-08-17,BEAR,0.007679152533651094,0.21296296296296297,MID_VOL,NARROW,NORMAL
2021-08-18,BULL,0.00878499922563345,0.2777777777777778,HIGH_VOL,NARROW,NORMAL
2021-08-19,BEAR,0.009867408167615147,0.17592592592592593,HIGH_VOL,NARROW,NORMAL
2021-08-20,BEAR,0.009758268721294809,0.19444444444444445,HIGH_VOL,NARROW,NORMAL
2021-08-23,BEAR,0.011115315927561077,0.25,HIGH_VOL,NARROW,NORMAL
2021-08-24,BEAR,0.011141504853501794,0.28703703703703703,HIGH_VOL,NARROW,NORMAL
2021-08-25,BULL,0.011260115785434961,0.2777777777777778,HIGH_VOL,NARROW,NORMAL
2021-08-26,BULL,0.010658540004867934,0.28703703703703703,HIGH_VOL,NARROW,NORMAL
2021-08-27,BULL,0.01062613303337426,0.3333333333333333,HIGH_VOL,NARROW,NORMAL
2021-08-30,BULL,0.010652388605526985,0.39814814814814814,HIGH_VOL,NARROW,NORMAL
2021-08-31,BULL,0.010693253380539445,0.3888888888888889,HIGH_VOL,NARROW,NORMAL
2021-09-01,BULL,0.010689825868793105,0.3425925925925926,HIGH_VOL,NARROW,NORMAL
2021-09-02,BULL,0.010815860350566035,0.32407407407407407,HIGH_VOL,NARROW,NORMAL
2021-09-03,BULL,0.010953846053980908,0.3425925925925926,HIGH_VOL,NARROW,NORMAL
2021-09-06,BULL,0.011091678401500637,0.28703703703703703,HIGH_VOL,NARROW,NORMAL
2021-09-07,BULL,0.01096913576504904,0.2777777777777778,HIGH_VOL,NARROW,NORMAL
2021-09-08,BEAR,0.011122922345349171,0.26851851851851855,HIGH_VOL,NARROW,NORMAL
2021-09-09,BEAR,0.011139169034604435,0.25,HIGH_VOL,NARROW,NORMAL
2021-09-10,BULL,0.01090833343654507,0.3055555555555556,HIGH_VOL,NARROW,NORMAL
2021-09-13,BULL,0.010479500437941795,0.3148148148148148,HIGH_VOL,NARROW,NORMAL
2021-09-14,BULL,0.010064584711894751,0.3333333333333333,HIGH_VOL,NARROW,NORMAL
2021-09-15,BULL,0.009485648433506369,0.35185185185185186,HIGH_VOL,NARROW,NORMAL
2021-09-16,BEAR,0.007535401913616786,0.35185185185185186,MID_VOL,NARROW,NORMAL
2021-09-17,BEAR,0.007536307667629148,0.3425925925925926,MID_VOL,NARROW,NORMAL
2021-09-22,BEAR,0.007381543285905036,0.23148148148148148,MID_VOL,NARROW,NORMAL
2021-09-23,BEAR,0.0074606227145084195,0.26851851851851855,MID_VOL,NARROW,NORMAL
2021-09-24,BEAR,0.007181688025964046,0.28703703703703703,MID_VOL,NARROW,NORMAL
2021-09-27,BEAR,0.007063365473954982,0.2962962962962963,MID_VOL,NARROW,NORMAL
2021-09-28,BEAR,0.00695727878800129,0.28703703703703703,MID_VOL,NARROW,NORMAL
2021-09-29,BEAR,0.007197520271252524,0.25,MID_VOL,NARROW,NORMAL
2021-09-30,BEAR,0.0075357719990870944,0.28703703703703703,MID_VOL,NARROW,NORMAL
2021-10-01,BEAR,0.008911049257433882,0.19444444444444445,HIGH_VOL,NARROW,NORMAL
2021-10-04,BEAR,0.009030188279938707,0.17592592592592593,HIGH_VOL,NARROW,NORMAL
2021-10-05,BEAR,0.00898813789814984,0.23148148148148148,HIGH_VOL,NARROW,NORMAL
2021-10-06,BEAR,0.008872040567953893,0.19444444444444445,HIGH_VOL,NARROW,NORMAL
2021-10-07,BEAR,0.010292020229232287,0.3055555555555556,HIGH_VOL,NARROW,NORMAL
2021-10-08,BEAR,0.01006283172418396,0.2962962962962963,HIGH_VOL,NARROW,NORMAL
2021-10-12,BEAR,0.01044588802454512,0.2962962962962963,HIGH_VOL,NARROW,NORMAL
2021-10-13,BEAR,0.01004870028758659,0.26851851851851855,HIGH_VOL,NARROW,NORMAL
2021-10-14,BEAR,0.010061296927846424,0.25,HIGH_VOL,NARROW,NORMAL
2021-10-15,BEAR,0.010444512350991949,0.32407407407407407,HIGH_VOL,NARROW,NORMAL
2021-10-18,BEAR,0.010441068942421937,0.28703703703703703,HIGH_VOL,NARROW,NORMAL
2021-10-19,BEAR,0.01072666975337436,0.37962962962962965,HIGH_VOL,NARROW,NORMAL
2021-10-20,BEAR,0.010721770765509257,0.4074074074074074,HIGH_VOL,NARROW,NORMAL
2021-10-21,BEAR,0.010109643299844253,0.4074074074074074,HIGH_VOL,NARROW,NORMAL
2021-10-22,BEAR,0.009979703335467431,0.4074074074074074,HIGH_VOL,NARROW,NORMAL
2021-10-25,BEAR,0.009942161662878486,0.4166666666666667,HIGH_VOL,MID_BREADTH,NORMAL
2021-10-26,BEAR,0.010186139525290055,0.5092592592592593,HIGH_VOL,MID_BREADTH,NORMAL
2021-10-27,BEAR,0.01020780396673745,0.4722222222222222,HIGH_VOL,MID_BREADTH,NORMAL
2021-10-28,BEAR,0.009654468689045612,0.5370370370370371,HIGH_VOL,MID_BREADTH,NORMAL
2021-10-29,BEAR,0.009433089724777357,0.5277777777777778,HIGH_VOL,MID_BREADTH,NORMAL
2021-11-01,BEAR,0.007873901845640907,0.5185185185185185,MID_VOL,MID_BREADTH,NORMAL
2021-11-02,BEAR,0.0072701580174619525,0.5370370370370371,MID_VOL,MID_BREADTH,NORMAL
2021-11-03,BEAR,0.00731277575712048,0.5555555555555556,MID_VOL,MID_BREADTH,NORMAL
2021-11-04,BEAR,0.007084386124757574,0.5648148148148148,MID_VOL,MID_BREADTH,NORMAL
2021-11-05,BULL,0.00569996830213969,0.6203703703703703,LOW_VOL,BROAD,NORMAL
2021-11-08,BULL,0.0058958304795730535,0.6574074074074074,LOW_VOL,BROAD,NORMAL
2021-11-09,BULL,0.004533647595332651,0.6759259259259259,LOW_VOL,BROAD,NORMAL
2021-11-10,BULL,0.003843082317367267,0.7037037037037037,LOW_VOL,BROAD,NORMAL
2021-11-11,BULL,0.004125930741827262,0.6851851851851852,LOW_VOL,BROAD,NORMAL
2021-11-12,BULL,0.003852493421847484,0.7037037037037037,LOW_VOL,BROAD,NORMAL
2021-11-15,BULL,0.0037079695319468535,0.7222222222222222,LOW_VOL,BROAD,NORMAL
2021-11-16,BULL,0.0034839749662513636,0.7222222222222222,LOW_VOL,BROAD,NORMAL
2021-11-17,BULL,0.003425048146922183,0.6944444444444444,LOW_VOL,BROAD,NORMAL
2021-11-18,BULL,0.003340146145638595,0.6851851851851852,LOW_VOL,BROAD,NORMAL
2021-11-19,BULL,0.003996479309771081,0.6574074074074074,LOW_VOL,BROAD,NORMAL
2021-11-22,BULL,0.004002253917247659,0.6851851851851852,LOW_VOL,BROAD,NORMAL
2021-11-23,BULL,0.0045374867846217784,0.6111111111111112,LOW_VOL,BROAD,NORMAL
2021-11-24,BULL,0.004552139674377645,0.6388888888888888,LOW_VOL,BROAD,NORMAL
2021-11-25,BULL,0.004576974294018201,0.6574074074074074,LOW_VOL,BROAD,NORMAL
2021-11-26,BULL,0.006199294340881161,0.5277777777777778,LOW_VOL,MID_BREADTH,NORMAL
2021-11-29,BULL,0.006091596410581529,0.48148148148148145,LOW_VOL,MID_BREADTH,NORMAL
2021-11-30,BULL,0.006144494123626381,0.5185185185185185,LOW_VOL,MID_BREADTH,NORMAL
2021-12-01,BULL,0.006238207824528962,0.5833333333333334,LOW_VOL,MID_BREADTH,NORMAL
2021-12-02,BULL,0.0062408296526743475,0.5555555555555556,LOW_VOL,MID_BREADTH,NORMAL
2021-12-03,BULL,0.006151243030834832,0.5740740740740741,LOW_VOL,MID_BREADTH,NORMAL
2021-12-06,BULL,0.005914591355628428,0.6018518518518519,LOW_VOL,BROAD,NORMAL
2021-12-07,BULL,0.006018277086106569,0.6203703703703703,LOW_VOL,BROAD,NORMAL
2021-12-08,BULL,0.006030639862475021,0.6388888888888888,LOW_VOL,BROAD,NORMAL
2021-12-09,BULL,0.0059627110219398795,0.6666666666666666,LOW_VOL,BROAD,NORMAL
2021-12-10,BULL,0.005911291460795478,0.6574074074074074,LOW_VOL,BROAD,NORMAL
2021-12-13,BULL,0.00588814450331802,0.6574074074074074,LOW_VOL,BROAD,NORMAL
2021-12-14,BULL,0.006299536796469934,0.6111111111111112,LOW_VOL,BROAD,NORMAL
2021-12-15,BULL,0.006363732195958107,0.6111111111111112,MID_VOL,BROAD,NORMAL
2021-12-16,BULL,0.006476382605617542,0.6666666666666666,MID_VOL,BROAD,NORMAL
2021-12-17,BULL,0.006280944959961577,0.6481481481481481,LOW_VOL,BROAD,NORMAL
2021-12-20,BULL,0.0063011765617021764,0.6203703703703703,LOW_VOL,BROAD,NORMAL
2021-12-21,BULL,0.00614929692699939,0.6759259259259259,LOW_VOL,BROAD,NORMAL
2021-12-22,BULL,0.006104223581828078,0.6759259259259259,LOW_VOL,BROAD,NORMAL
2021-12-23,BULL,0.006180787751623807,0.6944444444444444,LOW_VOL,BROAD,NORMAL
2021-12-24,BULL,0.004594542573756386,0.7129629629629629,LOW_VOL,BROAD,NORMAL
2021-12-27,BULL,0.004505263060903503,0.7129629629629629,LOW_VOL,BROAD,NORMAL
2021-12-28,BULL,0.0044766816867927404,0.7592592592592593,LOW_VOL,BROAD,NORMAL
2021-12-29,BULL,0.0042021319807966475,0.7777777777777778,LOW_VOL,BROAD,NORMAL
2021-12-30,BULL,0.0041522809007267444,0.75,LOW_VOL,BROAD,NORMAL
2022-01-03,BULL,0.0045497226509083446,0.7037037037037037,LOW_VOL,BROAD,NORMAL
2022-01-04,BULL,0.004554178710732405,0.7222222222222222,LOW_VOL,BROAD,NORMAL
2022-01-05,BULL,0.004389875995565083,0.7314814814814815,LOW_VOL,BROAD,NORMAL
2022-01-06,BULL,0.004457386029480965,0.7407407407407407,LOW_VOL,BROAD,NORMAL
2022-01-07,BULL,0.004760788581811434,0.6851851851851852,LOW_VOL,BROAD,NORMAL
2022-01-10,BULL,0.004723423028548708,0.6851851851851852,LOW_VOL,BROAD,NORMAL
2022-01-11,BULL,0.0046675923496201695,0.6944444444444444,LOW_VOL,BROAD,NORMAL
2022-01-12,BULL,0.0038280644720320232,0.7037037037037037,LOW_VOL,BROAD,NORMAL
2022-01-13,BULL,0.0037719322451943756,0.6944444444444444,LOW_VOL,BROAD,NORMAL
2022-01-14,BULL,0.003955844261243113,0.6203703703703703,LOW_VOL,BROAD,NORMAL
2022-01-17,BULL,0.004025428017169113,0.6666666666666666,LOW_VOL,BROAD,NORMAL
2022-01-18,BULL,0.003946970460938813,0.6481481481481481,LOW_VOL,BROAD,NORMAL
2022-01-19,BULL,0.003861851176052321,0.5277777777777778,LOW_VOL,MID_BREADTH,NORMAL
2022-01-20,BULL,0.0038613653580966737,0.5648148148148148,LOW_VOL,MID_BREADTH,NORMAL
2022-01-21,BULL,0.005086167464706928,0.4166666666666667,LOW_VOL,MID_BREADTH,NORMAL
2022-01-24,BULL,0.005068283849026968,0.4351851851851852,LOW_VOL,MID_BREADTH,NORMAL
2022-01-25,BULL,0.005813386217355896,0.3611111111111111,LOW_VOL,NARROW,NORMAL
2022-01-26,BULL,0.005809731369399548,0.37962962962962965,LOW_VOL,NARROW,NORMAL
2022-02-07,BULL,0.007188847625676153,0.5,MID_VOL,MID_BREADTH,NORMAL
2022-02-08,BULL,0.007636940910068568,0.5555555555555556,MID_VOL,MID_BREADTH,NORMAL
2022-02-09,BULL,0.007848484458036192,0.6388888888888888,MID_VOL,BROAD,NORMAL
2022-02-10,BULL,0.007821033659213831,0.6666666666666666,MID_VOL,BROAD,NORMAL
2022-02-11,BULL,0.00783741521471168,0.6203703703703703,MID_VOL,BROAD,NORMAL
2022-02-14,BULL,0.008424716795831611,0.5185185185185185,MID_VOL,MID_BREADTH,NORMAL
2022-02-15,BULL,0.008278701182324114,0.5277777777777778,MID_VOL,MID_BREADTH,NORMAL
2022-02-16,BULL,0.00876540172216403,0.6018518518518519,HIGH_VOL,BROAD,NORMAL
2022-02-17,BULL,0.00883144297546097,0.6666666666666666,HIGH_VOL,BROAD,NORMAL
2022-02-18,BULL,0.00884883085311222,0.6851851851851852,HIGH_VOL,BROAD,NORMAL
2022-02-21,BULL,0.00883408403192903,0.6944444444444444,HIGH_VOL,BROAD,NORMAL
2022-02-22,BULL,0.009365893956736801,0.5462962962962963,HIGH_VOL,MID_BREADTH,NORMAL
2022-02-23,BULL,0.009454993413223369,0.6111111111111112,HIGH_VOL,BROAD,NORMAL
2022-02-24,BULL,0.010860262025312211,0.4351851851851852,HIGH_VOL,MID_BREADTH,NORMAL
2022-02-25,BULL,0.010852798869684287,0.5,HIGH_VOL,MID_BREADTH,NORMAL
2022-03-01,BULL,0.011614421309162536,0.5648148148148148,HIGH_VOL,MID_BREADTH,NORMAL
2022-03-02,BULL,0.01097834504301742,0.5462962962962963,HIGH_VOL,MID_BREADTH,NORMAL
2022-03-03,BULL,0.010987152306155214,0.5462962962962963,HIGH_VOL,MID_BREADTH,NORMAL
2022-03-04,BULL,0.010619370657397084,0.5370370370370371,HIGH_VOL,MID_BREADTH,NORMAL
2022-03-07,BULL,0.012883164142886275,0.37037037037037035,HIGH_VOL,NARROW,NORMAL
2022-03-08,BEAR,0.01304054054341758,0.25,HIGH_VOL,NARROW,SHOCK_5D
2022-03-09,BEAR,0.013040503096611929,0.28703703703703703,HIGH_VOL,NARROW,NORMAL
2022-03-10,BULL,0.013873974322443118,0.42592592592592593,HIGH_VOL,MID_BREADTH,NORMAL
2022-03-11,BULL,0.013857230827423348,0.39814814814814814,HIGH_VOL,NARROW,NORMAL
2022-03-14,BULL,0.013881773525061113,0.3888888888888889,HIGH_VOL,NARROW,NORMAL
2022-03-15,BEAR,0.013980189947460338,0.37037037037037035,HIGH_VOL,NARROW,NORMAL
2022-03-16,BEAR,0.013976119746669053,0.37037037037037035,HIGH_VOL,NARROW,NORMAL
2022-03-17,BULL,0.014567339787296919,0.5,HIGH_VOL,MID_BREADTH,NORMAL
2022-03-18,BULL,0.014501819409835977,0.48148148148148145,HIGH_VOL,MID_BREADTH,NORMAL
2022-03-21,BULL,0.014543845073179087,0.5,HIGH_VOL,MID_BREADTH,NORMAL
2022-03-22,BULL,0.014538392975662659,0.5,HIGH_VOL,MID_BREADTH,NORMAL
2022-03-23,BULL,0.014335152191356225,0.5277777777777778,HIGH_VOL,MID_BREADTH,NORMAL
2022-03-24,BULL,0.01425644516728798,0.5277777777777778,HIGH_VOL,MID_BREADTH,NORMAL
2022-03-25,BULL,0.013260150581768415,0.48148148148148145,HIGH_VOL,MID_BREADTH,NORMAL
2022-03-28,BULL,0.01325052833031575,0.5,HIGH_VOL,MID_BREADTH,NORMAL
2022-03-29,BULL,0.012561245207724493,0.48148148148148145,HIGH_VOL,MID_BREADTH,NORMAL
2022-03-30,BULL,0.012764806910256155,0.5462962962962963,HIGH_VOL,MID_BREADTH,NORMAL
2022-03-31,BULL,0.012706246664520903,0.5092592592592593,HIGH_VOL,MID_BREADTH,NORMAL
2022-04-01,BULL,0.012553193161785658,0.5185185185185185,HIGH_VOL,MID_BREADTH,NORMAL
2022-04-06,BULL,0.010246705381117169,0.49074074074074076,HIGH_VOL,MID_BREADTH,NORMAL
2022-04-07,BULL,0.009880152568156702,0.4166666666666667,HIGH_VOL,MID_BREADTH,NORMAL
2022-04-08,BULL,0.009846892715193028,0.42592592592592593,HIGH_VOL,MID_BREADTH,NORMAL
2022-04-11,BULL,0.008896583493010509,0.4074074074074074,HIGH_VOL,NARROW,NORMAL
2022-04-12,BULL,0.00892507909127467,0.3611111111111111,HIGH_VOL,NARROW,NORMAL
2022-04-13,BULL,0.009402764713923421,0.4351851851851852,HIGH_VOL,MID_BREADTH,NORMAL
2022-04-14,BULL,0.008570069303884029,0.4444444444444444,MID_VOL,MID_BREADTH,NORMAL
2022-04-15,BULL,0.008735014637599209,0.4351851851851852,MID_VOL,MID_BREADTH,NORMAL
2022-04-18,BEAR,0.007551923542125837,0.3888888888888889,MID_VOL,NARROW,NORMAL
2022-04-19,BULL,0.007685981848986041,0.39814814814814814,MID_VOL,NARROW,NORMAL
2022-04-20,BULL,0.007876768564775418,0.4351851851851852,MID_VOL,MID_BREADTH,NORMAL
2022-04-21,BULL,0.007877588179493739,0.46296296296296297,MID_VOL,MID_BREADTH,NORMAL
2022-04-22,BULL,0.007665578723523446,0.4537037037037037,MID_VOL,MID_BREADTH,NORMAL
2022-04-25,BEAR,0.009613119743252576,0.2962962962962963,HIGH_VOL,NARROW,NORMAL
2022-04-26,BEAR,0.009649154650260689,0.3611111111111111,HIGH_VOL,NARROW,NORMAL
2022-04-27,BEAR,0.009920943546336953,0.3055555555555556,HIGH_VOL,NARROW,NORMAL
2022-04-28,BEAR,0.00998553546004709,0.3055555555555556,HIGH_VOL,NARROW,NORMAL
2022-04-29,BEAR,0.010099683774076829,0.3425925925925926,HIGH_VOL,NARROW,NORMAL
2022-05-03,BEAR,0.010108743167009947,0.32407407407407407,HIGH_VOL,NARROW,NORMAL
2022-05-04,BEAR,0.010143082229706515,0.3333333333333333,HIGH_VOL,NARROW,NORMAL
2022-05-05,BEAR,0.01024121429080245,0.3055555555555556,HIGH_VOL,NARROW,NORMAL
2022-05-06,BEAR,0.009952577366507316,0.25,HIGH_VOL,NARROW,NORMAL
2022-05-09,BEAR,0.010773328073482013,0.18518518518518517,HIGH_VOL,NARROW,NORMAL
2022-05-10,BEAR,0.010687602899962727,0.16666666666666666,HIGH_VOL,NARROW,NORMAL
2022-05-11,BEAR,0.010730875172301082,0.1388888888888889,HIGH_VOL,NARROW,NORMAL
2022-05-12,BEAR,0.01094725482113545,0.08333333333333333,HIGH_VOL,NARROW,SHOCK_5D
2022-05-13,BEAR,0.011682679627419847,0.1574074074074074,HIGH_VOL,NARROW,NORMAL
2022-05-16,BEAR,0.011692004643165915,0.14814814814814814,HIGH_VOL,NARROW,NORMAL
2022-05-17,BEAR,0.011713717865952376,0.1388888888888889,HIGH_VOL,NARROW,NORMAL
2022-05-18,BEAR,0.012095011421196235,0.21296296296296297,HIGH_VOL,NARROW,NORMAL
2022-05-19,BEAR,0.012041931168893048,0.17592592592592593,HIGH_VOL,NARROW,NORMAL
2022-05-20,BEAR,0.012113567145935623,0.18518518518518517,HIGH_VOL,NARROW,NORMAL
2022-05-23,BEAR,0.012132306454227259,0.19444444444444445,HIGH_VOL,NARROW,NORMAL
2022-05-24,BEAR,0.010901692092433496,0.16666666666666666,HIGH_VOL,NARROW,NORMAL
2022-05-25,BEAR,0.011204150746102424,0.2037037037037037,HIGH_VOL,NARROW,NORMAL
2022-05-26,BEAR,0.010966115670990597,0.18518518518518517,HIGH_VOL,NARROW,NORMAL
2022-05-27,BEAR,0.011321287039199782,0.28703703703703703,HIGH_VOL,NARROW,NORMAL
2022-05-30,BEAR,0.01179008232187743,0.37962962962962965,HIGH_VOL,NARROW,NORMAL
2022-05-31,BEAR,0.01187185071980308,0.4074074074074074,HIGH_VOL,NARROW,NORMAL
2022-06-01,BEAR,0.01187246098341942,0.37037037037037035,HIGH_VOL,NARROW,NORMAL
2022-06-02,BEAR,0.011833639344410613,0.3888888888888889,HIGH_VOL,NARROW,NORMAL
2022-06-06,BEAR,0.01145087251423998,0.39814814814814814,HIGH_VOL,NARROW,NORMAL
2022-06-07,BEAR,0.010040874140199932,0.39814814814814814,HIGH_VOL,NARROW,NORMAL
2022-06-08,BEAR,0.010091001388481884,0.4074074074074074,HIGH_VOL,NARROW,NORMAL
2022-06-09,BEAR,0.00992510895710353,0.37037037037037035,HIGH_VOL,NARROW,NORMAL
2022-06-10,BEAR,0.008380897155027116,0.3333333333333333,MID_VOL,NARROW,NORMAL
2022-06-13,BEAR,0.009429733529782996,0.25925925925925924,HIGH_VOL,NARROW,NORMAL
2022-06-14,BEAR,0.009433702509028275,0.26851851851851855,HIGH_VOL,NARROW,NORMAL
2022-06-15,BEAR,0.009410775930952773,0.25925925925925924,HIGH_VOL,NARROW,NORMAL
2022-06-16,BEAR,0.009353436485706476,0.2222222222222222,HIGH_VOL,NARROW,NORMAL
2022-06-17,BEAR,0.009101240562708049,0.16666666666666666,HIGH_VOL,NARROW,NORMAL
2022-06-20,BEAR,0.010451987760247923,0.1388888888888889,HIGH_VOL,NARROW,NORMAL
2022-06-21,BEAR,0.012313973422547442,0.2037037037037037,HIGH_VOL,NARROW,NORMAL
2022-06-22,BEAR,0.013145747254415748,0.12962962962962962,HIGH_VOL,NARROW,NORMAL
2022-06-23,BEAR,0.01282147733477084,0.16666666666666666,HIGH_VOL,NARROW,NORMAL
2022-06-24,BEAR,0.013265842794005644,0.2222222222222222,HIGH_VOL,NARROW,NORMAL
2022-06-27,BEAR,0.013295976673010803,0.25925925925925924,HIGH_VOL,NARROW,NORMAL
2022-06-28,BEAR,0.012604266981005322,0.24074074074074073,HIGH_VOL,NARROW,NORMAL
2022-06-29,BEAR,0.012578363482704087,0.21296296296296297,HIGH_VOL,NARROW,NORMAL
2022-06-30,BEAR,0.013412881094631969,0.1574074074074074,HIGH_VOL,NARROW,NORMAL
2022-07-01,BEAR,0.014558129253759803,0.12037037037037036,HIGH_VOL,NARROW,SHOCK_5D
2022-07-04,BEAR,0.014433025455785606,0.1388888888888889,HIGH_VOL,NARROW,SHOCK_5D
2022-07-05,BEAR,0.014689097876239694,0.14814814814814814,HIGH_VOL,NARROW,SHOCK_5D
2022-07-06,BEAR,0.015025863233335667,0.12962962962962962,HIGH_VOL,NARROW,SHOCK_5D
2022-07-07,BEAR,0.015814477567209568,0.12037037037037036,HIGH_VOL,NARROW,NORMAL
2022-07-08,BEAR,0.016056100626568738,0.09259259259259259,HIGH_VOL,NARROW,NORMAL
2022-07-11,BEAR,0.01565644741824249,0.12037037037037036,HIGH_VOL,NARROW,NORMAL
2022-07-12,BEAR,0.016375248582631754,0.10185185185185185,HIGH_VOL,NARROW,NORMAL
2022-07-13,BEAR,0.017408565139167477,0.1388888888888889,HIGH_VOL,NARROW,NORMAL
2022-07-14,BEAR,0.017500432826559276,0.1574074074074074,HIGH_VOL,NARROW,NORMAL
2022-07-15,BEAR,0.017474747802975317,0.16666666666666666,HIGH_VOL,NARROW,NORMAL
2022-07-18,BEAR,0.017304014230757333,0.16666666666666666,HIGH_VOL,NARROW,NORMAL
2022-07-19,BEAR,0.015981033568229212,0.19444444444444445,HIGH_VOL,NARROW,NORMAL
2022-07-20,BEAR,0.015289121707727085,0.2037037037037037,HIGH_VOL,NARROW,NORMAL
2022-07-21,BEAR,0.015409862514103714,0.21296296296296297,HIGH_VOL,NARROW,NORMAL
2022-07-22,BEAR,0.015017404128403935,0.2222222222222222,HIGH_VOL,NARROW,NORMAL
2022-07-25,BEAR,0.01464472592428422,0.24074074074074073,HIGH_VOL,NARROW,NORMAL
2022-07-26,BEAR,0.014579932377326736,0.24074074074074073,HIGH_VOL,NARROW,NORMAL
2022-07-27,BEAR,0.014523186250060357,0.26851851851851855,HIGH_VOL,NARROW,NORMAL
2022-07-28,BEAR,0.013511901623964522,0.26851851851851855,HIGH_VOL,NARROW,NORMAL
2022-07-29,BEAR,0.011606472887444139,0.2962962962962963,HIGH_VOL,NARROW,NORMAL
2022-08-01,BEAR,0.011607604942090465,0.2962962962962963,HIGH_VOL,NARROW,NORMAL
2022-08-02,BEAR,0.011887322313613334,0.23148148148148148,HIGH_VOL,NARROW,NORMAL
2022-08-03,BEAR,0.01039347929100767,0.21296296296296297,HIGH_VOL,NARROW,NORMAL
2022-08-04,BEAR,0.010077241388833763,0.14814814814814814,HIGH_VOL,NARROW,NORMAL
2022-08-05,BEAR,0.010717380682418684,0.24074074074074073,HIGH_VOL,NARROW,NORMAL
2022-08-08,BEAR,0.010655250440137359,0.26851851851851855,HIGH_VOL,NARROW,NORMAL
2022-08-09,BEAR,0.008355447319040844,0.3055555555555556,MID_VOL,NARROW,NORMAL
2022-08-10,BEAR,0.0073286591706505245,0.2777777777777778,MID_VOL,NARROW,NORMAL
2022-08-11,BEAR,0.007749526943229959,0.3611111111111111,MID_VOL,NARROW,NORMAL
2022-08-12,BEAR,0.007767819439241909,0.3888888888888889,MID_VOL,NARROW,NORMAL
2022-08-15,BEAR,0.00715064298697903,0.4444444444444444,MID_VOL,MID_BREADTH,NORMAL
2022-08-16,BEAR,0.007143965121992029,0.42592592592592593,MID_VOL,MID_BREADTH,NORMAL
2022-08-17,BEAR,0.007132556708250902,0.4351851851851852,MID_VOL,MID_BREADTH,NORMAL
2022-08-18,BEAR,0.007017329512517918,0.4166666666666667,MID_VOL,MID_BREADTH,NORMAL
2022-08-19,BEAR,0.007010482016515766,0.4537037037037037,MID_VOL,MID_BREADTH,NORMAL
2022-08-22,BEAR,0.00716379015472373,0.4351851851851852,MID_VOL,MID_BREADTH,NORMAL
2022-08-23,BEAR,0.007167850084894493,0.4074074074074074,MID_VOL,NARROW,NORMAL
2022-08-24,BEAR,0.007086370812634559,0.4166666666666667,MID_VOL,MID_BREADTH,NORMAL
2022-08-25,BEAR,0.007218073953276846,0.4537037037037037,MID_VOL,MID_BREADTH,NORMAL
2022-08-26,BEAR,0.007270299156853659,0.48148148148148145,MID_VOL,MID_BREADTH,NORMAL
2022-08-29,BEAR,0.008702763707176318,0.37962962962962965,MID_VOL,NARROW,NORMAL
2022-08-30,BEAR,0.008281600598041413,0.4166666666666667,MID_VOL,MID_BREADTH,NORMAL
2022-08-31,BEAR,0.008269401881563582,0.5,MID_VOL,MID_BREADTH,NORMAL
2022-09-01,BEAR,0.008737185256572688,0.4074074074074074,MID_VOL,NARROW,NORMAL
2022-09-02,BEAR,0.008004019982145677,0.37962962962962965,MID_VOL,NARROW,NORMAL
2022-09-05,BEAR,0.008028680833847578,0.37962962962962965,MID_VOL,NARROW,NORMAL
2022-09-06,BEAR,0.00797797815963683,0.42592592592592593,MID_VOL,MID_BREADTH,NORMAL
2022-09-07,BEAR,0.00830482889130604,0.32407407407407407,MID_VOL,NARROW,NORMAL
2022-09-08,BEAR,0.008616030845755133,0.42592592592592593,MID_VOL,MID_BREADTH,NORMAL
2022-09-12,BEAR,0.009024886533978635,0.5,HIGH_VOL,MID_BREADTH,NORMAL
2022-09-13,BEAR,0.008960941295774625,0.5462962962962963,HIGH_VOL,MID_BREADTH,NORMAL
2022-09-14,BEAR,0.009193404584838383,0.42592592592592593,HIGH_VOL,MID_BREADTH,NORMAL
2022-09-15,BEAR,0.009240340936535035,0.46296296296296297,HIGH_VOL,MID_BREADTH,NORMAL
2022-09-16,BEAR,0.009313578895847077,0.4074074074074074,HIGH_VOL,NARROW,NORMAL
2022-09-19,BEAR,0.009398592744990077,0.37962962962962965,HIGH_VOL,NARROW,NORMAL
2022-09-20,BEAR,0.009481093594198436,0.4074074074074074,HIGH_VOL,NARROW,NORMAL
2022-09-21,BEAR,0.009455530350368951,0.39814814814814814,HIGH_VOL,NARROW,NORMAL
2022-09-22,BEAR,0.009591879453130192,0.32407407407407407,HIGH_VOL,NARROW,NORMAL
2022-09-23,BEAR,0.009353346845140668,0.32407407407407407,HIGH_VOL,NARROW,NORMAL
2022-09-26,BEAR,0.011088732834469173,0.21296296296296297,HIGH_VOL,NARROW,NORMAL
2022-09-27,BEAR,0.010556209746359421,0.21296296296296297,HIGH_VOL,NARROW,NORMAL
2022-09-28,BEAR,0.011912914963403166,0.1388888888888889,HIGH_VOL,NARROW,SHOCK_5D
2022-09-29,BEAR,0.012273937998249811,0.2037037037037037,HIGH_VOL,NARROW,NORMAL
2022-09-30,BEAR,0.0120313878814734,0.21296296296296297,HIGH_VOL,NARROW,NORMAL
2022-10-03,BEAR,0.01204265325385567,0.14814814814814814,HIGH_VOL,NARROW,NORMAL
2022-10-04,BEAR,0.012976844862011366,0.2037037037037037,HIGH_VOL,NARROW,NORMAL
2022-10-05,BEAR,0.013082054123325058,0.21296296296296297,HIGH_VOL,NARROW,NORMAL
2022-10-06,BEAR,0.0129676701621275,0.21296296296296297,HIGH_VOL,NARROW,NORMAL
2022-10-07,BEAR,0.012318260205726173,0.14814814814814814,HIGH_VOL,NARROW,NORMAL
2022-10-11,BEAR,0.01317898905797777,0.07407407407407407,HIGH_VOL,NARROW,NORMAL
2022-10-12,BEAR,0.013196512551113425,0.10185185185185185,HIGH_VOL,NARROW,NORMAL
2022-10-13,BEAR,0.014006807043404143,0.046296296296296294,HIGH_VOL,NARROW,SHOCK_5D
2022-10-14,BEAR,0.014598987979418837,0.09259259259259259,HIGH_VOL,NARROW,NORMAL
2022-10-17,BEAR,0.014597010534913767,0.09259259259259259,HIGH_VOL,NARROW,NORMAL
2022-10-18,BEAR,0.01480651719922884,0.12037037037037036,HIGH_VOL,NARROW,NORMAL
2022-10-19,BEAR,0.014648871244946168,0.12037037037037036,HIGH_VOL,NARROW,NORMAL
2022-10-20,BEAR,0.014638664687840997,0.1111111111111111,HIGH_VOL,NARROW,NORMAL
2022-10-21,BEAR,0.014653599039301489,0.08333333333333333,HIGH_VOL,NARROW,NORMAL
2022-10-24,BEAR,0.014803643969766736,0.10185185185185185,HIGH_VOL,NARROW,NORMAL
2022-10-25,BEAR,0.013452681161148734,0.10185185185185185,HIGH_VOL,NARROW,NORMAL
2022-10-26,BEAR,0.013371969367099227,0.1111111111111111,HIGH_VOL,NARROW,NORMAL
2022-10-27,BEAR,0.012126498885576762,0.12037037037037036,HIGH_VOL,NARROW,NORMAL
2022-10-28,BEAR,0.011802625448743088,0.08333333333333333,HIGH_VOL,NARROW,NORMAL
2022-10-31,BEAR,0.011944179749353181,0.10185185185185185,HIGH_VOL,NARROW,NORMAL
2022-11-01,BEAR,0.01204194631669684,0.12037037037037036,HIGH_VOL,NARROW,NORMAL
2022-11-02,BEAR,0.011294308975616268,0.14814814814814814,HIGH_VOL,NARROW,NORMAL
2022-11-03,BEAR,0.011200806012800699,0.1574074074074074,HIGH_VOL,NARROW,NORMAL
2022-11-04,BEAR,0.011284740649054591,0.12962962962962962,HIGH_VOL,NARROW,NORMAL
2022-11-07,BEAR,0.011850745730726791,0.2222222222222222,HIGH_VOL,NARROW,NORMAL
2022-11-08,BEAR,0.009635560297831336,0.25925925925925924,HIGH_VOL,NARROW,NORMAL
2022-11-09,BEAR,0.009989001420749738,0.32407407407407407,HIGH_VOL,NARROW,NORMAL
2022-11-10,BEAR,0.007823621106959545,0.3055555555555556,MID_VOL,NARROW,NORMAL
2022-11-11,BEAR,0.008365194515509823,0.49074074074074076,MID_VOL,MID_BREADTH,NORMAL
2022-11-14,BEAR,0.008579586766682874,0.5648148148148148,MID_VOL,MID_BREADTH,NORMAL
2022-11-15,BEAR,0.008551365505510004,0.5555555555555556,MID_VOL,MID_BREADTH,NORMAL
2022-11-16,BEAR,0.00855411766151055,0.5185185185185185,MID_VOL,MID_BREADTH,NORMAL
2022-11-17,BEAR,0.008396302087877772,0.5185185185185185,MID_VOL,MID_BREADTH,NORMAL
2022-11-18,BEAR,0.007954083563534808,0.5,MID_VOL,MID_BREADTH,NORMAL
2022-11-21,BEAR,0.008088681620967838,0.5277777777777778,MID_VOL,MID_BREADTH,NORMAL
2022-11-22,BEAR,0.007725675490491697,0.5185185185185185,MID_VOL,MID_BREADTH,NORMAL
2022-11-23,BEAR,0.007703016579418506,0.5462962962962963,MID_VOL,MID_BREADTH,NORMAL
2022-11-24,BULL,0.007752806772845099,0.6388888888888888,MID_VOL,BROAD,NORMAL
2022-11-25,BULL,0.007314344575158852,0.6481481481481481,MID_VOL,BROAD,NORMAL
2022-11-28,BEAR,0.007511602078012976,0.6666666666666666,MID_VOL,BROAD,NORMAL
2022-11-29,BULL,0.007526132043505074,0.7222222222222222,MID_VOL,BROAD,NORMAL
2022-11-30,BULL,0.007655560887510798,0.7962962962962963,MID_VOL,BROAD,NORMAL
2022-12-01,BULL,0.00739593593099401,0.7962962962962963,MID_VOL,BROAD,NORMAL
2022-12-02,BULL,0.007459706223794243,0.7962962962962963,MID_VOL,BROAD,NORMAL
2022-12-05,BULL,0.007017111852968893,0.8148148148148148,MID_VOL,BROAD,NORMAL
2022-12-06,BULL,0.007930011445507455,0.7314814814814815,MID_VOL,BROAD,NORMAL
2022-12-07,BULL,0.007760201542390551,0.7685185185185185,MID_VOL,BROAD,NORMAL
2022-12-08,BULL,0.007624400088202236,0.7407407407407407,MID_VOL,BROAD,NORMAL
2022-12-09,BULL,0.006490456065772775,0.7962962962962963,MID_VOL,BROAD,NORMAL
2022-12-12,BULL,0.005988037309665691,0.8333333333333334,LOW_VOL,BROAD,NORMAL
2022-12-13,BULL,0.0060304966458899914,0.7870370370370371,LOW_VOL,BROAD,NORMAL
2022-12-14,BULL,0.006375286178924983,0.8425925925925926,MID_VOL,BROAD,NORMAL
2022-12-15,BULL,0.00637623168734895,0.8425925925925926,MID_VOL,BROAD,NORMAL
2022-12-16,BULL,0.00669281951033804,0.7314814814814815,MID_VOL,BROAD,NORMAL
2022-12-19,BULL,0.006758486873440647,0.7777777777777778,MID_VOL,BROAD,NORMAL
2022-12-20,BULL,0.008173406855578266,0.6203703703703703,MID_VOL,BROAD,NORMAL
2022-12-21,BULL,0.008177402012721659,0.6111111111111112,MID_VOL,BROAD,NORMAL
2022-12-22,BULL,0.008412656977459479,0.7314814814814815,MID_VOL,BROAD,NORMAL
2022-12-23,BULL,0.008515670409936497,0.6851851851851852,MID_VOL,BROAD,NORMAL
2022-12-26,BULL,0.008484486117344559,0.7314814814814815,MID_VOL,BROAD,NORMAL
2022-12-27,BULL,0.008315926398421975,0.75,MID_VOL,BROAD,NORMAL
2022-12-28,BULL,0.00818225327022915,0.6851851851851852,MID_VOL,BROAD,NORMAL
2022-12-29,BULL,0.007994637463469671,0.6296296296296297,MID_VOL,BROAD,NORMAL
2022-12-30,BULL,0.0080417253506614,0.6481481481481481,MID_VOL,BROAD,NORMAL
2023-01-03,BULL,0.008140756224774597,0.6944444444444444,MID_VOL,BROAD,NORMAL
2023-01-04,BULL,0.0077222796186941925,0.6759259259259259,MID_VOL,BROAD,NORMAL
2023-01-05,BULL,0.007704080833277488,0.7222222222222222,MID_VOL,BROAD,NORMAL
2023-01-06,BULL,0.007773528593195183,0.7685185185185185,MID_VOL,BROAD,NORMAL
2023-01-09,BULL,0.008281431757518283,0.8055555555555556,MID_VOL,BROAD,NORMAL
2023-01-10,BULL,0.00822282918495646,0.8333333333333334,MID_VOL,BROAD,NORMAL
2023-01-11,BULL,0.00821384838199615,0.8240740740740741,MID_VOL,BROAD,NORMAL
2023-01-12,BULL,0.007829684651656142,0.7870370370370371,MID_VOL,BROAD,NORMAL
2023-01-13,BULL,0.007814865198853709,0.7592592592592593,MID_VOL,BROAD,NORMAL
2023-01-16,BULL,0.007615605552192089,0.75,MID_VOL,BROAD,NORMAL
2023-01-17,BULL,0.007546868989653702,0.7777777777777778,MID_VOL,BROAD,NORMAL
2023-01-30,BULL,0.00715824857907204,0.8518518518518519,MID_VOL,BROAD,NORMAL
2023-01-31,BULL,0.0071987634612053,0.8425925925925926,MID_VOL,BROAD,NORMAL
2023-02-01,BULL,0.006756165190859956,0.8611111111111112,MID_VOL,BROAD,NORMAL
2023-02-02,BULL,0.006620746033977266,0.8981481481481481,MID_VOL,BROAD,NORMAL
2023-02-03,BULL,0.006599378709186406,0.9166666666666666,MID_VOL,BROAD,NORMAL
2023-02-06,BULL,0.006933499614607297,0.8981481481481481,MID_VOL,BROAD,NORMAL
2023-02-07,BULL,0.006343212963768797,0.8796296296296297,MID_VOL,BROAD,NORMAL
2023-02-08,BULL,0.006265762012955712,0.8796296296296297,LOW_VOL,BROAD,NORMAL
2023-02-09,BULL,0.006400361208565642,0.8518518518518519,MID_VOL,BROAD,NORMAL
2023-02-10,BULL,0.006705868613473986,0.8148148148148148,MID_VOL,BROAD,NORMAL
2023-02-13,BULL,0.006702552495352939,0.8333333333333334,MID_VOL,BROAD,NORMAL
2023-02-14,BULL,0.0067926139530708335,0.8518518518518519,MID_VOL,BROAD,NORMAL
2023-02-15,BULL,0.006934497626404509,0.8055555555555556,MID_VOL,BROAD,NORMAL
2023-02-16,BULL,0.006513023063946427,0.8518518518518519,MID_VOL,BROAD,NORMAL
2023-02-17,BULL,0.006504783728480502,0.8240740740740741,MID_VOL,BROAD,NORMAL
2023-02-20,BULL,0.006405341347669337,0.8518518518518519,MID_VOL,BROAD,NORMAL
2023-02-21,BULL,0.006277301483100582,0.8703703703703703,LOW_VOL,BROAD,NORMAL
2023-02-22,BULL,0.0064883861924725965,0.8240740740740741,MID_VOL,BROAD,NORMAL
2023-02-23,BULL,0.00677719004761778,0.8888888888888888,MID_VOL,BROAD,NORMAL
2023-02-24,BULL,0.00691056100088403,0.8518518518518519,MID_VOL,BROAD,NORMAL
2023-03-01,BULL,0.0056236120129750265,0.7592592592592593,LOW_VOL,BROAD,NORMAL
2023-03-02,BULL,0.005567530093774419,0.7685185185185185,LOW_VOL,BROAD,NORMAL
2023-03-03,BULL,0.005381318455402372,0.7777777777777778,LOW_VOL,BROAD,NORMAL
2023-03-06,BULL,0.00542152598305346,0.8240740740740741,LOW_VOL,BROAD,NORMAL
2023-03-07,BULL,0.005487636625657872,0.8518518518518519,LOW_VOL,BROAD,NORMAL
2023-03-08,BULL,0.005131315193827067,0.8240740740740741,LOW_VOL,BROAD,NORMAL
2023-03-09,BULL,0.0052443133962670205,0.7870370370370371,LOW_VOL,BROAD,NORMAL
2023-03-10,BULL,0.006394335973050957,0.6481481481481481,MID_VOL,BROAD,NORMAL
2023-03-13,BULL,0.0063852847521604136,0.6481481481481481,MID_VOL,BROAD,NORMAL
2023-03-14,BULL,0.006746974197651387,0.5925925925925926,MID_VOL,MID_BREADTH,NORMAL
2023-03-15,BULL,0.006746490970214552,0.5833333333333334,MID_VOL,MID_BREADTH,NORMAL
2023-03-16,BULL,0.006993389911615565,0.5370370370370371,MID_VOL,MID_BREADTH,NORMAL
2023-03-17,BULL,0.007231788406949832,0.5925925925925926,MID_VOL,MID_BREADTH,NORMAL
2023-03-20,BULL,0.006978498014759799,0.6018518518518519,MID_VOL,BROAD,NORMAL
2023-03-21,BULL,0.007069738424843092,0.6203703703703703,MID_VOL,BROAD,NORMAL
2023-03-22,BULL,0.007246732179220413,0.6203703703703703,MID_VOL,BROAD,NORMAL
2023-03-23,BULL,0.007273558944040536,0.6481481481481481,MID_VOL,BROAD,NORMAL
2023-03-24,BULL,0.007179131364303483,0.6666666666666666,MID_VOL,BROAD,NORMAL
2023-03-27,BULL,0.006745383733667364,0.6481481481481481,MID_VOL,BROAD,NORMAL
2023-03-28,BULL,0.0069129184226018586,0.6018518518518519,MID_VOL,BROAD,NORMAL
2023-03-29,BULL,0.0069435251087811645,0.6388888888888888,MID_VOL,BROAD,NORMAL
2023-03-30,BULL,0.006965205440153339,0.6018518518518519,MID_VOL,BROAD,NORMAL
2023-03-31,BULL,0.006990036894183392,0.6388888888888888,MID_VOL,BROAD,NORMAL
2023-04-06,BULL,0.006671979220093851,0.5925925925925926,MID_VOL,MID_BREADTH,NORMAL
2023-04-07,BULL,0.0065598049745089985,0.6296296296296297,MID_VOL,BROAD,NORMAL
2023-04-10,BULL,0.00666074074599451,0.6388888888888888,MID_VOL,BROAD,NORMAL
2023-04-11,BULL,0.006785981262253154,0.7037037037037037,MID_VOL,BROAD,NORMAL
2023-04-12,BULL,0.005811557226822146,0.7129629629629629,LOW_VOL,BROAD,NORMAL
2023-04-13,BULL,0.00591581695413492,0.7129629629629629,LOW_VOL,BROAD,NORMAL
2023-04-14,BULL,0.005129248482767347,0.7314814814814815,LOW_VOL,BROAD,NORMAL
2023-04-17,BULL,0.005128085487037905,0.7314814814814815,LOW_VOL,BROAD,NORMAL
2023-04-18,BULL,0.00442138490144254,0.7037037037037037,LOW_VOL,BROAD,NORMAL
2023-04-19,BULL,0.004362855595643961,0.6666666666666666,LOW_VOL,BROAD,NORMAL
2023-04-20,BULL,0.004869773960846471,0.6111111111111112,LOW_VOL,BROAD,NORMAL
2023-04-21,BULL,0.005372634458902653,0.5925925925925926,LOW_VOL,MID_BREADTH,NORMAL
2023-04-24,BULL,0.005186592223702831,0.6111111111111112,LOW_VOL,BROAD,NORMAL
2023-04-25,BULL,0.006488260096804305,0.5,MID_VOL,MID_BREADTH,NORMAL
2023-04-26,BULL,0.006494054127791563,0.5370370370370371,MID_VOL,MID_BREADTH,NORMAL
2023-04-27,BULL,0.006557490401899207,0.5092592592592593,MID_VOL,MID_BREADTH,NORMAL
2023-04-28,BULL,0.006599429607471276,0.5740740740740741,MID_VOL,MID_BREADTH,NORMAL
2023-05-02,BULL,0.006732468169498668,0.5740740740740741,MID_VOL,MID_BREADTH,NORMAL
2023-05-03,BULL,0.006801278359703476,0.5740740740740741,MID_VOL,MID_BREADTH,NORMAL
2023-05-04,BULL,0.006841130247159498,0.5925925925925926,MID_VOL,MID_BREADTH,NORMAL
2023-05-05,BULL,0.0068430884383150585,0.5925925925925926,MID_VOL,MID_BREADTH,NORMAL
2023-05-08,BULL,0.006852762491586721,0.5740740740740741,MID_VOL,MID_BREADTH,NORMAL
2023-05-09,BULL,0.006830349028496177,0.5370370370370371,MID_VOL,MID_BREADTH,NORMAL
2023-05-10,BULL,0.006661898619295926,0.5648148148148148,MID_VOL,MID_BREADTH,NORMAL
2023-05-11,BULL,0.0067123783410162645,0.5185185185185185,MID_VOL,MID_BREADTH,NORMAL
2023-05-12,BULL,0.006788186678123199,0.5277777777777778,MID_VOL,MID_BREADTH,NORMAL
2023-05-15,BULL,0.006723444201926811,0.4722222222222222,MID_VOL,MID_BREADTH,NORMAL
2023-05-16,BULL,0.007097244109150642,0.5370370370370371,MID_VOL,MID_BREADTH,NORMAL
2023-05-17,BULL,0.0074361848010902915,0.6018518518518519,MID_VOL,BROAD,NORMAL
2023-05-18,BULL,0.00762336058407307,0.6574074074074074,MID_VOL,BROAD,NORMAL
2023-05-19,BULL,0.007489676883033087,0.6574074074074074,MID_VOL,BROAD,NORMAL
2023-05-22,BULL,0.007024650924166467,0.6574074074074074,MID_VOL,BROAD,NORMAL
2023-05-23,BULL,0.006947419614121416,0.6851851851851852,MID_VOL,BROAD,NORMAL
2023-05-24,BULL,0.005272183176836942,0.6759259259259259,LOW_VOL,BROAD,NORMAL
2023-05-25,BULL,0.005296365532474963,0.6388888888888888,LOW_VOL,BROAD,NORMAL
2023-05-26,BULL,0.005289046385086306,0.6481481481481481,LOW_VOL,BROAD,NORMAL
2023-05-29,BULL,0.005425772402076181,0.7129629629629629,LOW_VOL,BROAD,NORMAL
2023-05-30,BULL,0.005402396708814721,0.6944444444444444,LOW_VOL,BROAD,NORMAL
2023-05-31,BULL,0.005209141617617229,0.6666666666666666,LOW_VOL,BROAD,NORMAL
2023-06-01,BULL,0.00521023605133585,0.6851851851851852,LOW_VOL,BROAD,NORMAL
2023-06-02,BULL,0.005433242941599799,0.7407407407407407,LOW_VOL,BROAD,NORMAL
2023-06-05,BULL,0.005436203001358699,0.7592592592592593,LOW_VOL,BROAD,NORMAL
2023-06-06,BULL,0.005279946382980259,0.7685185185185185,LOW_VOL,BROAD,NORMAL
2023-06-07,BULL,0.005275557164255384,0.7962962962962963,LOW_VOL,BROAD,NORMAL
2023-06-08,BULL,0.005064248759667928,0.7777777777777778,LOW_VOL,BROAD,NORMAL
2023-06-09,BULL,0.005129039864421727,0.7962962962962963,LOW_VOL,BROAD,NORMAL
2023-06-12,BULL,0.005093503543568513,0.75,LOW_VOL,BROAD,NORMAL
2023-06-13,BULL,0.005078731729345239,0.7777777777777778,LOW_VOL,BROAD,NORMAL
2023-06-14,BULL,0.004834011960737319,0.8148148148148148,LOW_VOL,BROAD,NORMAL
2023-06-15,BULL,0.004872020017208781,0.8240740740740741,LOW_VOL,BROAD,NORMAL
2023-06-16,BULL,0.00485262216930753,0.75,LOW_VOL,BROAD,NORMAL
2023-06-19,BULL,0.004895120630467066,0.7685185185185185,LOW_VOL,BROAD,NORMAL
2023-06-20,BULL,0.005265456008849998,0.7037037037037037,LOW_VOL,BROAD,NORMAL
2023-06-21,BULL,0.005265764616376337,0.7222222222222222,LOW_VOL,BROAD,NORMAL
2023-06-26,BULL,0.00543731938635585,0.7129629629629629,LOW_VOL,BROAD,NORMAL
2023-06-27,BULL,0.006334060039680114,0.6574074074074074,LOW_VOL,BROAD,NORMAL
2023-06-28,BULL,0.005984176012701866,0.6666666666666666,LOW_VOL,BROAD,NORMAL
2023-06-29,BULL,0.005953775801274845,0.6574074074074074,LOW_VOL,BROAD,NORMAL
2023-06-30,BULL,0.0061389301911480825,0.6759259259259259,LOW_VOL,BROAD,NORMAL
2023-07-03,BULL,0.006434490808578699,0.6759259259259259,MID_VOL,BROAD,NORMAL
2023-07-04,BULL,0.006111195254074479,0.6296296296296297,LOW_VOL,BROAD,NORMAL
2023-07-05,BULL,0.006308182461100916,0.6388888888888888,LOW_VOL,BROAD,NORMAL
2023-07-06,BULL,0.006938817959764648,0.5370370370370371,MID_VOL,MID_BREADTH,NORMAL
2023-07-07,BULL,0.0068651678910993195,0.5,MID_VOL,MID_BREADTH,NORMAL
2023-07-10,BULL,0.006680182882510314,0.5,MID_VOL,MID_BREADTH,NORMAL
2023-07-11,BULL,0.00692813705442971,0.5370370370370371,MID_VOL,MID_BREADTH,NORMAL
2023-07-12,BULL,0.006980668444365866,0.5370370370370371,MID_VOL,MID_BREADTH,NORMAL
2023-07-13,BULL,0.006600005859833387,0.5462962962962963,MID_VOL,MID_BREADTH,NORMAL
2023-07-14,BULL,0.007098493965433098,0.5833333333333334,MID_VOL,MID_BREADTH,NORMAL
2023-07-17,BULL,0.006949887321312127,0.5925925925925926,MID_VOL,MID_BREADTH,NORMAL
2023-07-18,BULL,0.006977124079238923,0.5370370370370371,MID_VOL,MID_BREADTH,NORMAL
2023-07-19,BULL,0.007509768711013775,0.5370370370370371,MID_VOL,MID_BREADTH,NORMAL
2023-07-20,BULL,0.00746416477453182,0.5740740740740741,MID_VOL,MID_BREADTH,NORMAL
2023-07-21,BULL,0.007455805999153088,0.5185185185185185,MID_VOL,MID_BREADTH,NORMAL
2023-07-24,BULL,0.0074130704356628815,0.5277777777777778,MID_VOL,MID_BREADTH,NORMAL
2023-07-25,BULL,0.007036369850046956,0.5277777777777778,MID_VOL,MID_BREADTH,NORMAL
2023-07-26,BULL,0.007056299866443314,0.5277777777777778,MID_VOL,MID_BREADTH,NORMAL
2023-07-27,BULL,0.007115995985116579,0.5462962962962963,MID_VOL,MID_BREADTH,NORMAL
2023-07-28,BULL,0.006977628797699947,0.5370370370370371,MID_VOL,MID_BREADTH,NORMAL
2023-07-31,BULL,0.006982917909653286,0.5092592592592593,MID_VOL,MID_BREADTH,NORMAL
2023-08-01,BULL,0.00697596955934226,0.5370370370370371,MID_VOL,MID_BREADTH,NORMAL
2023-08-02,BULL,0.008148145698711303,0.46296296296296297,MID_VOL,MID_BREADTH,NORMAL
2023-08-04,BULL,0.007659322692860791,0.4166666666666667,MID_VOL,MID_BREADTH,NORMAL
2023-08-07,BULL,0.0077151779763231145,0.46296296296296297,MID_VOL,MID_BREADTH,NORMAL
2023-08-08,BULL,0.007826034814782239,0.42592592592592593,MID_VOL,MID_BREADTH,NORMAL
2023-08-09,BULL,0.007497649103540988,0.39814814814814814,MID_VOL,NARROW,NORMAL
2023-08-10,BULL,0.00850474639485429,0.35185185185185186,MID_VOL,NARROW,NORMAL
2023-08-11,BULL,0.008517266129859067,0.2962962962962963,MID_VOL,NARROW,NORMAL
2023-08-14,BULL,0.008617376206470994,0.25,MID_VOL,NARROW,NORMAL
2023-08-15,BULL,0.008499467551934457,0.26851851851851855,MID_VOL,NARROW,NORMAL
2023-08-16,BULL,0.008499558977889185,0.2222222222222222,MID_VOL,NARROW,NORMAL
2023-08-17,BULL,0.00832026922573099,0.21296296296296297,MID_VOL,NARROW,NORMAL
2023-08-18,BULL,0.008263032280267354,0.23148148148148148,MID_VOL,NARROW,NORMAL
2023-08-21,BULL,0.008261185802371505,0.23148148148148148,MID_VOL,NARROW,NORMAL
2023-08-22,BULL,0.008312950792005936,0.2222222222222222,MID_VOL,NARROW,NORMAL
2023-08-23,BULL,0.008149415494279664,0.2222222222222222,MID_VOL,NARROW,NORMAL
2023-08-24,BULL,0.008374697743532469,0.23148148148148148,MID_VOL,NARROW,NORMAL
2023-08-25,BULL,0.008386854478208723,0.21296296296296297,MID_VOL,NARROW,NORMAL
2023-08-28,BULL,0.008315418328902155,0.24074074074074073,MID_VOL,NARROW,NORMAL
2023-08-29,BULL,0.008526176321029744,0.28703703703703703,MID_VOL,NARROW,NORMAL
2023-08-30,BULL,0.008735754836452059,0.3333333333333333,MID_VOL,NARROW,NORMAL
2023-08-31,BULL,0.0076758278291332045,0.3333333333333333,MID_VOL,NARROW,NORMAL
2023-09-01,BULL,0.0076758534448939375,0.32407407407407407,MID_VOL,NARROW,NORMAL
2023-09-04,BULL,0.007563595842536388,0.32407407407407407,MID_VOL,NARROW,NORMAL
2023-09-05,BULL,0.007541658792902689,0.3425925925925926,MID_VOL,NARROW,NORMAL
2023-09-06,BULL,0.00762650849945497,0.3425925925925926,MID_VOL,NARROW,NORMAL
2023-09-07,BULL,0.006460125020506988,0.2962962962962963,MID_VOL,NARROW,NORMAL
2023-09-08,BULL,0.006447030782814089,0.3055555555555556,MID_VOL,NARROW,NORMAL
2023-09-11,BULL,0.005640413358782392,0.23148148148148148,LOW_VOL,NARROW,NORMAL
2023-09-12,BULL,0.005689313975581907,0.26851851851851855,LOW_VOL,NARROW,NORMAL
2023-09-13,BULL,0.0056557435355639495,0.28703703703703703,LOW_VOL,NARROW,NORMAL
2023-09-14,BULL,0.0062092761935702515,0.4074074074074074,LOW_VOL,NARROW,NORMAL
2023-09-15,BULL,0.006058431869133004,0.4166666666666667,LOW_VOL,MID_BREADTH,NORMAL
2023-09-18,BULL,0.0063497608047509025,0.39814814814814814,MID_VOL,NARROW,NORMAL
2023-09-19,BULL,0.006441072214488583,0.3888888888888889,MID_VOL,NARROW,NORMAL
2023-09-20,BULL,0.006573829926209737,0.3611111111111111,MID_VOL,NARROW,NORMAL
2023-09-21,BEAR,0.006938203617033796,0.23148148148148148,MID_VOL,NARROW,NORMAL
2023-09-22,BULL,0.006698502603345312,0.26851851851851855,MID_VOL,NARROW,NORMAL
2023-09-25,BULL,0.006867459197956413,0.2962962962962963,MID_VOL,NARROW,NORMAL
2023-09-26,BEAR,0.006988798002721796,0.25925925925925924,MID_VOL,NARROW,NORMAL
2023-09-27,BEAR,0.006736957501405828,0.24074074074074073,MID_VOL,NARROW,NORMAL
2023-09-28,BEAR,0.006725039982304343,0.25925925925925924,MID_VOL,NARROW,NORMAL
2023-10-02,BULL,0.006939176449663869,0.26851851851851855,MID_VOL,NARROW,NORMAL
2023-10-03,BEAR,0.006798555730625458,0.25925925925925924,MID_VOL,NARROW,NORMAL
2023-10-04,BEAR,0.006959524145903196,0.19444444444444445,MID_VOL,NARROW,NORMAL
2023-10-05,BEAR,0.007392090177811142,0.26851851851851855,MID_VOL,NARROW,NORMAL
2023-10-06,BEAR,0.007344198974187251,0.28703703703703703,MID_VOL,NARROW,NORMAL
2023-10-11,BULL,0.0073681708646960616,0.3888888888888889,MID_VOL,NARROW,NORMAL
2023-10-12,BULL,0.007161264636627042,0.4074074074074074,MID_VOL,NARROW,NORMAL
2023-10-13,BULL,0.007151307525676773,0.37037037037037035,MID_VOL,NARROW,NORMAL
2023-10-16,BEAR,0.007278697167955055,0.37037037037037035,MID_VOL,NARROW,NORMAL
2023-10-17,BEAR,0.006631582904447671,0.3333333333333333,MID_VOL,NARROW,NORMAL
2023-10-18,BEAR,0.006660071942863252,0.3055555555555556,MID_VOL,NARROW,NORMAL
2023-10-19,BEAR,0.006553496450538684,0.32407407407407407,MID_VOL,NARROW,NORMAL
2023-10-20,BEAR,0.0066558148917545325,0.26851851851851855,MID_VOL,NARROW,NORMAL
2023-10-23,BEAR,0.006675762577531687,0.2222222222222222,MID_VOL,NARROW,NORMAL
2023-10-24,BEAR,0.006411559302496391,0.24074074074074073,MID_VOL,NARROW,NORMAL
2023-10-25,BEAR,0.006349340683572475,0.25925925925925924,MID_VOL,NARROW,NORMAL
2023-10-26,BEAR,0.0067382312539366164,0.21296296296296297,MID_VOL,NARROW,NORMAL
2023-10-27,BEAR,0.006583325159867467,0.23148148148148148,MID_VOL,NARROW,NORMAL
2023-10-30,BEAR,0.006596611605826131,0.25,MID_VOL,NARROW,NORMAL
2023-10-31,BEAR,0.006962490466437915,0.2037037037037037,MID_VOL,NARROW,NORMAL
2023-11-01,BEAR,0.006771375453260794,0.25,MID_VOL,NARROW,NORMAL
2023-11-02,BEAR,0.007735588153106123,0.3148148148148148,MID_VOL,NARROW,NORMAL
2023-11-03,BEAR,0.007818622825492734,0.4074074074074074,MID_VOL,NARROW,NORMAL
2023-11-06,BEAR,0.007788479708301754,0.46296296296296297,MID_VOL,MID_BREADTH,NORMAL
2023-11-07,BEAR,0.007763098662815999,0.4537037037037037,MID_VOL,MID_BREADTH,NORMAL
2023-11-08,BEAR,0.0077601591439281,0.46296296296296297,MID_VOL,MID_BREADTH,NORMAL
2023-11-09,BEAR,0.007538903673133119,0.46296296296296297,MID_VOL,MID_BREADTH,NORMAL
2023-11-10,BEAR,0.007530039826412369,0.42592592592592593,MID_VOL,MID_BREADTH,NORMAL
2023-11-13,BEAR,0.007435312135684343,0.3888888888888889,MID_VOL,NARROW,NORMAL
2023-11-14,BEAR,0.007517100962900457,0.4444444444444444,MID_VOL,MID_BREADTH,NORMAL
2023-11-15,BULL,0.007819827107174564,0.6388888888888888,MID_VOL,BROAD,NORMAL
2023-11-16,BULL,0.007800337440040071,0.6481481481481481,MID_VOL,BROAD,NORMAL
2023-11-17,BULL,0.007521703818260143,0.6203703703703703,MID_VOL,BROAD,NORMAL
2023-11-20,BULL,0.007222194308390061,0.6296296296296297,MID_VOL,BROAD,NORMAL
2023-11-21,BULL,0.00740716141469097,0.6944444444444444,MID_VOL,BROAD,NORMAL
2023-11-22,BULL,0.007544601789959728,0.6759259259259259,MID_VOL,BROAD,NORMAL
2023-11-23,BULL,0.00644970725192386,0.6851851851851852,MID_VOL,BROAD,NORMAL
2023-11-24,BULL,0.006450201403014819,0.6666666666666666,MID_VOL,BROAD,NORMAL
2023-11-27,BULL,0.006626279979657622,0.6851851851851852,MID_VOL,BROAD,NORMAL
2023-11-28,BULL,0.006080569399358511,0.7777777777777778,LOW_VOL,BROAD,NORMAL
2023-11-29,BULL,0.006112661065743519,0.7407407407407407,LOW_VOL,BROAD,NORMAL
2023-11-30,BULL,0.005524623812149965,0.7407407407407407,LOW_VOL,BROAD,NORMAL
2023-12-01,BULL,0.005403331916058421,0.8055555555555556,LOW_VOL,BROAD,NORMAL
2023-12-04,BULL,0.005238751434489571,0.8240740740740741,LOW_VOL,BROAD,NORMAL
2023-12-05,BULL,0.005382262724240049,0.7962962962962963,LOW_VOL,BROAD,NORMAL
2023-12-06,BULL,0.005396477508455404,0.8055555555555556,LOW_VOL,BROAD,NORMAL
2023-12-07,BULL,0.005512052594795228,0.7685185185185185,LOW_VOL,BROAD,NORMAL
2023-12-08,BULL,0.005234406648052909,0.7685185185185185,LOW_VOL,BROAD,NORMAL
2023-12-11,BULL,0.005338231333276855,0.7685185185185185,LOW_VOL,BROAD,NORMAL
2023-12-12,BULL,0.005332165903642461,0.7685185185185185,LOW_VOL,BROAD,NORMAL
2023-12-13,BULL,0.0046491493693457675,0.7407407407407407,LOW_VOL,BROAD,NORMAL
2023-12-14,BULL,0.004940017380645197,0.7962962962962963,LOW_VOL,BROAD,NORMAL
2023-12-15,BULL,0.005029430478181116,0.8240740740740741,LOW_VOL,BROAD,NORMAL
2023-12-18,BULL,0.00503330827686572,0.8333333333333334,LOW_VOL,BROAD,NORMAL
2023-12-19,BULL,0.004934683976833715,0.75,LOW_VOL,BROAD,NORMAL
2023-12-20,BULL,0.004976262491346775,0.7870370370370371,LOW_VOL,BROAD,NORMAL
2023-12-21,BULL,0.005026292485660686,0.75,LOW_VOL,BROAD,NORMAL
2023-12-22,BULL,0.005022884317102445,0.7407407407407407,LOW_VOL,BROAD,NORMAL
2023-12-25,BULL,0.004850911043935644,0.7592592592592593,LOW_VOL,BROAD,NORMAL
2023-12-26,BULL,0.00429037188189994,0.8333333333333334,LOW_VOL,BROAD,NORMAL
2023-12-27,BULL,0.004379674661237818,0.8425925925925926,LOW_VOL,BROAD,NORMAL
2023-12-28,BULL,0.0043739887370650215,0.8703703703703703,LOW_VOL,BROAD,NORMAL
2023-12-29,BULL,0.004371185156656188,0.8518518518518519,LOW_VOL,BROAD,NORMAL
2024-01-02,BULL,0.00424972260582818,0.8333333333333334,LOW_VOL,BROAD,NORMAL
2024-01-03,BULL,0.004968019730399127,0.7314814814814815,LOW_VOL,BROAD,NORMAL
2024-01-04,BULL,0.004912371999486122,0.7037037037037037,LOW_VOL,BROAD,NORMAL
2024-01-05,BULL,0.004834872262117836,0.7314814814814815,LOW_VOL,BROAD,NORMAL
2024-01-08,BULL,0.004777939807718569,0.7407407407407407,LOW_VOL,BROAD,NORMAL
2024-01-09,BULL,0.0049557391234748135,0.7037037037037037,LOW_VOL,BROAD,NORMAL
2024-01-10,BULL,0.0051197886198917145,0.6388888888888888,LOW_VOL,BROAD,NORMAL
2024-01-11,BULL,0.005093858786040346,0.6203703703703703,LOW_VOL,BROAD,NORMAL
2024-01-12,BULL,0.004570356040205133,0.5925925925925926,LOW_VOL,MID_BREADTH,NORMAL
2024-01-15,BULL,0.00458120034886255,0.6111111111111112,LOW_VOL,BROAD,NORMAL
2024-01-16,BULL,0.0053423678891162864,0.42592592592592593,LOW_VOL,MID_BREADTH,NORMAL
2024-01-17,BEAR,0.006162952039326743,0.2962962962962963,LOW_VOL,NARROW,NORMAL
2024-01-18,BULL,0.005881619634294245,0.3148148148148148,LOW_VOL,NARROW,NORMAL
2024-01-19,BULL,0.0063852833392819405,0.35185185185185186,MID_VOL,NARROW,NORMAL
2024-01-22,BULL,0.006694300695252816,0.4166666666666667,MID_VOL,MID_BREADTH,NORMAL
2024-01-23,BULL,0.006766839129293578,0.39814814814814814,MID_VOL,NARROW,NORMAL
2024-01-24,BULL,0.0064825398166369515,0.4166666666666667,MID_VOL,MID_BREADTH,NORMAL
2024-01-25,BULL,0.006308599549293817,0.4166666666666667,LOW_VOL,MID_BREADTH,NORMAL
2024-01-26,BULL,0.006274841147803807,0.4166666666666667,LOW_VOL,MID_BREADTH,NORMAL
2024-01-29,BULL,0.006494165629059498,0.46296296296296297,MID_VOL,MID_BREADTH,NORMAL
2024-01-30,BULL,0.006577804377945793,0.37962962962962965,MID_VOL,NARROW,NORMAL
2024-01-31,BULL,0.006148887336958533,0.37962962962962965,LOW_VOL,NARROW,NORMAL
2024-02-01,BULL,0.006462688047973054,0.4166666666666667,MID_VOL,MID_BREADTH,NORMAL
2024-02-02,BULL,0.0064628548876318175,0.3888888888888889,MID_VOL,NARROW,NORMAL
2024-02-05,BULL,0.006496983768265204,0.3425925925925926,MID_VOL,NARROW,NORMAL
2024-02-15,BULL,0.006545398605769101,0.35185185185185186,MID_VOL,NARROW,NORMAL
2024-02-16,BULL,0.006717680745743419,0.35185185185185186,MID_VOL,NARROW,NORMAL
2024-02-19,BULL,0.006847885875373933,0.5462962962962963,MID_VOL,MID_BREADTH,NORMAL
2024-02-20,BULL,0.006843592885908772,0.5,MID_VOL,MID_BREADTH,NORMAL
2024-02-21,BULL,0.006842091844065214,0.5370370370370371,MID_VOL,MID_BREADTH,NORMAL
2024-02-22,BULL,0.006071209277632897,0.5277777777777778,LOW_VOL,MID_BREADTH,NORMAL
2024-02-23,BULL,0.00462106615043123,0.5,LOW_VOL,MID_BREADTH,NORMAL
2024-02-26,BULL,0.0046142690577839676,0.49074074074074076,LOW_VOL,MID_BREADTH,NORMAL
2024-02-27,BULL,0.004843454246710938,0.4722222222222222,LOW_VOL,MID_BREADTH,NORMAL
2024-02-29,BULL,0.00523143229556715,0.5370370370370371,LOW_VOL,MID_BREADTH,NORMAL
2024-03-01,BULL,0.005278146658121214,0.5092592592592593,LOW_VOL,MID_BREADTH,NORMAL
2024-03-04,BULL,0.0052794980353526155,0.5185185185185185,LOW_VOL,MID_BREADTH,NORMAL
2024-03-05,BULL,0.005251235045317815,0.5185185185185185,LOW_VOL,MID_BREADTH,NORMAL
2024-03-06,BULL,0.005212990984932183,0.5277777777777778,LOW_VOL,MID_BREADTH,NORMAL
2024-03-07,BULL,0.005196009663818737,0.5185185185185185,LOW_VOL,MID_BREADTH,NORMAL
2024-03-08,BULL,0.005269059651838502,0.5462962962962963,LOW_VOL,MID_BREADTH,NORMAL
2024-03-11,BULL,0.005289760782722472,0.5833333333333334,LOW_VOL,MID_BREADTH,NORMAL
2024-03-12,BULL,0.005394551035746672,0.6574074074074074,LOW_VOL,BROAD,NORMAL
2024-03-13,BULL,0.005494683066283636,0.6111111111111112,LOW_VOL,BROAD,NORMAL
2024-03-14,BULL,0.005371081002056666,0.6296296296296297,LOW_VOL,BROAD,NORMAL
2024-03-15,BULL,0.005557778308311021,0.5925925925925926,LOW_VOL,MID_BREADTH,NORMAL
2024-03-18,BULL,0.0053767262860371055,0.6111111111111112,LOW_VOL,BROAD,NORMAL
2024-03-19,BULL,0.0052488974631962355,0.5555555555555556,LOW_VOL,MID_BREADTH,NORMAL
2024-03-20,BULL,0.005276354350512894,0.5648148148148148,LOW_VOL,MID_BREADTH,NORMAL
2024-03-21,BULL,0.005921687493515881,0.5833333333333334,LOW_VOL,MID_BREADTH,NORMAL
2024-03-22,BULL,0.00586294678419832,0.6111111111111112,LOW_VOL,BROAD,NORMAL
2024-03-25,BULL,0.005772627348096081,0.6203703703703703,LOW_VOL,BROAD,NORMAL
2024-03-26,BULL,0.006126307581159626,0.5925925925925926,LOW_VOL,MID_BREADTH,NORMAL
2024-03-27,BULL,0.005857465721164357,0.6388888888888888,LOW_VOL,BROAD,NORMAL
2024-03-28,BULL,0.005332888653366979,0.6296296296296297,LOW_VOL,BROAD,NORMAL
2024-03-29,BULL,0.0053535869132455135,0.6203703703703703,LOW_VOL,BROAD,NORMAL
2024-04-01,BULL,0.005351325448172629,0.6666666666666666,LOW_VOL,BROAD,NORMAL
2024-04-02,BULL,0.005342857469029983,0.6388888888888888,LOW_VOL,BROAD,NORMAL
2024-04-03,BULL,0.005489647054182068,0.6296296296296297,LOW_VOL,BROAD,NORMAL
2024-04-08,BULL,0.005548139296352002,0.6666666666666666,LOW_VOL,BROAD,NORMAL
2024-04-09,BULL,0.005370348645803695,0.6851851851851852,LOW_VOL,BROAD,NORMAL
2024-04-10,BULL,0.00528368513673738,0.7037037037037037,LOW_VOL,BROAD,NORMAL
2024-04-11,BULL,0.004991431425045,0.6851851851851852,LOW_VOL,BROAD,NORMAL
2024-04-12,BULL,0.004930979546115997,0.6388888888888888,LOW_VOL,BROAD,NORMAL
2024-04-15,BULL,0.005713606756021796,0.6388888888888888,LOW_VOL,BROAD,NORMAL
2024-04-16,BULL,0.008094579626084224,0.46296296296296297,MID_VOL,MID_BREADTH,NORMAL
2024-04-17,BULL,0.008240702648969258,0.49074074074074076,MID_VOL,MID_BREADTH,NORMAL
2024-04-18,BULL,0.00840576894478887,0.5648148148148148,MID_VOL,MID_BREADTH,NORMAL
2024-04-19,BULL,0.009607228217748528,0.4351851851851852,HIGH_VOL,MID_BREADTH,NORMAL
2024-04-22,BULL,0.009036937475102175,0.4722222222222222,HIGH_VOL,MID_BREADTH,NORMAL
2024-04-23,BULL,0.009274021405636905,0.5092592592592593,HIGH_VOL,MID_BREADTH,NORMAL
2024-04-24,BULL,0.009912096665681581,0.5555555555555556,HIGH_VOL,MID_BREADTH,NORMAL
2024-04-25,BULL,0.009923108080862789,0.5,HIGH_VOL,MID_BREADTH,NORMAL
2024-04-26,BULL,0.010136014470838546,0.5370370370370371,HIGH_VOL,MID_BREADTH,NORMAL
2024-04-29,BULL,0.010951048189245924,0.6944444444444444,HIGH_VOL,BROAD,NORMAL
2024-04-30,BULL,0.010963172263130892,0.6388888888888888,HIGH_VOL,BROAD,NORMAL
2024-05-02,BULL,0.010960192550295213,0.6481481481481481,HIGH_VOL,BROAD,NORMAL
2024-05-03,BULL,0.010967926051929295,0.6666666666666666,HIGH_VOL,BROAD,NORMAL
2024-05-06,BULL,0.010981687479277396,0.6944444444444444,HIGH_VOL,BROAD,NORMAL
2024-05-07,BULL,0.010927245414054787,0.7129629629629629,HIGH_VOL,BROAD,NORMAL
2024-05-08,BULL,0.010791210724585977,0.7129629629629629,HIGH_VOL,BROAD,NORMAL
2024-05-09,BULL,0.010923595626288302,0.6759259259259259,HIGH_VOL,BROAD,NORMAL
2024-05-10,BULL,0.011166041647637457,0.6851851851851852,HIGH_VOL,BROAD,NORMAL
2024-05-13,BULL,0.011173382404394826,0.6944444444444444,HIGH_VOL,BROAD,NORMAL
2024-05-14,BULL,0.010803709190398685,0.7222222222222222,HIGH_VOL,BROAD,NORMAL
2024-05-15,BULL,0.008748311839670548,0.6944444444444444,MID_VOL,BROAD,NORMAL
2024-05-16,BULL,0.00883620126627956,0.7129629629629629,HIGH_VOL,BROAD,NORMAL
2024-05-17,BULL,0.008814383024411955,0.75,HIGH_VOL,BROAD,NORMAL
2024-05-20,BULL,0.006914191894082012,0.7685185185185185,MID_VOL,BROAD,NORMAL
2024-05-21,BULL,0.007247464488633894,0.7407407407407407,MID_VOL,BROAD,NORMAL
2024-05-22,BULL,0.007192818110686089,0.7592592592592593,MID_VOL,BROAD,NORMAL
2024-05-23,BULL,0.006903260875365051,0.7314814814814815,MID_VOL,BROAD,NORMAL
2024-05-24,BULL,0.0064797899203249965,0.6759259259259259,MID_VOL,BROAD,NORMAL
2024-05-27,BULL,0.006594773169724512,0.6759259259259259,MID_VOL,BROAD,NORMAL
2024-05-28,BULL,0.005548086890130592,0.7592592592592593,LOW_VOL,BROAD,NORMAL
2024-05-29,BULL,0.005667848958928077,0.7314814814814815,LOW_VOL,BROAD,NORMAL
2024-05-30,BULL,0.006151003574318655,0.6666666666666666,LOW_VOL,BROAD,NORMAL
2024-05-31,BULL,0.006165348265442277,0.6574074074074074,LOW_VOL,BROAD,NORMAL
2024-06-03,BULL,0.00628903933336889,0.6666666666666666,LOW_VOL,BROAD,NORMAL
2024-06-04,BULL,0.006569832829874953,0.6481481481481481,MID_VOL,BROAD,NORMAL
2024-06-05,BULL,0.006562984084471467,0.6388888888888888,MID_VOL,BROAD,NORMAL
2024-06-06,BULL,0.006331670654603087,0.6574074074074074,LOW_VOL,BROAD,NORMAL
2024-06-07,BULL,0.006220573514290136,0.7037037037037037,LOW_VOL,BROAD,NORMAL
2024-06-11,BULL,0.0067414969833422015,0.6296296296296297,MID_VOL,BROAD,NORMAL
2024-06-12,BULL,0.00675981692530562,0.6481481481481481,MID_VOL,BROAD,NORMAL
2024-06-13,BULL,0.006891098357413,0.6759259259259259,MID_VOL,BROAD,NORMAL
2024-06-14,BULL,0.006769753355472408,0.6944444444444444,MID_VOL,BROAD,NORMAL
2024-06-17,BULL,0.0067571284665911,0.6759259259259259,MID_VOL,BROAD,NORMAL
2024-06-18,BULL,0.0068456514041947015,0.7407407407407407,MID_VOL,BROAD,NORMAL
2024-06-19,BULL,0.006592363499115224,0.7037037037037037,MID_VOL,BROAD,NORMAL
2024-06-20,BULL,0.006716146176105531,0.7592592592592593,MID_VOL,BROAD,NORMAL
2024-06-21,BULL,0.006661998166440964,0.7314814814814815,MID_VOL,BROAD,NORMAL
2024-06-24,BULL,0.007028185881126057,0.7129629629629629,MID_VOL,BROAD,NORMAL
2024-06-25,BULL,0.006574637850610226,0.6759259259259259,MID_VOL,BROAD,NORMAL
2024-06-26,BULL,0.0067065985281764984,0.6388888888888888,MID_VOL,BROAD,NORMAL
2024-06-27,BULL,0.00667501114752172,0.6203703703703703,MID_VOL,BROAD,NORMAL
2024-06-28,BULL,0.006326720540712524,0.6203703703703703,LOW_VOL,BROAD,NORMAL
2024-07-01,BULL,0.006334404040723928,0.6018518518518519,LOW_VOL,BROAD,NORMAL
2024-07-02,BULL,0.006155749075214911,0.5833333333333334,LOW_VOL,MID_BREADTH,NORMAL
2024-07-03,BULL,0.0062725804667238105,0.6203703703703703,LOW_VOL,BROAD,NORMAL
2024-07-04,BULL,0.006514018661975643,0.6666666666666666,MID_VOL,BROAD,NORMAL
2024-07-05,BULL,0.006401782816601686,0.6388888888888888,MID_VOL,BROAD,NORMAL
2024-07-08,BULL,0.0061744498806853764,0.6481481481481481,LOW_VOL,BROAD,NORMAL
2024-07-09,BULL,0.005783809112764887,0.6018518518518519,LOW_VOL,BROAD,NORMAL
2024-07-10,BULL,0.005723187972894353,0.6018518518518519,LOW_VOL,BROAD,NORMAL
2024-07-11,BULL,0.005812249300147488,0.6203703703703703,LOW_VOL,BROAD,NORMAL
2024-07-12,BULL,0.005586734043791105,0.6018518518518519,LOW_VOL,BROAD,NORMAL
2024-07-15,BULL,0.005659338218453658,0.6111111111111112,LOW_VOL,BROAD,NORMAL
2024-07-16,BULL,0.005513318719797249,0.6111111111111112,LOW_VOL,BROAD,NORMAL
2024-07-17,BULL,0.00547344451739057,0.5833333333333334,LOW_VOL,MID_BREADTH,NORMAL
2024-07-18,BULL,0.005324002928499701,0.5740740740740741,LOW_VOL,MID_BREADTH,NORMAL
2024-07-19,BULL,0.006461934564714627,0.4722222222222222,MID_VOL,MID_BREADTH,NORMAL
2024-07-22,BULL,0.007549811011499801,0.39814814814814814,MID_VOL,NARROW,NORMAL
2024-07-23,BULL,0.008540600097272737,0.4166666666666667,MID_VOL,MID_BREADTH,NORMAL
2024-07-26,BULL,0.00930058751268323,0.3611111111111111,HIGH_VOL,NARROW,NORMAL
2024-07-29,BULL,0.009513101486859127,0.32407407407407407,HIGH_VOL,NARROW,NORMAL
2024-07-30,BULL,0.00960927466682086,0.35185185185185186,HIGH_VOL,NARROW,NORMAL
2024-07-31,BULL,0.009631931114831582,0.3611111111111111,HIGH_VOL,NARROW,NORMAL
2024-08-01,BULL,0.010299870686480288,0.3611111111111111,HIGH_VOL,NARROW,NORMAL
2024-08-02,BULL,0.011985157246828233,0.28703703703703703,HIGH_VOL,NARROW,NORMAL
2024-08-05,BEAR,0.020075625736154134,0.08333333333333333,HIGH_VOL,NARROW,SHOCK_5D
2024-08-06,BEAR,0.020247742522534754,0.12962962962962962,HIGH_VOL,NARROW,SHOCK_5D
2024-08-07,BEAR,0.022115265745586133,0.17592592592592593,HIGH_VOL,NARROW,SHOCK_5D
2024-08-08,BEAR,0.0222026788359225,0.1574074074074074,HIGH_VOL,NARROW,SHOCK_5D
2024-08-09,BEAR,0.02281975058559744,0.2037037037037037,HIGH_VOL,NARROW,NORMAL
2024-08-12,BEAR,0.02310133427901642,0.25,HIGH_VOL,NARROW,NORMAL
2024-08-13,BEAR,0.023100762290774075,0.24074074074074073,HIGH_VOL,NARROW,NORMAL
2024-08-14,BEAR,0.023340913832911443,0.25925925925925924,HIGH_VOL,NARROW,NORMAL
2024-08-15,BEAR,0.023340667992844937,0.24074074074074073,HIGH_VOL,NARROW,NORMAL
2024-08-16,BULL,0.02370556396433405,0.25925925925925924,HIGH_VOL,NARROW,NORMAL
2024-08-19,BULL,0.023690936741267873,0.25,HIGH_VOL,NARROW,NORMAL
2024-08-20,BULL,0.023478100263309307,0.26851851851851855,HIGH_VOL,NARROW,NORMAL
2024-08-21,BEAR,0.023113843828257662,0.2777777777777778,HIGH_VOL,NARROW,NORMAL
2024-08-22,BEAR,0.022750540674565063,0.26851851851851855,HIGH_VOL,NARROW,NORMAL
2024-08-23,BEAR,0.022433319871862988,0.2777777777777778,HIGH_VOL,NARROW,NORMAL
2024-08-26,BULL,0.022349728225211828,0.28703703703703703,HIGH_VOL,NARROW,NORMAL
2024-08-27,BULL,0.02230267608295775,0.25925925925925924,HIGH_VOL,NARROW,NORMAL
2024-08-28,BEAR,0.022297590112383477,0.2962962962962963,HIGH_VOL,NARROW,NORMAL
2024-08-29,BEAR,0.021985189234574452,0.2777777777777778,HIGH_VOL,NARROW,NORMAL
2024-08-30,BULL,0.020890727032888315,0.32407407407407407,HIGH_VOL,NARROW,NORMAL
2024-09-02,BEAR,0.010753855968914447,0.3055555555555556,HIGH_VOL,NARROW,NORMAL
2024-09-03,BEAR,0.01102939991728299,0.26851851851851855,HIGH_VOL,NARROW,NORMAL
2024-09-04,BEAR,0.012014162225123208,0.12962962962962962,HIGH_VOL,NARROW,NORMAL
2024-09-05,BEAR,0.01159415501963871,0.1388888888888889,HIGH_VOL,NARROW,NORMAL
2024-09-06,BEAR,0.010823096277199008,0.1574074074074074,HIGH_VOL,NARROW,NORMAL
2024-09-09,BEAR,0.010242175340219747,0.1388888888888889,HIGH_VOL,NARROW,NORMAL
2024-09-10,BEAR,0.010357115922251562,0.1388888888888889,HIGH_VOL,NARROW,NORMAL
2024-09-11,BEAR,0.009948339978148939,0.12962962962962962,HIGH_VOL,NARROW,NORMAL
2024-09-12,BEAR,0.010831143971907885,0.19444444444444445,HIGH_VOL,NARROW,NORMAL
2024-09-13,BEAR,0.01026302640708121,0.21296296296296297,HIGH_VOL,NARROW,NORMAL
2024-09-16,BEAR,0.010404325797607177,0.23148148148148148,HIGH_VOL,NARROW,NORMAL
2024-09-18,BEAR,0.010424587432254162,0.24074074074074073,HIGH_VOL,NARROW,NORMAL
2024-09-19,BEAR,0.010989964087209569,0.3148148148148148,HIGH_VOL,NARROW,NORMAL
2024-09-20,BEAR,0.010994948912864342,0.3425925925925926,HIGH_VOL,NARROW,NORMAL
2024-09-23,BEAR,0.011064433216525645,0.37037037037037035,HIGH_VOL,NARROW,NORMAL
2024-09-24,BEAR,0.011005683253343248,0.37037037037037035,HIGH_VOL,NARROW,NORMAL
2024-09-25,BEAR,0.011258262501778735,0.4074074074074074,HIGH_VOL,NARROW,NORMAL
2024-09-26,BEAR,0.011272600986502113,0.4166666666666667,HIGH_VOL,MID_BREADTH,NORMAL
2024-09-27,BULL,0.011518571032484973,0.5555555555555556,HIGH_VOL,MID_BREADTH,NORMAL
2024-09-30,BEAR,0.011812455388331462,0.4074074074074074,HIGH_VOL,NARROW,NORMAL
2024-10-01,BEAR,0.011762523509356203,0.42592592592592593,HIGH_VOL,MID_BREADTH,NORMAL
2024-10-04,BEAR,0.012051863364894328,0.4074074074074074,HIGH_VOL,NARROW,NORMAL
2024-10-07,BEAR,0.008563050939550901,0.4722222222222222,MID_VOL,MID_BREADTH,NORMAL
2024-10-08,BEAR,0.008892505133317805,0.3888888888888889,HIGH_VOL,NARROW,NORMAL
2024-10-09,BEAR,0.008889997589974413,0.4074074074074074,HIGH_VOL,NARROW,NORMAL
2024-10-11,BEAR,0.008613211250730755,0.4166666666666667,MID_VOL,MID_BREADTH,NORMAL
2024-10-14,BEAR,0.008313464643560505,0.4444444444444444,MID_VOL,MID_BREADTH,NORMAL
2024-10-15,BEAR,0.008323827357996975,0.4537037037037037,MID_VOL,MID_BREADTH,NORMAL
2024-10-16,BEAR,0.007493587774642224,0.4444444444444444,MID_VOL,MID_BREADTH,NORMAL
2024-10-17,BEAR,0.007615308797660345,0.49074074074074076,MID_VOL,MID_BREADTH,NORMAL
2024-10-18,BEAR,0.007535132406892948,0.5185185185185185,MID_VOL,MID_BREADTH,NORMAL
2024-10-21,BEAR,0.007371570679786637,0.5185185185185185,MID_VOL,MID_BREADTH,NORMAL
2024-10-22,BEAR,0.006744333487017893,0.5277777777777778,MID_VOL,MID_BREADTH,NORMAL
2024-10-23,BEAR,0.006930478088000633,0.48148148148148145,MID_VOL,MID_BREADTH,NORMAL
2024-10-24,BEAR,0.006990601884667841,0.48148148148148145,MID_VOL,MID_BREADTH,NORMAL
2024-10-25,BEAR,0.007056430967294172,0.49074074074074076,MID_VOL,MID_BREADTH,NORMAL
2024-10-28,BEAR,0.006643315088839163,0.46296296296296297,MID_VOL,MID_BREADTH,NORMAL
2024-10-29,BEAR,0.007006083384640724,0.4444444444444444,MID_VOL,MID_BREADTH,NORMAL
2024-10-30,BEAR,0.0064631551918638026,0.46296296296296297,MID_VOL,MID_BREADTH,NORMAL
2024-11-01,BEAR,0.006086081531409948,0.4351851851851852,LOW_VOL,MID_BREADTH,NORMAL
2024-11-04,BEAR,0.0060920522587166,0.4166666666666667,LOW_VOL,MID_BREADTH,NORMAL
2024-11-05,BEAR,0.005486519593321733,0.4444444444444444,LOW_VOL,MID_BREADTH,NORMAL
2024-11-06,BEAR,0.005242564402721611,0.39814814814814814,LOW_VOL,NARROW,NORMAL
2024-11-07,BEAR,0.005415863134644008,0.46296296296296297,LOW_VOL,MID_BREADTH,NORMAL
2024-11-08,BEAR,0.005370734426481061,0.42592592592592593,LOW_VOL,MID_BREADTH,NORMAL
2024-11-11,BEAR,0.0053634798910093704,0.49074074074074076,LOW_VOL,MID_BREADTH,NORMAL
2024-11-12,BEAR,0.006864135619568751,0.4351851851851852,MID_VOL,MID_BREADTH,NORMAL
2024-11-13,BEAR,0.0067936128896192395,0.4166666666666667,MID_VOL,MID_BREADTH,NORMAL
2024-11-14,BEAR,0.007188905572887244,0.35185185185185186,MID_VOL,NARROW,NORMAL
2024-11-15,BEAR,0.0070669810173913114,0.3888888888888889,MID_VOL,NARROW,NORMAL
2024-11-18,BEAR,0.007117982996028312,0.4166666666666667,MID_VOL,MID_BREADTH,NORMAL
2024-11-19,BEAR,0.007426967728436674,0.4537037037037037,MID_VOL,MID_BREADTH,NORMAL
2024-11-20,BEAR,0.0074741964576673335,0.4537037037037037,MID_VOL,MID_BREADTH,NORMAL
2024-11-21,BEAR,0.007375856984862187,0.4166666666666667,MID_VOL,MID_BREADTH,NORMAL
2024-11-22,BEAR,0.0073922735801592605,0.4537037037037037,MID_VOL,MID_BREADTH,NORMAL
2024-11-25,BEAR,0.007559236604423465,0.5462962962962963,MID_VOL,MID_BREADTH,NORMAL
2024-11-26,BEAR,0.007662700474709935,0.49074074074074076,MID_VOL,MID_BREADTH,NORMAL
2024-11-27,BEAR,0.008239029740804153,0.4074074074074074,MID_VOL,NARROW,NORMAL
2024-11-28,BEAR,0.008406024290021605,0.3425925925925926,MID_VOL,NARROW,NORMAL
2024-11-29,BEAR,0.008368309663088953,0.3611111111111111,MID_VOL,NARROW,NORMAL
2024-12-02,BEAR,0.00855361216401789,0.4444444444444444,MID_VOL,MID_BREADTH,NORMAL
2024-12-03,BEAR,0.008640737769054208,0.49074074074074076,MID_VOL,MID_BREADTH,NORMAL
2024-12-04,BEAR,0.008664433838273181,0.5,MID_VOL,MID_BREADTH,NORMAL
2024-12-05,BEAR,0.008199370221513734,0.49074074074074076,MID_VOL,MID_BREADTH,NORMAL
2024-12-06,BEAR,0.008183909554113302,0.4722222222222222,MID_VOL,MID_BREADTH,NORMAL
2024-12-09,BEAR,0.008191596643631848,0.4722222222222222,MID_VOL,MID_BREADTH,NORMAL
2024-12-10,BEAR,0.007122617719030212,0.4537037037037037,MID_VOL,MID_BREADTH,NORMAL
2024-12-11,BEAR,0.007263617585683433,0.4166666666666667,MID_VOL,MID_BREADTH,NORMAL
2024-12-12,BEAR,0.006841295878107666,0.4351851851851852,MID_VOL,MID_BREADTH,NORMAL
2024-12-13,BEAR,0.006850589303146928,0.3888888888888889,MID_VOL,NARROW,NORMAL
2024-12-16,BEAR,0.007034236595658083,0.3611111111111111,MID_VOL,NARROW,NORMAL
2024-12-17,BEAR,0.006677522381271115,0.3333333333333333,MID_VOL,NARROW,NORMAL
2024-12-18,BEAR,0.006745339810058331,0.35185185185185186,MID_VOL,NARROW,NORMAL
2024-12-19,BEAR,0.007047589312375514,0.2777777777777778,MID_VOL,NARROW,NORMAL
2024-12-20,BEAR,0.007245817843990505,0.23148148148148148,MID_VOL,NARROW,NORMAL
2024-12-23,BEAR,0.007830117992708377,0.3425925925925926,MID_VOL,NARROW,NORMAL
2024-12-24,BEAR,0.007793951551688647,0.35185185185185186,MID_VOL,NARROW,NORMAL
2024-12-25,BEAR,0.006874943212435973,0.37037037037037035,MID_VOL,NARROW,NORMAL
2024-12-26,BEAR,0.006628844136835197,0.39814814814814814,MID_VOL,NARROW,NORMAL
2024-12-27,BEAR,0.006631238893849136,0.37962962962962965,MID_VOL,NARROW,NORMAL
2024-12-30,BEAR,0.006526372836653962,0.3425925925925926,MID_VOL,NARROW,NORMAL
2024-12-31,BEAR,0.006199540427337961,0.3333333333333333,LOW_VOL,NARROW,NORMAL
2025-01-02,BEAR,0.006110842272501351,0.2962962962962963,LOW_VOL,NARROW,NORMAL
2025-01-03,BEAR,0.006110049205327197,0.2777777777777778,LOW_VOL,NARROW,NORMAL
2025-01-06,BEAR,0.0070805668061896705,0.3611111111111111,MID_VOL,NARROW,NORMAL
2025-01-07,BEAR,0.007074332769095307,0.35185185185185186,MID_VOL,NARROW,NORMAL
2025-01-08,BEAR,0.007065411859622429,0.3611111111111111,MID_VOL,NARROW,NORMAL
2025-01-09,BEAR,0.008137035205066132,0.25,MID_VOL,NARROW,NORMAL
2025-01-10,BEAR,0.008108047883878273,0.24074074074074073,MID_VOL,NARROW,NORMAL
2025-01-13,BEAR,0.008794007608546123,0.18518518518518517,HIGH_VOL,NARROW,NORMAL
2025-01-14,BEAR,0.009359765976464502,0.2777777777777778,HIGH_VOL,NARROW,NORMAL
2025-01-15,BEAR,0.009324266453467298,0.23148148148148148,HIGH_VOL,NARROW,NORMAL
2025-01-16,BEAR,0.009565952911673658,0.2777777777777778,HIGH_VOL,NARROW,NORMAL
2025-01-17,BEAR,0.009503806450698407,0.28703703703703703,HIGH_VOL,NARROW,NORMAL
2025-01-20,BEAR,0.009276125793031819,0.3148148148148148,HIGH_VOL,NARROW,NORMAL
2025-01-21,BEAR,0.008627615365823321,0.32407407407407407,MID_VOL,NARROW,NORMAL
2025-01-22,BEAR,0.008792227745379905,0.3425925925925926,HIGH_VOL,NARROW,NORMAL
2025-02-03,BEAR,0.00918344171474822,0.37037037037037035,HIGH_VOL,NARROW,NORMAL
2025-02-04,BEAR,0.009299209318181562,0.32407407407407407,HIGH_VOL,NARROW,NORMAL
2025-02-05,BEAR,0.009833881140560578,0.37037037037037035,HIGH_VOL,NARROW,NORMAL
2025-02-06,BEAR,0.009957103553130914,0.42592592592592593,HIGH_VOL,MID_BREADTH,NORMAL
2025-02-07,BEAR,0.009903174825868026,0.39814814814814814,HIGH_VOL,NARROW,NORMAL
2025-02-10,BEAR,0.009879672471095918,0.37962962962962965,HIGH_VOL,NARROW,NORMAL
2025-02-11,BEAR,0.009862765705831777,0.3611111111111111,HIGH_VOL,NARROW,NORMAL
2025-02-12,BEAR,0.00930652090542858,0.3888888888888889,HIGH_VOL,NARROW,NORMAL
2025-02-13,BEAR,0.010172192685500294,0.48148148148148145,HIGH_VOL,MID_BREADTH,NORMAL
2025-02-14,BULL,0.01014588768298603,0.5092592592592593,HIGH_VOL,MID_BREADTH,NORMAL
2025-02-17,BULL,0.009018275729332673,0.5185185185185185,HIGH_VOL,MID_BREADTH,NORMAL
2025-02-18,BULL,0.008928369945064626,0.5370370370370371,HIGH_VOL,MID_BREADTH,NORMAL
2025-02-19,BULL,0.007510215937524173,0.5555555555555556,MID_VOL,MID_BREADTH,NORMAL
2025-02-20,BULL,0.007197909577976424,0.5740740740740741,MID_VOL,MID_BREADTH,NORMAL
2025-02-21,BULL,0.007093750648410829,0.6944444444444444,MID_VOL,BROAD,NORMAL
2025-02-24,BULL,0.006973003194432641,0.6944444444444444,MID_VOL,BROAD,NORMAL
2025-02-25,BULL,0.0071189550376067855,0.6666666666666666,MID_VOL,BROAD,NORMAL
2025-02-26,BULL,0.007105691019583147,0.7129629629629629,MID_VOL,BROAD,NORMAL
2025-02-27,BULL,0.007597914861746118,0.6481481481481481,MID_VOL,BROAD,NORMAL
2025-03-03,BEAR,0.00792253806450495,0.5740740740740741,MID_VOL,MID_BREADTH,NORMAL
2025-03-04,BEAR,0.0072279233529702796,0.5092592592592593,MID_VOL,MID_BREADTH,NORMAL
2025-03-05,BULL,0.006990936335623408,0.5925925925925926,MID_VOL,MID_BREADTH,NORMAL
2025-03-06,BULL,0.00665427527675078,0.5925925925925926,MID_VOL,MID_BREADTH,NORMAL
2025-03-07,BULL,0.006587187987611176,0.5555555555555556,MID_VOL,MID_BREADTH,NORMAL
2025-03-10,BULL,0.006581963582598848,0.5462962962962963,MID_VOL,MID_BREADTH,NORMAL
2025-03-11,BEAR,0.006971661505240987,0.49074074074074076,MID_VOL,MID_BREADTH,NORMAL
2025-03-12,BEAR,0.0069748620070172575,0.4722222222222222,MID_VOL,MID_BREADTH,NORMAL
2025-03-13,BEAR,0.007753720451068187,0.4351851851851852,MID_VOL,MID_BREADTH,NORMAL
2025-03-14,BEAR,0.00663647586229527,0.4722222222222222,MID_VOL,MID_BREADTH,NORMAL
2025-03-17,BEAR,0.006666153266928299,0.49074074074074076,MID_VOL,MID_BREADTH,NORMAL
2025-03-18,BULL,0.0066357286469611535,0.5648148148148148,MID_VOL,MID_BREADTH,NORMAL
2025-03-19,BEAR,0.006834362219628566,0.5,MID_VOL,MID_BREADTH,NORMAL
2025-03-20,BULL,0.007178137460109326,0.5555555555555556,MID_VOL,MID_BREADTH,NORMAL
2025-03-21,BEAR,0.007248274407342492,0.5092592592592593,MID_VOL,MID_BREADTH,NORMAL
2025-03-24,BEAR,0.006942839937666727,0.5185185185185185,MID_VOL,MID_BREADTH,NORMAL
2025-03-25,BEAR,0.006928330717434611,0.49074074074074076,MID_VOL,MID_BREADTH,NORMAL
2025-03-26,BEAR,0.007069730431576587,0.5092592592592593,MID_VOL,MID_BREADTH,NORMAL
2025-03-27,BEAR,0.007184084837919067,0.4444444444444444,MID_VOL,MID_BREADTH,NORMAL
2025-03-28,BEAR,0.008111533052001995,0.35185185185185186,MID_VOL,NARROW,NORMAL
2025-03-31,BEAR,0.011566782637604163,0.2222222222222222,HIGH_VOL,NARROW,SHOCK_5D
2025-04-01,BEAR,0.012752223126250354,0.26851851851851855,HIGH_VOL,NARROW,NORMAL
2025-04-02,BEAR,0.012530468772196176,0.3055555555555556,HIGH_VOL,NARROW,NORMAL
2025-04-07,BEAR,0.02511601442974887,0.046296296296296294,HIGH_VOL,NARROW,SHOCK_5D
2025-04-08,BEAR,0.02616308306733375,0.05555555555555555,HIGH_VOL,NARROW,SHOCK_5D
2025-04-09,BEAR,0.029463965281844938,0.027777777777777776,HIGH_VOL,NARROW,SHOCK_5D
2025-04-10,BEAR,0.03691454212737156,0.10185185185185185,HIGH_VOL,NARROW,SHOCK_5D
2025-04-11,BEAR,0.03737502436366455,0.09259259259259259,HIGH_VOL,NARROW,SHOCK_5D
2025-04-14,BEAR,0.037708838311622375,0.12037037037037036,HIGH_VOL,NARROW,NORMAL
2025-04-15,BEAR,0.038082629536973264,0.1111111111111111,HIGH_VOL,NARROW,NORMAL
2025-04-16,BEAR,0.03811331015214829,0.1111111111111111,HIGH_VOL,NARROW,NORMAL
2025-04-17,BEAR,0.03794299824278278,0.08333333333333333,HIGH_VOL,NARROW,NORMAL
2025-04-18,BEAR,0.0379951541164472,0.09259259259259259,HIGH_VOL,NARROW,NORMAL
2025-04-21,BEAR,0.03783415598425409,0.06481481481481481,HIGH_VOL,NARROW,NORMAL
2025-04-22,BEAR,0.037838172954459126,0.06481481481481481,HIGH_VOL,NARROW,NORMAL
2025-04-23,BEAR,0.03874026731256269,0.08333333333333333,HIGH_VOL,NARROW,NORMAL
2025-04-24,BEAR,0.03873817020526682,0.10185185185185185,HIGH_VOL,NARROW,NORMAL
2025-04-25,BEAR,0.03886664325148113,0.10185185185185185,HIGH_VOL,NARROW,NORMAL
2025-04-28,BEAR,0.038955263384731105,0.12037037037037036,HIGH_VOL,NARROW,NORMAL
2025-04-29,BEAR,0.0389850911374632,0.1574074074074074,HIGH_VOL,NARROW,NORMAL
2025-04-30,BEAR,0.038081087556767194,0.1388888888888889,HIGH_VOL,NARROW,NORMAL
2025-05-02,BEAR,0.03801473679415726,0.21296296296296297,HIGH_VOL,NARROW,NORMAL
2025-05-05,BEAR,0.03800289392700308,0.2037037037037037,HIGH_VOL,NARROW,NORMAL
2025-05-06,BEAR,0.03031681857122268,0.28703703703703703,HIGH_VOL,NARROW,NORMAL
2025-05-07,BEAR,0.02857790128384127,0.26851851851851855,HIGH_VOL,NARROW,NORMAL
2025-05-08,BEAR,0.022220104319514374,0.2777777777777778,HIGH_VOL,NARROW,NORMAL
2025-05-09,BEAR,0.012666188875201939,0.3055555555555556,HIGH_VOL,NARROW,NORMAL
2025-05-12,BEAR,0.012290643320081838,0.3611111111111111,HIGH_VOL,NARROW,NORMAL
2025-05-13,BEAR,0.01196847898812311,0.37962962962962965,HIGH_VOL,NARROW,NORMAL
2025-05-14,BEAR,0.011464633578674234,0.4444444444444444,HIGH_VOL,MID_BREADTH,NORMAL
2025-05-15,BEAR,0.010517186660956563,0.42592592592592593,HIGH_VOL,MID_BREADTH,NORMAL
2025-05-16,BEAR,0.01034538924116722,0.5092592592592593,HIGH_VOL,MID_BREADTH,NORMAL
2025-05-19,BEAR,0.010776069532542325,0.4351851851851852,HIGH_VOL,MID_BREADTH,NORMAL
2025-05-20,BEAR,0.009859344617689343,0.49074074074074076,HIGH_VOL,MID_BREADTH,NORMAL
2025-05-21,BEAR,0.009083685910239881,0.5370370370370371,HIGH_VOL,MID_BREADTH,NORMAL
2025-05-22,BEAR,0.00776652681964013,0.49074074074074076,MID_VOL,MID_BREADTH,NORMAL
2025-05-23,BEAR,0.007685520474547582,0.49074074074074076,MID_VOL,MID_BREADTH,NORMAL
2025-05-26,BEAR,0.007628425772043828,0.48148148148148145,MID_VOL,MID_BREADTH,NORMAL
2025-05-27,BEAR,0.008031281987208377,0.4351851851851852,MID_VOL,MID_BREADTH,NORMAL
2025-05-28,BEAR,0.007736837240922387,0.4722222222222222,MID_VOL,MID_BREADTH,NORMAL
2025-05-29,BEAR,0.007624873599647527,0.4537037037037037,MID_VOL,MID_BREADTH,NORMAL
2025-06-02,BEAR,0.0075457562995757425,0.37962962962962965,MID_VOL,NARROW,NORMAL
2025-06-03,BEAR,0.007405695208326897,0.4074074074074074,MID_VOL,NARROW,NORMAL
2025-06-04,BEAR,0.0075295877879657976,0.48148148148148145,MID_VOL,MID_BREADTH,NORMAL
2025-06-05,BEAR,0.00746181079546486,0.4537037037037037,MID_VOL,MID_BREADTH,NORMAL
2025-06-06,BEAR,0.007445676567091236,0.4722222222222222,MID_VOL,MID_BREADTH,NORMAL
2025-06-09,BEAR,0.007281681726586507,0.48148148148148145,MID_VOL,MID_BREADTH,NORMAL
2025-06-10,BEAR,0.0070490222074703875,0.5370370370370371,MID_VOL,MID_BREADTH,NORMAL
2025-06-11,BEAR,0.007024186279240522,0.5833333333333334,MID_VOL,MID_BREADTH,NORMAL
2025-06-12,BEAR,0.006532090135028537,0.5925925925925926,MID_VOL,MID_BREADTH,NORMAL
2025-06-13,BEAR,0.006766003197317452,0.5555555555555556,MID_VOL,MID_BREADTH,NORMAL
2025-06-16,BEAR,0.006551400646586674,0.5648148148148148,MID_VOL,MID_BREADTH,NORMAL
2025-06-17,BEAR,0.006223394905232657,0.5740740740740741,LOW_VOL,MID_BREADTH,NORMAL
2025-06-18,BEAR,0.00622498842883527,0.5740740740740741,LOW_VOL,MID_BREADTH,NORMAL
2025-06-19,BEAR,0.0067714245767544826,0.4722222222222222,MID_VOL,MID_BREADTH,NORMAL
2025-06-20,BEAR,0.007129001483998876,0.4166666666666667,MID_VOL,MID_BREADTH,NORMAL
2025-06-23,BEAR,0.007147086779204221,0.39814814814814814,MID_VOL,NARROW,NORMAL
2025-06-24,BEAR,0.008201235735570115,0.4537037037037037,MID_VOL,MID_BREADTH,NORMAL
2025-06-25,BEAR,0.008090623911452948,0.5277777777777778,MID_VOL,MID_BREADTH,NORMAL
2025-06-26,BEAR,0.008175661526091125,0.5185185185185185,MID_VOL,MID_BREADTH,NORMAL
2025-06-27,BEAR,0.008268644385592525,0.5740740740740741,MID_VOL,MID_BREADTH,NORMAL
2025-06-30,BEAR,0.00791560361563131,0.5555555555555556,MID_VOL,MID_BREADTH,NORMAL
2025-07-01,BEAR,0.007997907009260181,0.6018518518518519,MID_VOL,BROAD,NORMAL
2025-07-02,BEAR,0.007706683854211559,0.6018518518518519,MID_VOL,BROAD,NORMAL
2025-07-03,BEAR,0.008000461853962328,0.6388888888888888,MID_VOL,BROAD,NORMAL
2025-07-04,BEAR,0.008214271902578535,0.6018518518518519,MID_VOL,BROAD,NORMAL
2025-07-07,BEAR,0.008317405305666424,0.5648148148148148,MID_VOL,MID_BREADTH,NORMAL
2025-07-08,BEAR,0.008347142350377028,0.5185185185185185,MID_VOL,MID_BREADTH,NORMAL
2025-07-09,BEAR,0.00827121680390482,0.49074074074074076,MID_VOL,MID_BREADTH,NORMAL
2025-07-10,BEAR,0.0082748848203508,0.5,MID_VOL,MID_BREADTH,NORMAL
2025-07-11,BEAR,0.008190935040109332,0.5462962962962963,MID_VOL,MID_BREADTH,NORMAL
2025-07-14,BEAR,0.008199465589351043,0.5370370370370371,MID_VOL,MID_BREADTH,NORMAL
2025-07-15,BEAR,0.00822324113629293,0.5277777777777778,MID_VOL,MID_BREADTH,NORMAL
2025-07-16,BEAR,0.008200167970046628,0.5277777777777778,MID_VOL,MID_BREADTH,NORMAL
2025-07-17,BEAR,0.007580264105366618,0.5370370370370371,MID_VOL,MID_BREADTH,NORMAL
2025-07-18,BEAR,0.006846306307545163,0.5370370370370371,MID_VOL,MID_BREADTH,NORMAL
2025-07-21,BEAR,0.0066916971738490575,0.5370370370370371,MID_VOL,MID_BREADTH,NORMAL
2025-07-22,BEAR,0.006755394110750388,0.46296296296296297,MID_VOL,MID_BREADTH,NORMAL
2025-07-23,BEAR,0.00803150729185301,0.5833333333333334,MID_VOL,MID_BREADTH,NORMAL
2025-07-24,BEAR,0.007976991258795692,0.5277777777777778,MID_VOL,MID_BREADTH,NORMAL
2025-07-25,BEAR,0.007908223238857088,0.5092592592592593,MID_VOL,MID_BREADTH,NORMAL
2025-07-28,BEAR,0.007483580037253465,0.5,MID_VOL,MID_BREADTH,NORMAL
2025-07-29,BEAR,0.007591187766607545,0.4444444444444444,MID_VOL,MID_BREADTH,NORMAL
2025-07-30,BULL,0.007809372004046076,0.5,MID_VOL,MID_BREADTH,NORMAL
2025-07-31,BEAR,0.007578796728882255,0.39814814814814814,MID_VOL,NARROW,NORMAL
2025-08-01,BULL,0.007407963045813255,0.4074074074074074,MID_VOL,NARROW,NORMAL
2025-08-04,BULL,0.007255181168099643,0.46296296296296297,MID_VOL,MID_BREADTH,NORMAL
2025-08-05,BULL,0.006967884219050787,0.5277777777777778,MID_VOL,MID_BREADTH,NORMAL
2025-08-06,BULL,0.006979325488657695,0.5,MID_VOL,MID_BREADTH,NORMAL
2025-08-07,BULL,0.006993883357352347,0.5,MID_VOL,MID_BREADTH,NORMAL
2025-08-08,BULL,0.006961266642871561,0.5,MID_VOL,MID_BREADTH,NORMAL
2025-08-11,BULL,0.0069101105612664904,0.4722222222222222,MID_VOL,MID_BREADTH,NORMAL
2025-08-12,BULL,0.006914290434485867,0.48148148148148145,MID_VOL,MID_BREADTH,NORMAL
2025-08-13,BULL,0.006950277471528926,0.4444444444444444,MID_VOL,MID_BREADTH,NORMAL
2025-08-14,BULL,0.006838620352436209,0.5277777777777778,MID_VOL,MID_BREADTH,NORMAL
2025-08-15,BULL,0.006836064181236291,0.5185185185185185,MID_VOL,MID_BREADTH,NORMAL
2025-08-18,BULL,0.006921583909107597,0.5462962962962963,MID_VOL,MID_BREADTH,NORMAL
2025-08-19,BULL,0.006373032391453563,0.5092592592592593,MID_VOL,MID_BREADTH,NORMAL
2025-08-20,BULL,0.005908830058244374,0.39814814814814814,LOW_VOL,NARROW,NORMAL
2025-08-21,BULL,0.006371597675158733,0.48148148148148145,MID_VOL,MID_BREADTH,NORMAL
2025-08-22,BULL,0.006526887226054171,0.4074074074074074,MID_VOL,NARROW,NORMAL
2025-08-25,BULL,0.006881553621188595,0.48148148148148145,MID_VOL,MID_BREADTH,NORMAL
2025-08-26,BULL,0.0066652264386249235,0.3888888888888889,MID_VOL,NARROW,NORMAL
2025-08-27,BULL,0.006469139779008934,0.42592592592592593,MID_VOL,MID_BREADTH,NORMAL
2025-08-28,BULL,0.006307835859540363,0.4166666666666667,LOW_VOL,MID_BREADTH,NORMAL
2025-08-29,BULL,0.006286924559312351,0.4074074074074074,LOW_VOL,NARROW,NORMAL
2025-09-01,BULL,0.006890566546149275,0.3888888888888889,MID_VOL,NARROW,NORMAL
2025-09-02,BULL,0.0067472192678730974,0.3888888888888889,MID_VOL,NARROW,NORMAL
2025-09-03,BULL,0.006781854259963776,0.39814814814814814,MID_VOL,NARROW,NORMAL
2025-09-04,BULL,0.007147482485351654,0.5092592592592593,MID_VOL,MID_BREADTH,NORMAL
2025-09-05,BULL,0.0071795190888743685,0.5185185185185185,MID_VOL,MID_BREADTH,NORMAL
2025-09-08,BULL,0.007213319745424786,0.5,MID_VOL,MID_BREADTH,NORMAL
2025-09-09,BULL,0.007229209336975056,0.5370370370370371,MID_VOL,MID_BREADTH,NORMAL
2025-09-10,BULL,0.007239132733536571,0.5555555555555556,MID_VOL,MID_BREADTH,NORMAL
2025-09-11,BULL,0.007572949704655126,0.4537037037037037,MID_VOL,MID_BREADTH,NORMAL
2025-09-12,BULL,0.007773580505134087,0.5462962962962963,MID_VOL,MID_BREADTH,NORMAL
2025-09-15,BULL,0.0076940402158769995,0.5370370370370371,MID_VOL,MID_BREADTH,NORMAL
2025-09-16,BULL,0.007377496747322847,0.5370370370370371,MID_VOL,MID_BREADTH,NORMAL
2025-09-17,BULL,0.006428000998709794,0.5370370370370371,MID_VOL,MID_BREADTH,NORMAL
2025-09-18,BULL,0.006357923155927229,0.5370370370370371,MID_VOL,MID_BREADTH,NORMAL
2025-09-19,BULL,0.006107472689191532,0.5277777777777778,LOW_VOL,MID_BREADTH,NORMAL
2025-09-22,BULL,0.0057770289951474965,0.5555555555555556,LOW_VOL,MID_BREADTH,NORMAL
2025-09-23,BULL,0.0057528665791745336,0.5370370370370371,LOW_VOL,MID_BREADTH,NORMAL
2025-09-24,BULL,0.005750959050603115,0.5185185185185185,LOW_VOL,MID_BREADTH,NORMAL
2025-09-25,BULL,0.005748354922802704,0.5555555555555556,LOW_VOL,MID_BREADTH,NORMAL
2025-09-26,BULL,0.0072352713641366,0.49074074074074076,MID_VOL,MID_BREADTH,NORMAL
2025-09-30,BULL,0.007189049881897591,0.5462962962962963,MID_VOL,MID_BREADTH,NORMAL
2025-10-01,BULL,0.007140457149735184,0.5185185185185185,MID_VOL,MID_BREADTH,NORMAL
2025-10-02,BULL,0.007135120611695881,0.5,MID_VOL,MID_BREADTH,NORMAL
2025-10-03,BULL,0.006846625339508577,0.4722222222222222,MID_VOL,MID_BREADTH,NORMAL
2025-10-07,BULL,0.007166152344734011,0.48148148148148145,MID_VOL,MID_BREADTH,NORMAL
2025-10-08,BULL,0.007142200499660503,0.5092592592592593,MID_VOL,MID_BREADTH,NORMAL
2025-10-09,BULL,0.007121393853894191,0.5092592592592593,MID_VOL,MID_BREADTH,NORMAL
2025-10-13,BULL,0.007436797940787707,0.4537037037037037,MID_VOL,MID_BREADTH,NORMAL
2025-10-14,BULL,0.007327750497293442,0.4444444444444444,MID_VOL,MID_BREADTH,NORMAL
2025-10-15,BULL,0.007171892278721672,0.4444444444444444,MID_VOL,MID_BREADTH,NORMAL
2025-10-16,BULL,0.007514308375074882,0.48148148148148145,MID_VOL,MID_BREADTH,NORMAL
2025-10-17,BULL,0.0074965721468599235,0.4722222222222222,MID_VOL,MID_BREADTH,NORMAL
2025-10-20,BULL,0.0074910896260248425,0.49074074074074076,MID_VOL,MID_BREADTH,NORMAL
2025-10-21,BULL,0.007201197109450008,0.48148148148148145,MID_VOL,MID_BREADTH,NORMAL
2025-10-22,BULL,0.007263788655644742,0.5277777777777778,MID_VOL,MID_BREADTH,NORMAL
2025-10-23,BULL,0.007269318080085009,0.5092592592592593,MID_VOL,MID_BREADTH,NORMAL
2025-10-27,BULL,0.007333505799702615,0.49074074074074076,MID_VOL,MID_BREADTH,NORMAL
2025-10-28,BULL,0.007353448987297589,0.49074074074074076,MID_VOL,MID_BREADTH,NORMAL
2025-10-29,BULL,0.0073598879846693095,0.4537037037037037,MID_VOL,MID_BREADTH,NORMAL
2025-10-30,BULL,0.005802028689923328,0.4722222222222222,LOW_VOL,MID_BREADTH,NORMAL
2025-10-31,BULL,0.005343484521735082,0.42592592592592593,LOW_VOL,MID_BREADTH,NORMAL
2025-11-03,BULL,0.005311382418045331,0.4166666666666667,LOW_VOL,MID_BREADTH,NORMAL
2025-11-04,BULL,0.0059502207639641,0.39814814814814814,LOW_VOL,NARROW,NORMAL
2025-11-05,BULL,0.0059295906801675085,0.37962962962962965,LOW_VOL,NARROW,NORMAL
2025-11-06,BULL,0.006029792378859259,0.46296296296296297,LOW_VOL,MID_BREADTH,NORMAL
2025-11-07,BULL,0.0062420226657179615,0.4074074074074074,LOW_VOL,NARROW,NORMAL
2025-11-10,BULL,0.006290311061266869,0.39814814814814814,LOW_VOL,NARROW,NORMAL
2025-11-11,BULL,0.005906155448199352,0.3888888888888889,LOW_VOL,NARROW,NORMAL
2025-11-12,BULL,0.005959860430025344,0.48148148148148145,LOW_VOL,MID_BREADTH,NORMAL
2025-11-13,BULL,0.0059260249888523076,0.4351851851851852,LOW_VOL,MID_BREADTH,NORMAL
2025-11-14,BULL,0.006013137019888275,0.42592592592592593,LOW_VOL,MID_BREADTH,NORMAL
2025-11-17,BULL,0.006079140668614909,0.39814814814814814,LOW_VOL,NARROW,NORMAL
2025-11-18,BULL,0.0077395742777692815,0.3333333333333333,MID_VOL,NARROW,NORMAL
2025-11-19,BULL,0.007745161340482971,0.3055555555555556,MID_VOL,NARROW,NORMAL
2025-11-20,BULL,0.008628328949374542,0.3611111111111111,MID_VOL,NARROW,NORMAL
2025-11-21,BULL,0.009666921985027036,0.2962962962962963,HIGH_VOL,NARROW,NORMAL
2025-11-24,BULL,0.009937982849967187,0.3888888888888889,HIGH_VOL,NARROW,NORMAL
2025-11-25,BULL,0.009997206189228338,0.3611111111111111,HIGH_VOL,NARROW,NORMAL
2025-11-26,BULL,0.010653017998257786,0.4537037037037037,HIGH_VOL,MID_BREADTH,NORMAL
2025-11-27,BULL,0.010840599720839622,0.5092592592592593,HIGH_VOL,MID_BREADTH,NORMAL
2025-11-28,BULL,0.010797536217211605,0.5092592592592593,HIGH_VOL,MID_BREADTH,NORMAL
2025-12-01,BULL,0.010803237291173669,0.5277777777777778,HIGH_VOL,MID_BREADTH,NORMAL
2025-12-02,BULL,0.010541454749416984,0.5740740740740741,HIGH_VOL,MID_BREADTH,NORMAL
2025-12-03,BULL,0.010519810044970008,0.5740740740740741,HIGH_VOL,MID_BREADTH,NORMAL
2025-12-04,BULL,0.010205708416399832,0.5648148148148148,HIGH_VOL,MID_BREADTH,NORMAL
2025-12-05,BULL,0.01004892160736094,0.5277777777777778,HIGH_VOL,MID_BREADTH,NORMAL
2025-12-08,BULL,0.010027137243020361,0.49074074074074076,HIGH_VOL,MID_BREADTH,NORMAL
2025-12-09,BULL,0.010046344093360256,0.48148148148148145,HIGH_VOL,MID_BREADTH,NORMAL
2025-12-10,BULL,0.009746066016698302,0.49074074074074076,HIGH_VOL,MID_BREADTH,NORMAL
2025-12-11,BULL,0.00973596514237387,0.4537037037037037,HIGH_VOL,MID_BREADTH,NORMAL
2025-12-12,BULL,0.009557181011326623,0.48148148148148145,HIGH_VOL,MID_BREADTH,NORMAL
2025-12-15,BULL,0.009482297593356238,0.5,HIGH_VOL,MID_BREADTH,NORMAL
2025-12-16,BULL,0.008433192005690253,0.42592592592592593,MID_VOL,MID_BREADTH,NORMAL
2025-12-17,BULL,0.008347288537716237,0.3888888888888889,MID_VOL,NARROW,NORMAL
2025-12-18,BULL,0.007566354755723848,0.39814814814814814,MID_VOL,NARROW,NORMAL
2025-12-19,BULL,0.006044092755219861,0.49074074074074076,LOW_VOL,MID_BREADTH,NORMAL
2025-12-22,BULL,0.005929247840930462,0.5185185185185185,LOW_VOL,MID_BREADTH,NORMAL
2025-12-23,BULL,0.0060281589456899695,0.5185185185185185,LOW_VOL,MID_BREADTH,NORMAL
2025-12-24,BULL,0.005062396150620458,0.5,LOW_VOL,MID_BREADTH,NORMAL
2025-12-26,BULL,0.0047205279832989114,0.5,LOW_VOL,MID_BREADTH,NORMAL
2025-12-29,BULL,0.004764544815603602,0.5277777777777778,LOW_VOL,MID_BREADTH,NORMAL
2025-12-30,BULL,0.004715623064847097,0.5,LOW_VOL,MID_BREADTH,NORMAL
2025-12-31,BULL,0.00466586757375748,0.5,LOW_VOL,MID_BREADTH,NORMAL
2026-01-02,BULL,0.004745928286871644,0.5185185185185185,LOW_VOL,MID_BREADTH,NORMAL
2026-01-05,BULL,0.004745804063647575,0.49074074074074076,LOW_VOL,MID_BREADTH,NORMAL
2026-01-06,BULL,0.005348949473755574,0.5,LOW_VOL,MID_BREADTH,NORMAL
2026-01-07,BULL,0.006287724502702813,0.5833333333333334,LOW_VOL,MID_BREADTH,NORMAL
2026-01-08,BULL,0.006307961762075979,0.5370370370370371,LOW_VOL,MID_BREADTH,NORMAL
2026-01-09,BULL,0.006341359159774571,0.5462962962962963,MID_VOL,MID_BREADTH,NORMAL
2026-01-12,BULL,0.0066367383778359965,0.5833333333333334,MID_VOL,MID_BREADTH,NORMAL
2026-01-13,BULL,0.006643886236456318,0.5740740740740741,MID_VOL,MID_BREADTH,NORMAL
2026-01-14,BULL,0.006877804288515305,0.6388888888888888,MID_VOL,BROAD,NORMAL
2026-01-15,BULL,0.00606655415729709,0.6574074074074074,LOW_VOL,BROAD,NORMAL
2026-01-16,BULL,0.006275382339467498,0.6759259259259259,LOW_VOL,BROAD,NORMAL
2026-01-19,BULL,0.006285826053105065,0.6759259259259259,LOW_VOL,BROAD,NORMAL
2026-01-20,BULL,0.006170913991363245,0.6481481481481481,LOW_VOL,BROAD,NORMAL
2026-01-21,BULL,0.006937078234574763,0.5740740740740741,MID_VOL,MID_BREADTH,NORMAL
2026-01-22,BULL,0.006846916383897697,0.6111111111111112,MID_VOL,BROAD,NORMAL
2026-01-23,BULL,0.006885562274650852,0.5925925925925926,MID_VOL,MID_BREADTH,NORMAL
2026-01-26,BULL,0.007193088932703347,0.6481481481481481,MID_VOL,BROAD,NORMAL
2026-01-27,BULL,0.007316206936314854,0.6296296296296297,MID_VOL,BROAD,NORMAL
2026-01-28,BULL,0.007302200900079221,0.6111111111111112,MID_VOL,BROAD,NORMAL
2026-01-29,BULL,0.007401261469648638,0.5925925925925926,MID_VOL,MID_BREADTH,NORMAL
2026-01-30,BULL,0.008313311956990047,0.5185185185185185,MID_VOL,MID_BREADTH,NORMAL
2026-02-02,BULL,0.009275666584971011,0.5277777777777778,HIGH_VOL,MID_BREADTH,NORMAL
2026-02-03,BULL,0.009112762870184742,0.5462962962962963,HIGH_VOL,MID_BREADTH,NORMAL
2026-02-04,BULL,0.008810475480865408,0.6018518518518519,HIGH_VOL,BROAD,NORMAL
2026-02-05,BULL,0.009211930420221006,0.5833333333333334,HIGH_VOL,MID_BREADTH,NORMAL
2026-02-06,BULL,0.009443411068283628,0.5462962962962963,HIGH_VOL,MID_BREADTH,NORMAL
2026-02-09,BULL,0.009401241645740108,0.5740740740740741,HIGH_VOL,MID_BREADTH,NORMAL
2026-02-10,BULL,0.009398575869194431,0.6018518518518519,HIGH_VOL,BROAD,NORMAL
2026-02-11,BULL,0.00936393578706422,0.6481481481481481,HIGH_VOL,BROAD,NORMAL
2026-02-23,BULL,0.00963855306369869,0.7037037037037037,HIGH_VOL,BROAD,NORMAL
2026-02-24,BULL,0.009778987005566155,0.7037037037037037,HIGH_VOL,BROAD,NORMAL
2026-02-25,BULL,0.009697390646229155,0.7037037037037037,HIGH_VOL,BROAD,NORMAL
2026-02-26,BULL,0.00971481936347229,0.6759259259259259,HIGH_VOL,BROAD,NORMAL
2026-03-02,BULL,0.009282389749438262,0.6851851851851852,HIGH_VOL,BROAD,NORMAL
2026-03-03,BULL,0.010329314620100958,0.6018518518518519,HIGH_VOL,BROAD,NORMAL
2026-03-04,BULL,0.01447220278144877,0.4444444444444444,HIGH_VOL,MID_BREADTH,SHOCK_5D
2026-03-05,BULL,0.014906181070751376,0.5,HIGH_VOL,MID_BREADTH,NORMAL
2026-03-06,BULL,0.014920820317494992,0.5925925925925926,HIGH_VOL,MID_BREADTH,NORMAL
2026-03-09,BULL,0.01677763350264986,0.4074074074074074,HIGH_VOL,NARROW,SHOCK_5D
2026-03-10,BULL,0.017101193563356733,0.46296296296296297,HIGH_VOL,MID_BREADTH,NORMAL
2026-03-11,BULL,0.017943006311073963,0.5648148148148148,HIGH_VOL,MID_BREADTH,NORMAL
2026-03-12,BULL,0.017633320269220994,0.5185185185185185,HIGH_VOL,MID_BREADTH,NORMAL
2026-03-13,BULL,0.0175751514635448,0.48148148148148145,HIGH_VOL,MID_BREADTH,NORMAL
2026-03-16,BULL,0.017455055318052536,0.5,HIGH_VOL,MID_BREADTH,NORMAL
2026-03-17,BULL,0.017451042970109867,0.5462962962962963,HIGH_VOL,MID_BREADTH,NORMAL
2026-03-18,BULL,0.017393120230535065,0.5740740740740741,HIGH_VOL,MID_BREADTH,NORMAL
2026-03-19,BULL,0.017640725343184272,0.49074074074074076,HIGH_VOL,MID_BREADTH,NORMAL
2026-03-20,BULL,0.017641073448334398,0.5,HIGH_VOL,MID_BREADTH,NORMAL
2026-03-23,BULL,0.01847782019539062,0.37962962962962965,HIGH_VOL,NARROW,NORMAL
2026-03-24,BULL,0.01819729404546593,0.3611111111111111,HIGH_VOL,NARROW,NORMAL
2026-03-25,BULL,0.018464010473758483,0.4444444444444444,HIGH_VOL,MID_BREADTH,NORMAL
2026-03-26,BULL,0.018353380119196794,0.4351851851851852,HIGH_VOL,MID_BREADTH,NORMAL
2026-03-27,BULL,0.018277914535706083,0.37962962962962965,HIGH_VOL,NARROW,NORMAL
2026-03-30,BULL,0.01835448074778503,0.3425925925925926,HIGH_VOL,NARROW,NORMAL
2026-03-31,BULL,0.01864405164385914,0.2777777777777778,HIGH_VOL,NARROW,NORMAL
2026-04-01,BULL,0.017384639364615994,0.4166666666666667,HIGH_VOL,MID_BREADTH,NORMAL
2026-04-02,BULL,0.016868892581699067,0.3888888888888889,HIGH_VOL,NARROW,NORMAL
2026-04-07,BULL,0.01694648170153522,0.4351851851851852,HIGH_VOL,MID_BREADTH,NORMAL
2026-04-08,BULL,0.015849998603825282,0.48148148148148145,HIGH_VOL,MID_BREADTH,NORMAL
2026-04-09,BULL,0.01567370171881496,0.49074074074074076,HIGH_VOL,MID_BREADTH,NORMAL
2026-04-10,BULL,0.014569472073051393,0.5185185185185185,HIGH_VOL,MID_BREADTH,NORMAL
2026-04-13,BULL,0.014539184643635506,0.5092592592592593,HIGH_VOL,MID_BREADTH,NORMAL
2026-04-14,BULL,0.014647727062808953,0.5277777777777778,HIGH_VOL,MID_BREADTH,NORMAL
2026-04-15,BULL,0.014604067179888054,0.5370370370370371,HIGH_VOL,MID_BREADTH,NORMAL
2026-04-16,BULL,0.014607357698168547,0.5740740740740741,HIGH_VOL,MID_BREADTH,NORMAL
2026-04-17,BULL,0.01444556545988807,0.5462962962962963,HIGH_VOL,MID_BREADTH,NORMAL
2026-04-20,BULL,0.014040056177020605,0.5277777777777778,HIGH_VOL,MID_BREADTH,NORMAL
2026-04-21,BULL,0.014206877548314931,0.5277777777777778,HIGH_VOL,MID_BREADTH,NORMAL
2026-04-22,BULL,0.012537626706754231,0.5555555555555556,HIGH_VOL,MID_BREADTH,NORMAL
2026-04-23,BULL,0.013616149844583921,0.5185185185185185,HIGH_VOL,MID_BREADTH,NORMAL
2026-04-24,BULL,0.013093295057400449,0.5,HIGH_VOL,MID_BREADTH,NORMAL
2026-04-27,BULL,0.013028531998912022,0.5,HIGH_VOL,MID_BREADTH,NORMAL
2026-04-28,BULL,0.01300362449112141,0.49074074074074076,HIGH_VOL,MID_BREADTH,NORMAL
2026-04-29,BULL,0.012664594758903658,0.5185185185185185,HIGH_VOL,MID_BREADTH,NORMAL
2026-04-30,BULL,0.011146949894259729,0.49074074074074076,HIGH_VOL,MID_BREADTH,NORMAL
2026-05-04,BULL,0.009705604456563252,0.5,HIGH_VOL,MID_BREADTH,NORMAL
2026-05-05,BULL,0.00929268836616129,0.5185185185185185,HIGH_VOL,MID_BREADTH,NORMAL
2026-05-06,BULL,0.009425553930297466,0.5648148148148148,HIGH_VOL,MID_BREADTH,NORMAL
2026-05-07,BULL,0.008047689529107999,0.5740740740740741,MID_VOL,MID_BREADTH,NORMAL
2026-05-08,BULL,0.008066200693235328,0.6111111111111112,MID_VOL,BROAD,NORMAL
2026-05-11,BULL,0.008320079121840055,0.6481481481481481,MID_VOL,BROAD,NORMAL
2026-05-12,BULL,0.00857175950130511,0.5925925925925926,MID_VOL,MID_BREADTH,NORMAL
2026-05-13,BULL,0.008592183121404504,0.5833333333333334,MID_VOL,MID_BREADTH,NORMAL
2026-05-14,BULL,0.008596432808357127,0.5462962962962963,MID_VOL,MID_BREADTH,NORMAL
2026-05-15,BULL,0.008979103927096001,0.5277777777777778,HIGH_VOL,MID_BREADTH,NORMAL
2026-05-18,BULL,0.009072987843597466,0.49074074074074076,HIGH_VOL,MID_BREADTH,NORMAL
2026-05-19,BULL,0.009220739685853328,0.49074074074074076,HIGH_VOL,MID_BREADTH,NORMAL
2026-05-20,BULL,0.008859606942527378,0.48148148148148145,HIGH_VOL,MID_BREADTH,NORMAL
2026-05-21,BULL,0.010079800592228244,0.5555555555555556,HIGH_VOL,MID_BREADTH,NORMAL
2026-05-22,BULL,0.008995203474750989,0.5555555555555556,HIGH_VOL,MID_BREADTH,NORMAL
2026-05-25,BULL,0.009374904912068013,0.5555555555555556,HIGH_VOL,MID_BREADTH,NORMAL
2026-05-26,BULL,0.009342873946595292,0.5462962962962963,HIGH_VOL,MID_BREADTH,NORMAL
2026-05-27,BULL,0.009323568419156658,0.5648148148148148,HIGH_VOL,MID_BREADTH,NORMAL
2026-05-28,BULL,0.009732015525070338,0.5740740740740741,HIGH_VOL,MID_BREADTH,NORMAL
2026-05-29,BULL,0.01063635120283066,0.6388888888888888,HIGH_VOL,BROAD,NORMAL
2026-06-01,BULL,0.011490479220577698,0.6574074074074074,HIGH_VOL,BROAD,NORMAL
2026-06-02,BULL,0.01146649842678894,0.6944444444444444,HIGH_VOL,BROAD,NORMAL
2026-06-03,BULL,0.011847361963605202,0.7962962962962963,HIGH_VOL,BROAD,NORMAL
2026-06-04,BULL,0.012318175652117878,0.8055555555555556,HIGH_VOL,BROAD,NORMAL
2026-06-05,BULL,0.012948462703356365,0.8055555555555556,HIGH_VOL,BROAD,NORMAL
2026-06-08,BULL,0.015792609208302385,0.6851851851851852,HIGH_VOL,BROAD,NORMAL
2026-06-09,BULL,0.016810831339907996,0.7314814814814815,HIGH_VOL,BROAD,NORMAL
2026-06-10,BULL,0.01757972175278292,0.7314814814814815,HIGH_VOL,BROAD,SHOCK_5D
2026-06-11,BULL,0.017578832741908742,0.7314814814814815,HIGH_VOL,BROAD,NORMAL
2026-06-12,BULL,0.017396926506045282,0.7870370370370371,HIGH_VOL,BROAD,NORMAL
2026-06-15,BULL,0.0174462470238089,0.7777777777777778,HIGH_VOL,BROAD,NORMAL
2026-06-16,BULL,0.01723953236551777,0.75,HIGH_VOL,BROAD,NORMAL
2026-06-17,BULL,0.0171596249079094,0.75,HIGH_VOL,BROAD,NORMAL
2026-06-18,BULL,0.016730223008890942,0.75,HIGH_VOL,BROAD,NORMAL
2026-06-22,BULL,0.016694658046931127,0.75,HIGH_VOL,BROAD,NORMAL
2026-06-23,BULL,0.017091714268752462,0.7222222222222222,HIGH_VOL,BROAD,NORMAL
2026-06-24,BULL,0.017092329488117414,0.7222222222222222,HIGH_VOL,BROAD,NORMAL
2026-06-25,BULL,0.017091903702562816,0.7407407407407407,HIGH_VOL,BROAD,NORMAL
2026-06-26,BULL,0.018808122352634116,0.6296296296296297,HIGH_VOL,BROAD,NORMAL
2026-06-29,BULL,0.018122372646028027,0.6944444444444444,HIGH_VOL,BROAD,NORMAL
2026-06-30,BULL,0.017530468553339583,0.6851851851851852,HIGH_VOL,BROAD,NORMAL
2026-07-01,BULL,0.017500539491165326,0.6666666666666666,HIGH_VOL,BROAD,NORMAL
2026-07-02,BULL,0.016911387807626528,0.6851851851851852,HIGH_VOL,BROAD,NORMAL
2026-07-03,BULL,0.016897907513620723,0.7222222222222222,HIGH_VOL,BROAD,NORMAL
2026-07-06,BULL,0.016539106358565706,0.7222222222222222,HIGH_VOL,BROAD,NORMAL
2026-07-07,BULL,0.014790519062753924,0.6759259259259259,HIGH_VOL,BROAD,NORMAL
2026-07-08,BULL,0.013416291871567523,0.6574074074074074,HIGH_VOL,BROAD,NORMAL
2026-07-09,BULL,0.012541482229051614,0.6203703703703703,HIGH_VOL,BROAD,NORMAL
2026-07-13,BULL,0.012541676946191956,0.5648148148148148,HIGH_VOL,MID_BREADTH,NORMAL
2026-07-14,BULL,0.012439976164563729,0.5185185185185185,HIGH_VOL,MID_BREADTH,NORMAL
2026-07-15,BULL,0.012980049326727486,0.6111111111111112,HIGH_VOL,BROAD,NORMAL
2026-07-16,BULL,0.01300805407178583,0.6111111111111112,HIGH_VOL,BROAD,NORMAL
2026-07-17,BULL,0.015022312369622315,0.4722222222222222,HIGH_VOL,MID_BREADTH,NORMAL
2026-07-20,BULL,0.01485940869078769,0.46296296296296297,HIGH_VOL,MID_BREADTH,NORMAL
2026-07-21,BULL,0.01603065228097926,0.5462962962962963,HIGH_VOL,MID_BREADTH,NORMAL
2026-07-22,BULL,0.01604135085657667,0.6018518518518519,HIGH_VOL,BROAD,NORMAL
2026-07-23,BULL,0.01602967801999961,0.5740740740740741,HIGH_VOL,MID_BREADTH,NORMAL
2026-07-24,BULL,0.016081345940028403,0.5648148148148148,HIGH_VOL,MID_BREADTH,NORMAL
2026-07-27,BULL,0.014277238757442001,0.5555555555555556,HIGH_VOL,MID_BREADTH,NORMAL
2026-07-28,BULL,0.016319866001650994,0.42592592592592593,HIGH_VOL,MID_BREADTH,NORMAL
2026-07-29,BULL,0.016195881390383155,0.4444444444444444,HIGH_VOL,MID_BREADTH,SHOCK_5D
2026-07-30,BULL,0.016223109625622126,0.39814814814814814,HIGH_VOL,NARROW,SHOCK_5D
2026-07-31,BULL,0.018309266627178265,0.4351851851851852,HIGH_VOL,MID_BREADTH,NORMAL
2026-08-03,BULL,0.018365085771189935,0.46296296296296297,HIGH_VOL,MID_BREADTH,NORMAL
2026-08-04,BULL,0.018510280803839086,0.4444444444444444,HIGH_VOL,MID_BREADTH,NORMAL
2026-08-05,BULL,0.018230502540831604,0.48148148148148145,HIGH_VOL,MID_BREADTH,NORMAL
2026-08-06,BULL,0.018245510273215512,0.5,HIGH_VOL,MID_BREADTH,NORMAL
2026-08-07,BULL,0.018223528118108717,0.5277777777777778,HIGH_VOL,MID_BREADTH,NORMAL
2026-08-10,BULL,0.018502999062071195,0.5370370370370371,HIGH_VOL,MID_BREADTH,NORMAL
2026-08-11,BULL,0.018295976005542138,0.5462962962962963,HIGH_VOL,MID_BREADTH,NORMAL
2026-08-12,BULL,0.01775245622963049,0.5925925925925926,HIGH_VOL,MID_BREADTH,NORMAL
2026-08-13,BULL,0.017731206470374312,0.5740740740740741,HIGH_VOL,MID_BREADTH,NORMAL
2026-08-14,BULL,0.01569502269333217,0.5648148148148148,HIGH_VOL,MID_BREADTH,NORMAL
2026-08-17,BULL,0.015407236323718675,0.5185185185185185,HIGH_VOL,MID_BREADTH,NORMAL
2026-08-18,BULL,0.014458967255160004,0.4722222222222222,HIGH_VOL,MID_BREADTH,NORMAL
2026-08-19,BULL,0.014222981642106875,0.46296296296296297,HIGH_VOL,MID_BREADTH,NORMAL
2026-08-20,BULL,0.014244644026643898,0.5092592592592593,HIGH_VOL,MID_BREADTH,NORMAL
2026-08-21,BULL,0.014071631128905518,0.5370370370370371,HIGH_VOL,MID_BREADTH,NORMAL
2026-08-24,BULL,0.01413134106103435,0.5185185185185185,HIGH_VOL,MID_BREADTH,NORMAL
2026-08-25,BULL,0.01076581521596637,0.5370370370370371,HIGH_VOL,MID_BREADTH,NORMAL
2026-08-26,BULL,0.009332276924635442,0.5648148148148148,HIGH_VOL,MID_BREADTH,NORMAL
2026-08-27,BULL,0.008751198137175809,0.5462962962962963,HIGH_VOL,MID_BREADTH,NORMAL
2026-08-28,BULL,0.005736824553317338,0.6018518518518519,LOW_VOL,BROAD,NORMAL
2026-08-31,BULL,0.005491006020286843,0.5648148148148148,LOW_VOL,MID_BREADTH,NORMAL
2026-09-01,BULL,0.00557783715567776,0.6296296296296297,LOW_VOL,BROAD,NORMAL
2026-09-02,BULL,0.005363061466040016,0.5925925925925926,LOW_VOL,MID_BREADTH,NORMAL
2026-09-03,BULL,0.005950294990035858,0.5462962962962963,LOW_VOL,MID_BREADTH,NORMAL
2026-09-04,BULL,0.006211346506605302,0.5925925925925926,LOW_VOL,MID_BREADTH,NORMAL
2026-09-07,BULL,0.005674216098348588,0.6574074074074074,LOW_VOL,BROAD,NORMAL
2026-09-08,BULL,0.00599576972637556,0.6018518518518519,LOW_VOL,BROAD,NORMAL
2026-09-09,BULL,0.0057599131385731705,0.6759259259259259,LOW_VOL,BROAD,NORMAL
2026-09-10,BULL,0.006121326303000846,0.6203703703703703,LOW_VOL,BROAD,NORMAL
2026-09-11,BULL,0.0065514674943401765,0.5185185185185185,MID_VOL,MID_BREADTH,NORMAL
