item,recipe,cell,refit_date,seed,epoch,train_loss,val_ic
P2E_Wall_baseline_E50p5,Wall_baseline,E50p5,2023-01-03,0,0,0.33461,-0.02293
P2E_Wall_baseline_E50p5,Wall_baseline,E50p5,2023-01-03,0,1,0.33321,-0.03987
P2E_Wall_baseline_E50p5,Wall_baseline,E50p5,2023-01-03,0,2,0.33308,-0.04688
P2E_Wall_baseline_E50p5,Wall_baseline,E50p5,2023-01-03,0,3,0.33295,-0.08161
P2E_Wall_baseline_E50p5,Wall_baseline,E50p5,2023-01-03,0,4,0.33252,-0.07998
P2E_Wall_baseline_E50p5,Wall_baseline,E50p5,2023-01-03,0,5,0.33205,-0.07602
P2E_Wall_baseline_E50p5,Wall_baseline,E50p5,2023-01-03,1,0,0.33534,-0.08366
P2E_Wall_baseline_E50p5,Wall_baseline,E50p5,2023-01-03,1,1,0.33346,-0.08314
P2E_Wall_baseline_E50p5,Wall_baseline,E50p5,2023-01-03,1,2,0.33296,-0.08202
P2E_Wall_baseline_E50p5,Wall_baseline,E50p5,2023-01-03,1,3,0.33257,-0.08322
P2E_Wall_baseline_E50p5,Wall_baseline,E50p5,2023-01-03,1,4,0.33222,-0.07541
P2E_Wall_baseline_E50p5,Wall_baseline,E50p5,2023-01-03,1,5,0.33198,-0.0594
P2E_Wall_baseline_E50p5,Wall_baseline,E50p5,2023-01-03,1,6,0.33164,-0.05811
P2E_Wall_baseline_E50p5,Wall_baseline,E50p5,2023-01-03,1,7,0.33131,-0.02428
P2E_Wall_baseline_E50p5,Wall_baseline,E50p5,2023-01-03,1,8,0.33098,0.00926
P2E_Wall_baseline_E50p5,Wall_baseline,E50p5,2023-01-03,1,9,0.33039,0.02043
P2E_Wall_baseline_E50p5,Wall_baseline,E50p5,2023-01-03,1,10,0.32981,0.02489
P2E_Wall_baseline_E50p5,Wall_baseline,E50p5,2023-01-03,1,11,0.32927,-0.02703
P2E_Wall_baseline_E50p5,Wall_baseline,E50p5,2023-01-03,1,12,0.32855,0.0201
P2E_Wall_baseline_E50p5,Wall_baseline,E50p5,2023-01-03,1,13,0.32862,0.04316
P2E_Wall_baseline_E50p5,Wall_baseline,E50p5,2023-01-03,1,14,0.32798,0.04812
P2E_Wall_baseline_E50p5,Wall_baseline,E50p5,2023-01-03,1,15,0.32756,0.04216
P2E_Wall_baseline_E50p5,Wall_baseline,E50p5,2023-01-03,1,16,0.32731,0.03531
P2E_Wall_baseline_E50p5,Wall_baseline,E50p5,2023-01-03,1,17,0.32777,0.02101
P2E_Wall_baseline_E50p5,Wall_baseline,E50p5,2023-01-03,1,18,0.32723,0.01637
P2E_Wall_baseline_E50p5,Wall_baseline,E50p5,2023-01-03,1,19,0.32657,0.02126
P2E_Wall_baseline_E50p5,Wall_baseline,E50p5,2023-01-03,2,0,0.33623,-0.08208
P2E_Wall_baseline_E50p5,Wall_baseline,E50p5,2023-01-03,2,1,0.33401,-0.08228
P2E_Wall_baseline_E50p5,Wall_baseline,E50p5,2023-01-03,2,2,0.33346,-0.05702
P2E_Wall_baseline_E50p5,Wall_baseline,E50p5,2023-01-03,2,3,0.33291,-0.01986
P2E_Wall_baseline_E50p5,Wall_baseline,E50p5,2023-01-03,2,4,0.33207,0.0099
P2E_Wall_baseline_E50p5,Wall_baseline,E50p5,2023-01-03,2,5,0.33098,-0.02829
P2E_Wall_baseline_E50p5,Wall_baseline,E50p5,2023-01-03,2,6,0.33038,0.03999
P2E_Wall_baseline_E50p5,Wall_baseline,E50p5,2023-01-03,2,7,0.3298,-0.01997
P2E_Wall_baseline_E50p5,Wall_baseline,E50p5,2023-01-03,2,8,0.32953,0.02266
P2E_Wall_baseline_E50p5,Wall_baseline,E50p5,2023-01-03,2,9,0.32923,-0.00801
P2E_Wall_baseline_E50p5,Wall_baseline,E50p5,2023-01-03,2,10,0.32871,-0.01665
P2E_Wall_baseline_E50p5,Wall_baseline,E50p5,2023-01-03,2,11,0.32861,0.00446
P2E_Wall_baseline_E50p5,Wall_baseline,E50p5,2023-07-20,0,0,0.33417,-0.07603
P2E_Wall_baseline_E50p5,Wall_baseline,E50p5,2023-07-20,0,1,0.3331,-0.05465
P2E_Wall_baseline_E50p5,Wall_baseline,E50p5,2023-07-20,0,2,0.33292,0.01265
P2E_Wall_baseline_E50p5,Wall_baseline,E50p5,2023-07-20,0,3,0.33269,0.0126
P2E_Wall_baseline_E50p5,Wall_baseline,E50p5,2023-07-20,0,4,0.33252,0.01184
P2E_Wall_baseline_E50p5,Wall_baseline,E50p5,2023-07-20,0,5,0.33211,0.01057
P2E_Wall_baseline_E50p5,Wall_baseline,E50p5,2023-07-20,0,6,0.33188,0.01412
P2E_Wall_baseline_E50p5,Wall_baseline,E50p5,2023-07-20,0,7,0.33166,0.05394
P2E_Wall_baseline_E50p5,Wall_baseline,E50p5,2023-07-20,0,8,0.33151,0.00027
P2E_Wall_baseline_E50p5,Wall_baseline,E50p5,2023-07-20,0,9,0.33108,-0.02404
P2E_Wall_baseline_E50p5,Wall_baseline,E50p5,2023-07-20,0,10,0.33089,-0.00771
P2E_Wall_baseline_E50p5,Wall_baseline,E50p5,2023-07-20,0,11,0.33117,-0.0255
P2E_Wall_baseline_E50p5,Wall_baseline,E50p5,2023-07-20,0,12,0.33056,-0.01758
P2E_Wall_baseline_E50p5,Wall_baseline,E50p5,2023-07-20,1,0,0.33548,-0.01315
P2E_Wall_baseline_E50p5,Wall_baseline,E50p5,2023-07-20,1,1,0.33332,0.03185
P2E_Wall_baseline_E50p5,Wall_baseline,E50p5,2023-07-20,1,2,0.33321,0.03527
P2E_Wall_baseline_E50p5,Wall_baseline,E50p5,2023-07-20,1,3,0.33267,0.03689
P2E_Wall_baseline_E50p5,Wall_baseline,E50p5,2023-07-20,1,4,0.3323,0.06255
P2E_Wall_baseline_E50p5,Wall_baseline,E50p5,2023-07-20,1,5,0.33175,0.10563
P2E_Wall_baseline_E50p5,Wall_baseline,E50p5,2023-07-20,1,6,0.3311,0.09183
P2E_Wall_baseline_E50p5,Wall_baseline,E50p5,2023-07-20,1,7,0.33084,0.09801
P2E_Wall_baseline_E50p5,Wall_baseline,E50p5,2023-07-20,1,8,0.33018,0.09616
P2E_Wall_baseline_E50p5,Wall_baseline,E50p5,2023-07-20,1,9,0.32979,0.07267
P2E_Wall_baseline_E50p5,Wall_baseline,E50p5,2023-07-20,1,10,0.32936,0.09064
P2E_Wall_baseline_E50p5,Wall_baseline,E50p5,2023-07-20,2,0,0.33589,0.02132
P2E_Wall_baseline_E50p5,Wall_baseline,E50p5,2023-07-20,2,1,0.33384,0.02845
P2E_Wall_baseline_E50p5,Wall_baseline,E50p5,2023-07-20,2,2,0.33351,0.0579
P2E_Wall_baseline_E50p5,Wall_baseline,E50p5,2023-07-20,2,3,0.33277,0.09655
P2E_Wall_baseline_E50p5,Wall_baseline,E50p5,2023-07-20,2,4,0.33213,0.10895
P2E_Wall_baseline_E50p5,Wall_baseline,E50p5,2023-07-20,2,5,0.33118,0.08447
P2E_Wall_baseline_E50p5,Wall_baseline,E50p5,2023-07-20,2,6,0.33047,0.09226
P2E_Wall_baseline_E50p5,Wall_baseline,E50p5,2023-07-20,2,7,0.33001,0.07126
P2E_Wall_baseline_E50p5,Wall_baseline,E50p5,2023-07-20,2,8,0.32938,0.0588
P2E_Wall_baseline_E50p5,Wall_baseline,E50p5,2023-07-20,2,9,0.32917,0.05334
P2E_Wall_baseline_E50p5,Wall_baseline,E50p5,2024-01-19,0,0,0.33423,-0.02918
P2E_Wall_baseline_E50p5,Wall_baseline,E50p5,2024-01-19,0,1,0.33309,0.05041
P2E_Wall_baseline_E50p5,Wall_baseline,E50p5,2024-01-19,0,2,0.33286,0.05947
P2E_Wall_baseline_E50p5,Wall_baseline,E50p5,2024-01-19,0,3,0.33263,0.05489
P2E_Wall_baseline_E50p5,Wall_baseline,E50p5,2024-01-19,0,4,0.33228,0.04769
P2E_Wall_baseline_E50p5,Wall_baseline,E50p5,2024-01-19,0,5,0.3318,0.0377
P2E_Wall_baseline_E50p5,Wall_baseline,E50p5,2024-01-19,0,6,0.33163,0.03033
P2E_Wall_baseline_E50p5,Wall_baseline,E50p5,2024-01-19,0,7,0.33122,-0.02975
P2E_Wall_baseline_E50p5,Wall_baseline,E50p5,2024-01-19,1,0,0.33543,0.05207
P2E_Wall_baseline_E50p5,Wall_baseline,E50p5,2024-01-19,1,1,0.33349,0.05042
P2E_Wall_baseline_E50p5,Wall_baseline,E50p5,2024-01-19,1,2,0.33281,0.04277
P2E_Wall_baseline_E50p5,Wall_baseline,E50p5,2024-01-19,1,3,0.33254,0.04064
P2E_Wall_baseline_E50p5,Wall_baseline,E50p5,2024-01-19,1,4,0.33208,0.02065
P2E_Wall_baseline_E50p5,Wall_baseline,E50p5,2024-01-19,1,5,0.33102,0.00435
P2E_Wall_baseline_E50p5,Wall_baseline,E50p5,2024-01-19,2,0,0.33579,0.04516
P2E_Wall_baseline_E50p5,Wall_baseline,E50p5,2024-01-19,2,1,0.33365,0.03985
P2E_Wall_baseline_E50p5,Wall_baseline,E50p5,2024-01-19,2,2,0.33288,0.01815
P2E_Wall_baseline_E50p5,Wall_baseline,E50p5,2024-01-19,2,3,0.33207,0.03285
P2E_Wall_baseline_E50p5,Wall_baseline,E50p5,2024-01-19,2,4,0.33122,0.03669
P2E_Wall_baseline_E50p5,Wall_baseline,E50p5,2024-01-19,2,5,0.33017,0.03165
P2E_Wall_baseline_E50p5,Wall_baseline,E50p5,2024-08-02,0,0,0.33421,0.08596
P2E_Wall_baseline_E50p5,Wall_baseline,E50p5,2024-08-02,0,1,0.33294,0.04864
P2E_Wall_baseline_E50p5,Wall_baseline,E50p5,2024-08-02,0,2,0.33257,0.03017
P2E_Wall_baseline_E50p5,Wall_baseline,E50p5,2024-08-02,0,3,0.33219,0.0148
P2E_Wall_baseline_E50p5,Wall_baseline,E50p5,2024-08-02,0,4,0.33195,0.00525
P2E_Wall_baseline_E50p5,Wall_baseline,E50p5,2024-08-02,0,5,0.33165,-0.06014
P2E_Wall_baseline_E50p5,Wall_baseline,E50p5,2024-08-02,1,0,0.33534,0.03866
P2E_Wall_baseline_E50p5,Wall_baseline,E50p5,2024-08-02,1,1,0.33321,0.02276
P2E_Wall_baseline_E50p5,Wall_baseline,E50p5,2024-08-02,1,2,0.33253,0.01813
P2E_Wall_baseline_E50p5,Wall_baseline,E50p5,2024-08-02,1,3,0.3321,0.00368
P2E_Wall_baseline_E50p5,Wall_baseline,E50p5,2024-08-02,1,4,0.33179,-0.0275
P2E_Wall_baseline_E50p5,Wall_baseline,E50p5,2024-08-02,1,5,0.33095,-0.01751
P2E_Wall_baseline_E50p5,Wall_baseline,E50p5,2024-08-02,2,0,0.33558,0.03563
P2E_Wall_baseline_E50p5,Wall_baseline,E50p5,2024-08-02,2,1,0.33355,0.0186
P2E_Wall_baseline_E50p5,Wall_baseline,E50p5,2024-08-02,2,2,0.33288,-0.02131
P2E_Wall_baseline_E50p5,Wall_baseline,E50p5,2024-08-02,2,3,0.33229,-0.02895
P2E_Wall_baseline_E50p5,Wall_baseline,E50p5,2024-08-02,2,4,0.33112,-0.0266
P2E_Wall_baseline_E50p5,Wall_baseline,E50p5,2024-08-02,2,5,0.33066,-0.02863
P2E_Wall_baseline_E50p5,Wall_baseline,E50p5,2025-02-13,0,0,0.33404,0.05448
P2E_Wall_baseline_E50p5,Wall_baseline,E50p5,2025-02-13,0,1,0.33302,0.03432
P2E_Wall_baseline_E50p5,Wall_baseline,E50p5,2025-02-13,0,2,0.33284,0.02734
P2E_Wall_baseline_E50p5,Wall_baseline,E50p5,2025-02-13,0,3,0.33277,0.03006
P2E_Wall_baseline_E50p5,Wall_baseline,E50p5,2025-02-13,0,4,0.33261,0.03399
P2E_Wall_baseline_E50p5,Wall_baseline,E50p5,2025-02-13,0,5,0.33226,0.04106
P2E_Wall_baseline_E50p5,Wall_baseline,E50p5,2025-02-13,1,0,0.33471,0.02225
P2E_Wall_baseline_E50p5,Wall_baseline,E50p5,2025-02-13,1,1,0.33324,0.02826
P2E_Wall_baseline_E50p5,Wall_baseline,E50p5,2025-02-13,1,2,0.33281,-0.00431
P2E_Wall_baseline_E50p5,Wall_baseline,E50p5,2025-02-13,1,3,0.33221,-0.07143
P2E_Wall_baseline_E50p5,Wall_baseline,E50p5,2025-02-13,1,4,0.33174,-0.09463
P2E_Wall_baseline_E50p5,Wall_baseline,E50p5,2025-02-13,1,5,0.33098,-0.10213
P2E_Wall_baseline_E50p5,Wall_baseline,E50p5,2025-02-13,1,6,0.33058,-0.08138
P2E_Wall_baseline_E50p5,Wall_baseline,E50p5,2025-02-13,2,0,0.33578,0.0385
P2E_Wall_baseline_E50p5,Wall_baseline,E50p5,2025-02-13,2,1,0.33361,0.01359
P2E_Wall_baseline_E50p5,Wall_baseline,E50p5,2025-02-13,2,2,0.33299,-0.04772
P2E_Wall_baseline_E50p5,Wall_baseline,E50p5,2025-02-13,2,3,0.33239,-0.10443
P2E_Wall_baseline_E50p5,Wall_baseline,E50p5,2025-02-13,2,4,0.33165,-0.09519
P2E_Wall_baseline_E50p5,Wall_baseline,E50p5,2025-02-13,2,5,0.33091,-0.08225
P2E_Wall_baseline_E50p5,Wall_baseline,E50p5,2025-08-15,0,0,0.3339,0.01031
P2E_Wall_baseline_E50p5,Wall_baseline,E50p5,2025-08-15,0,1,0.33294,0.00592
P2E_Wall_baseline_E50p5,Wall_baseline,E50p5,2025-08-15,0,2,0.3328,0.00534
P2E_Wall_baseline_E50p5,Wall_baseline,E50p5,2025-08-15,0,3,0.33248,0.00783
P2E_Wall_baseline_E50p5,Wall_baseline,E50p5,2025-08-15,0,4,0.33214,0.01236
P2E_Wall_baseline_E50p5,Wall_baseline,E50p5,2025-08-15,0,5,0.33203,0.01366
P2E_Wall_baseline_E50p5,Wall_baseline,E50p5,2025-08-15,0,6,0.33151,-0.00115
P2E_Wall_baseline_E50p5,Wall_baseline,E50p5,2025-08-15,0,7,0.33167,-0.03721
P2E_Wall_baseline_E50p5,Wall_baseline,E50p5,2025-08-15,0,8,0.33102,-0.00402
P2E_Wall_baseline_E50p5,Wall_baseline,E50p5,2025-08-15,0,9,0.33077,-0.03952
P2E_Wall_baseline_E50p5,Wall_baseline,E50p5,2025-08-15,0,10,0.33051,-0.0469
P2E_Wall_baseline_E50p5,Wall_baseline,E50p5,2025-08-15,1,0,0.33486,0.01689
P2E_Wall_baseline_E50p5,Wall_baseline,E50p5,2025-08-15,1,1,0.33314,0.01591
P2E_Wall_baseline_E50p5,Wall_baseline,E50p5,2025-08-15,1,2,0.33275,0.01515
P2E_Wall_baseline_E50p5,Wall_baseline,E50p5,2025-08-15,1,3,0.33228,0.00184
P2E_Wall_baseline_E50p5,Wall_baseline,E50p5,2025-08-15,1,4,0.33196,-0.02299
P2E_Wall_baseline_E50p5,Wall_baseline,E50p5,2025-08-15,1,5,0.33152,-0.05337
P2E_Wall_baseline_E50p5,Wall_baseline,E50p5,2025-08-15,2,0,0.33573,0.01285
P2E_Wall_baseline_E50p5,Wall_baseline,E50p5,2025-08-15,2,1,0.3336,0.02658
P2E_Wall_baseline_E50p5,Wall_baseline,E50p5,2025-08-15,2,2,0.33317,0.00433
P2E_Wall_baseline_E50p5,Wall_baseline,E50p5,2025-08-15,2,3,0.33261,-0.02254
P2E_Wall_baseline_E50p5,Wall_baseline,E50p5,2025-08-15,2,4,0.332,-0.02896
P2E_Wall_baseline_E50p5,Wall_baseline,E50p5,2025-08-15,2,5,0.33131,-0.03451
P2E_Wall_baseline_E50p5,Wall_baseline,E50p5,2025-08-15,2,6,0.33069,-0.05374
P2E_Wall_baseline_E50p5,Wall_baseline,E50p5,2026-02-26,0,0,0.33384,-0.02243
P2E_Wall_baseline_E50p5,Wall_baseline,E50p5,2026-02-26,0,1,0.33287,0.0352
P2E_Wall_baseline_E50p5,Wall_baseline,E50p5,2026-02-26,0,2,0.33274,-0.0096
P2E_Wall_baseline_E50p5,Wall_baseline,E50p5,2026-02-26,0,3,0.33258,0.06208
P2E_Wall_baseline_E50p5,Wall_baseline,E50p5,2026-02-26,0,4,0.33238,0.05801
P2E_Wall_baseline_E50p5,Wall_baseline,E50p5,2026-02-26,0,5,0.33206,0.05412
P2E_Wall_baseline_E50p5,Wall_baseline,E50p5,2026-02-26,0,6,0.3317,0.02085
P2E_Wall_baseline_E50p5,Wall_baseline,E50p5,2026-02-26,0,7,0.33151,0.01652
P2E_Wall_baseline_E50p5,Wall_baseline,E50p5,2026-02-26,0,8,0.33114,0.03281
P2E_Wall_baseline_E50p5,Wall_baseline,E50p5,2026-02-26,1,0,0.33454,0.06897
P2E_Wall_baseline_E50p5,Wall_baseline,E50p5,2026-02-26,1,1,0.3331,0.0809
P2E_Wall_baseline_E50p5,Wall_baseline,E50p5,2026-02-26,1,2,0.33275,0.07596
P2E_Wall_baseline_E50p5,Wall_baseline,E50p5,2026-02-26,1,3,0.3323,0.06502
P2E_Wall_baseline_E50p5,Wall_baseline,E50p5,2026-02-26,1,4,0.33179,0.06052
P2E_Wall_baseline_E50p5,Wall_baseline,E50p5,2026-02-26,1,5,0.33146,0.05778
P2E_Wall_baseline_E50p5,Wall_baseline,E50p5,2026-02-26,1,6,0.33118,0.04447
P2E_Wall_baseline_E50p5,Wall_baseline,E50p5,2026-02-26,2,0,0.33544,0.06717
P2E_Wall_baseline_E50p5,Wall_baseline,E50p5,2026-02-26,2,1,0.33347,0.07301
P2E_Wall_baseline_E50p5,Wall_baseline,E50p5,2026-02-26,2,2,0.33301,0.08327
P2E_Wall_baseline_E50p5,Wall_baseline,E50p5,2026-02-26,2,3,0.33261,0.07175
P2E_Wall_baseline_E50p5,Wall_baseline,E50p5,2026-02-26,2,4,0.33175,0.03465
P2E_Wall_baseline_E50p5,Wall_baseline,E50p5,2026-02-26,2,5,0.33111,0.02272
P2E_Wall_baseline_E50p5,Wall_baseline,E50p5,2026-02-26,2,6,0.33072,0.05147
P2E_Wall_baseline_E50p5,Wall_baseline,E50p5,2026-02-26,2,7,0.33021,0.03456
P2E_Wall_baseline_E50p10m10,Wall_baseline,E50p10m10,2023-01-03,0,0,0.33461,-0.02293
P2E_Wall_baseline_E50p10m10,Wall_baseline,E50p10m10,2023-01-03,0,1,0.33321,-0.03987
P2E_Wall_baseline_E50p10m10,Wall_baseline,E50p10m10,2023-01-03,0,2,0.33308,-0.04688
P2E_Wall_baseline_E50p10m10,Wall_baseline,E50p10m10,2023-01-03,0,3,0.33295,-0.08161
P2E_Wall_baseline_E50p10m10,Wall_baseline,E50p10m10,2023-01-03,0,4,0.33252,-0.07998
P2E_Wall_baseline_E50p10m10,Wall_baseline,E50p10m10,2023-01-03,0,5,0.33205,-0.07602
P2E_Wall_baseline_E50p10m10,Wall_baseline,E50p10m10,2023-01-03,0,6,0.33171,-0.07326
P2E_Wall_baseline_E50p10m10,Wall_baseline,E50p10m10,2023-01-03,0,7,0.33143,-0.07048
P2E_Wall_baseline_E50p10m10,Wall_baseline,E50p10m10,2023-01-03,0,8,0.33117,-0.06563
P2E_Wall_baseline_E50p10m10,Wall_baseline,E50p10m10,2023-01-03,0,9,0.33096,-0.06218
P2E_Wall_baseline_E50p10m10,Wall_baseline,E50p10m10,2023-01-03,0,10,0.33081,-0.04863
P2E_Wall_baseline_E50p10m10,Wall_baseline,E50p10m10,2023-01-03,1,0,0.33534,-0.08366
P2E_Wall_baseline_E50p10m10,Wall_baseline,E50p10m10,2023-01-03,1,1,0.33346,-0.08314
P2E_Wall_baseline_E50p10m10,Wall_baseline,E50p10m10,2023-01-03,1,2,0.33296,-0.08202
P2E_Wall_baseline_E50p10m10,Wall_baseline,E50p10m10,2023-01-03,1,3,0.33257,-0.08322
P2E_Wall_baseline_E50p10m10,Wall_baseline,E50p10m10,2023-01-03,1,4,0.33222,-0.07541
P2E_Wall_baseline_E50p10m10,Wall_baseline,E50p10m10,2023-01-03,1,5,0.33198,-0.0594
P2E_Wall_baseline_E50p10m10,Wall_baseline,E50p10m10,2023-01-03,1,6,0.33164,-0.05811
P2E_Wall_baseline_E50p10m10,Wall_baseline,E50p10m10,2023-01-03,1,7,0.33131,-0.02428
P2E_Wall_baseline_E50p10m10,Wall_baseline,E50p10m10,2023-01-03,1,8,0.33098,0.00926
P2E_Wall_baseline_E50p10m10,Wall_baseline,E50p10m10,2023-01-03,1,9,0.33039,0.02043
P2E_Wall_baseline_E50p10m10,Wall_baseline,E50p10m10,2023-01-03,1,10,0.32981,0.02489
P2E_Wall_baseline_E50p10m10,Wall_baseline,E50p10m10,2023-01-03,1,11,0.32927,-0.02703
P2E_Wall_baseline_E50p10m10,Wall_baseline,E50p10m10,2023-01-03,1,12,0.32855,0.0201
P2E_Wall_baseline_E50p10m10,Wall_baseline,E50p10m10,2023-01-03,1,13,0.32862,0.04316
P2E_Wall_baseline_E50p10m10,Wall_baseline,E50p10m10,2023-01-03,1,14,0.32798,0.04812
P2E_Wall_baseline_E50p10m10,Wall_baseline,E50p10m10,2023-01-03,1,15,0.32756,0.04216
P2E_Wall_baseline_E50p10m10,Wall_baseline,E50p10m10,2023-01-03,1,16,0.32731,0.03531
P2E_Wall_baseline_E50p10m10,Wall_baseline,E50p10m10,2023-01-03,1,17,0.32777,0.02101
P2E_Wall_baseline_E50p10m10,Wall_baseline,E50p10m10,2023-01-03,1,18,0.32723,0.01637
P2E_Wall_baseline_E50p10m10,Wall_baseline,E50p10m10,2023-01-03,1,19,0.32657,0.02126
P2E_Wall_baseline_E50p10m10,Wall_baseline,E50p10m10,2023-01-03,1,20,0.32593,0.00972
P2E_Wall_baseline_E50p10m10,Wall_baseline,E50p10m10,2023-01-03,1,21,0.32543,0.01907
P2E_Wall_baseline_E50p10m10,Wall_baseline,E50p10m10,2023-01-03,1,22,0.32516,0.01989
P2E_Wall_baseline_E50p10m10,Wall_baseline,E50p10m10,2023-01-03,1,23,0.32484,0.00567
P2E_Wall_baseline_E50p10m10,Wall_baseline,E50p10m10,2023-01-03,1,24,0.32422,0.01106
P2E_Wall_baseline_E50p10m10,Wall_baseline,E50p10m10,2023-01-03,2,0,0.33623,-0.08208
P2E_Wall_baseline_E50p10m10,Wall_baseline,E50p10m10,2023-01-03,2,1,0.33401,-0.08228
P2E_Wall_baseline_E50p10m10,Wall_baseline,E50p10m10,2023-01-03,2,2,0.33346,-0.05702
P2E_Wall_baseline_E50p10m10,Wall_baseline,E50p10m10,2023-01-03,2,3,0.33291,-0.01986
P2E_Wall_baseline_E50p10m10,Wall_baseline,E50p10m10,2023-01-03,2,4,0.33207,0.0099
P2E_Wall_baseline_E50p10m10,Wall_baseline,E50p10m10,2023-01-03,2,5,0.33098,-0.02829
P2E_Wall_baseline_E50p10m10,Wall_baseline,E50p10m10,2023-01-03,2,6,0.33038,0.03999
P2E_Wall_baseline_E50p10m10,Wall_baseline,E50p10m10,2023-01-03,2,7,0.3298,-0.01997
P2E_Wall_baseline_E50p10m10,Wall_baseline,E50p10m10,2023-01-03,2,8,0.32953,0.02266
P2E_Wall_baseline_E50p10m10,Wall_baseline,E50p10m10,2023-01-03,2,9,0.32923,-0.00801
P2E_Wall_baseline_E50p10m10,Wall_baseline,E50p10m10,2023-01-03,2,10,0.32871,-0.01665
P2E_Wall_baseline_E50p10m10,Wall_baseline,E50p10m10,2023-01-03,2,11,0.32861,0.00446
P2E_Wall_baseline_E50p10m10,Wall_baseline,E50p10m10,2023-01-03,2,12,0.32804,-0.02269
P2E_Wall_baseline_E50p10m10,Wall_baseline,E50p10m10,2023-01-03,2,13,0.32776,0.00862
P2E_Wall_baseline_E50p10m10,Wall_baseline,E50p10m10,2023-01-03,2,14,0.32726,0.0145
P2E_Wall_baseline_E50p10m10,Wall_baseline,E50p10m10,2023-01-03,2,15,0.3265,0.01147
P2E_Wall_baseline_E50p10m10,Wall_baseline,E50p10m10,2023-01-03,2,16,0.32675,0.00585
P2E_Wall_baseline_E50p10m10,Wall_baseline,E50p10m10,2023-07-20,0,0,0.33417,-0.07603
P2E_Wall_baseline_E50p10m10,Wall_baseline,E50p10m10,2023-07-20,0,1,0.3331,-0.05465
P2E_Wall_baseline_E50p10m10,Wall_baseline,E50p10m10,2023-07-20,0,2,0.33292,0.01265
P2E_Wall_baseline_E50p10m10,Wall_baseline,E50p10m10,2023-07-20,0,3,0.33269,0.0126
P2E_Wall_baseline_E50p10m10,Wall_baseline,E50p10m10,2023-07-20,0,4,0.33252,0.01184
P2E_Wall_baseline_E50p10m10,Wall_baseline,E50p10m10,2023-07-20,0,5,0.33211,0.01057
P2E_Wall_baseline_E50p10m10,Wall_baseline,E50p10m10,2023-07-20,0,6,0.33188,0.01412
P2E_Wall_baseline_E50p10m10,Wall_baseline,E50p10m10,2023-07-20,0,7,0.33166,0.05394
P2E_Wall_baseline_E50p10m10,Wall_baseline,E50p10m10,2023-07-20,0,8,0.33151,0.00027
P2E_Wall_baseline_E50p10m10,Wall_baseline,E50p10m10,2023-07-20,0,9,0.33108,-0.02404
P2E_Wall_baseline_E50p10m10,Wall_baseline,E50p10m10,2023-07-20,0,10,0.33089,-0.00771
P2E_Wall_baseline_E50p10m10,Wall_baseline,E50p10m10,2023-07-20,0,11,0.33117,-0.0255
P2E_Wall_baseline_E50p10m10,Wall_baseline,E50p10m10,2023-07-20,0,12,0.33056,-0.01758
P2E_Wall_baseline_E50p10m10,Wall_baseline,E50p10m10,2023-07-20,0,13,0.33044,-0.04759
P2E_Wall_baseline_E50p10m10,Wall_baseline,E50p10m10,2023-07-20,0,14,0.33019,-0.02181
P2E_Wall_baseline_E50p10m10,Wall_baseline,E50p10m10,2023-07-20,0,15,0.33022,0.03692
P2E_Wall_baseline_E50p10m10,Wall_baseline,E50p10m10,2023-07-20,0,16,0.32974,0.00019
P2E_Wall_baseline_E50p10m10,Wall_baseline,E50p10m10,2023-07-20,0,17,0.32955,0.00412
P2E_Wall_baseline_E50p10m10,Wall_baseline,E50p10m10,2023-07-20,1,0,0.33548,-0.01315
P2E_Wall_baseline_E50p10m10,Wall_baseline,E50p10m10,2023-07-20,1,1,0.33332,0.03185
P2E_Wall_baseline_E50p10m10,Wall_baseline,E50p10m10,2023-07-20,1,2,0.33321,0.03527
P2E_Wall_baseline_E50p10m10,Wall_baseline,E50p10m10,2023-07-20,1,3,0.33267,0.03689
P2E_Wall_baseline_E50p10m10,Wall_baseline,E50p10m10,2023-07-20,1,4,0.3323,0.06255
P2E_Wall_baseline_E50p10m10,Wall_baseline,E50p10m10,2023-07-20,1,5,0.33175,0.10563
P2E_Wall_baseline_E50p10m10,Wall_baseline,E50p10m10,2023-07-20,1,6,0.3311,0.09183
P2E_Wall_baseline_E50p10m10,Wall_baseline,E50p10m10,2023-07-20,1,7,0.33084,0.09801
P2E_Wall_baseline_E50p10m10,Wall_baseline,E50p10m10,2023-07-20,1,8,0.33018,0.09616
P2E_Wall_baseline_E50p10m10,Wall_baseline,E50p10m10,2023-07-20,1,9,0.32979,0.07267
P2E_Wall_baseline_E50p10m10,Wall_baseline,E50p10m10,2023-07-20,1,10,0.32936,0.09064
P2E_Wall_baseline_E50p10m10,Wall_baseline,E50p10m10,2023-07-20,1,11,0.32908,0.09495
P2E_Wall_baseline_E50p10m10,Wall_baseline,E50p10m10,2023-07-20,1,12,0.32868,0.08764
P2E_Wall_baseline_E50p10m10,Wall_baseline,E50p10m10,2023-07-20,1,13,0.32821,0.04457
P2E_Wall_baseline_E50p10m10,Wall_baseline,E50p10m10,2023-07-20,1,14,0.3281,0.06271
P2E_Wall_baseline_E50p10m10,Wall_baseline,E50p10m10,2023-07-20,1,15,0.32812,0.05042
P2E_Wall_baseline_E50p10m10,Wall_baseline,E50p10m10,2023-07-20,2,0,0.33589,0.02132
P2E_Wall_baseline_E50p10m10,Wall_baseline,E50p10m10,2023-07-20,2,1,0.33384,0.02845
P2E_Wall_baseline_E50p10m10,Wall_baseline,E50p10m10,2023-07-20,2,2,0.33351,0.0579
P2E_Wall_baseline_E50p10m10,Wall_baseline,E50p10m10,2023-07-20,2,3,0.33277,0.09655
P2E_Wall_baseline_E50p10m10,Wall_baseline,E50p10m10,2023-07-20,2,4,0.33213,0.10895
P2E_Wall_baseline_E50p10m10,Wall_baseline,E50p10m10,2023-07-20,2,5,0.33118,0.08447
P2E_Wall_baseline_E50p10m10,Wall_baseline,E50p10m10,2023-07-20,2,6,0.33047,0.09226
P2E_Wall_baseline_E50p10m10,Wall_baseline,E50p10m10,2023-07-20,2,7,0.33001,0.07126
P2E_Wall_baseline_E50p10m10,Wall_baseline,E50p10m10,2023-07-20,2,8,0.32938,0.0588
P2E_Wall_baseline_E50p10m10,Wall_baseline,E50p10m10,2023-07-20,2,9,0.32917,0.05334
P2E_Wall_baseline_E50p10m10,Wall_baseline,E50p10m10,2023-07-20,2,10,0.3291,0.05361
P2E_Wall_baseline_E50p10m10,Wall_baseline,E50p10m10,2023-07-20,2,11,0.32871,0.06167
P2E_Wall_baseline_E50p10m10,Wall_baseline,E50p10m10,2023-07-20,2,12,0.32812,0.05701
P2E_Wall_baseline_E50p10m10,Wall_baseline,E50p10m10,2023-07-20,2,13,0.32808,0.06194
P2E_Wall_baseline_E50p10m10,Wall_baseline,E50p10m10,2023-07-20,2,14,0.32747,0.04568
P2E_Wall_baseline_E50p10m10,Wall_baseline,E50p10m10,2024-01-19,0,0,0.33423,-0.02918
P2E_Wall_baseline_E50p10m10,Wall_baseline,E50p10m10,2024-01-19,0,1,0.33309,0.05041
P2E_Wall_baseline_E50p10m10,Wall_baseline,E50p10m10,2024-01-19,0,2,0.33286,0.05947
P2E_Wall_baseline_E50p10m10,Wall_baseline,E50p10m10,2024-01-19,0,3,0.33263,0.05489
P2E_Wall_baseline_E50p10m10,Wall_baseline,E50p10m10,2024-01-19,0,4,0.33228,0.04769
P2E_Wall_baseline_E50p10m10,Wall_baseline,E50p10m10,2024-01-19,0,5,0.3318,0.0377
P2E_Wall_baseline_E50p10m10,Wall_baseline,E50p10m10,2024-01-19,0,6,0.33163,0.03033
P2E_Wall_baseline_E50p10m10,Wall_baseline,E50p10m10,2024-01-19,0,7,0.33122,-0.02975
P2E_Wall_baseline_E50p10m10,Wall_baseline,E50p10m10,2024-01-19,0,8,0.331,-0.02163
P2E_Wall_baseline_E50p10m10,Wall_baseline,E50p10m10,2024-01-19,0,9,0.33095,-0.01813
P2E_Wall_baseline_E50p10m10,Wall_baseline,E50p10m10,2024-01-19,0,10,0.33057,-0.03714
P2E_Wall_baseline_E50p10m10,Wall_baseline,E50p10m10,2024-01-19,0,11,0.33047,-0.02742
P2E_Wall_baseline_E50p10m10,Wall_baseline,E50p10m10,2024-01-19,0,12,0.3304,-0.01336
P2E_Wall_baseline_E50p10m10,Wall_baseline,E50p10m10,2024-01-19,1,0,0.33543,0.05207
P2E_Wall_baseline_E50p10m10,Wall_baseline,E50p10m10,2024-01-19,1,1,0.33349,0.05042
P2E_Wall_baseline_E50p10m10,Wall_baseline,E50p10m10,2024-01-19,1,2,0.33281,0.04277
P2E_Wall_baseline_E50p10m10,Wall_baseline,E50p10m10,2024-01-19,1,3,0.33254,0.04064
P2E_Wall_baseline_E50p10m10,Wall_baseline,E50p10m10,2024-01-19,1,4,0.33208,0.02065
P2E_Wall_baseline_E50p10m10,Wall_baseline,E50p10m10,2024-01-19,1,5,0.33102,0.00435
P2E_Wall_baseline_E50p10m10,Wall_baseline,E50p10m10,2024-01-19,1,6,0.33005,0.04233
P2E_Wall_baseline_E50p10m10,Wall_baseline,E50p10m10,2024-01-19,1,7,0.32974,0.02817
P2E_Wall_baseline_E50p10m10,Wall_baseline,E50p10m10,2024-01-19,1,8,0.32916,0.03466
P2E_Wall_baseline_E50p10m10,Wall_baseline,E50p10m10,2024-01-19,1,9,0.3291,0.052
P2E_Wall_baseline_E50p10m10,Wall_baseline,E50p10m10,2024-01-19,1,10,0.32857,0.0229
P2E_Wall_baseline_E50p10m10,Wall_baseline,E50p10m10,2024-01-19,2,0,0.33579,0.04516
P2E_Wall_baseline_E50p10m10,Wall_baseline,E50p10m10,2024-01-19,2,1,0.33365,0.03985
P2E_Wall_baseline_E50p10m10,Wall_baseline,E50p10m10,2024-01-19,2,2,0.33288,0.01815
P2E_Wall_baseline_E50p10m10,Wall_baseline,E50p10m10,2024-01-19,2,3,0.33207,0.03285
P2E_Wall_baseline_E50p10m10,Wall_baseline,E50p10m10,2024-01-19,2,4,0.33122,0.03669
P2E_Wall_baseline_E50p10m10,Wall_baseline,E50p10m10,2024-01-19,2,5,0.33017,0.03165
P2E_Wall_baseline_E50p10m10,Wall_baseline,E50p10m10,2024-01-19,2,6,0.32966,0.0393
P2E_Wall_baseline_E50p10m10,Wall_baseline,E50p10m10,2024-01-19,2,7,0.32901,-0.00878
P2E_Wall_baseline_E50p10m10,Wall_baseline,E50p10m10,2024-01-19,2,8,0.32891,0.01206
P2E_Wall_baseline_E50p10m10,Wall_baseline,E50p10m10,2024-01-19,2,9,0.32847,-0.01592
P2E_Wall_baseline_E50p10m10,Wall_baseline,E50p10m10,2024-01-19,2,10,0.32808,0.01576
P2E_Wall_baseline_E50p10m10,Wall_baseline,E50p10m10,2024-08-02,0,0,0.33421,0.08596
P2E_Wall_baseline_E50p10m10,Wall_baseline,E50p10m10,2024-08-02,0,1,0.33294,0.04864
P2E_Wall_baseline_E50p10m10,Wall_baseline,E50p10m10,2024-08-02,0,2,0.33257,0.03017
P2E_Wall_baseline_E50p10m10,Wall_baseline,E50p10m10,2024-08-02,0,3,0.33219,0.0148
P2E_Wall_baseline_E50p10m10,Wall_baseline,E50p10m10,2024-08-02,0,4,0.33195,0.00525
P2E_Wall_baseline_E50p10m10,Wall_baseline,E50p10m10,2024-08-02,0,5,0.33165,-0.06014
P2E_Wall_baseline_E50p10m10,Wall_baseline,E50p10m10,2024-08-02,0,6,0.33134,-0.05899
P2E_Wall_baseline_E50p10m10,Wall_baseline,E50p10m10,2024-08-02,0,7,0.33109,-0.05101
P2E_Wall_baseline_E50p10m10,Wall_baseline,E50p10m10,2024-08-02,0,8,0.33077,-0.04668
P2E_Wall_baseline_E50p10m10,Wall_baseline,E50p10m10,2024-08-02,0,9,0.3304,-0.01658
P2E_Wall_baseline_E50p10m10,Wall_baseline,E50p10m10,2024-08-02,0,10,0.32976,-0.03813
P2E_Wall_baseline_E50p10m10,Wall_baseline,E50p10m10,2024-08-02,1,0,0.33534,0.03866
P2E_Wall_baseline_E50p10m10,Wall_baseline,E50p10m10,2024-08-02,1,1,0.33321,0.02276
P2E_Wall_baseline_E50p10m10,Wall_baseline,E50p10m10,2024-08-02,1,2,0.33253,0.01813
P2E_Wall_baseline_E50p10m10,Wall_baseline,E50p10m10,2024-08-02,1,3,0.3321,0.00368
P2E_Wall_baseline_E50p10m10,Wall_baseline,E50p10m10,2024-08-02,1,4,0.33179,-0.0275
P2E_Wall_baseline_E50p10m10,Wall_baseline,E50p10m10,2024-08-02,1,5,0.33095,-0.01751
P2E_Wall_baseline_E50p10m10,Wall_baseline,E50p10m10,2024-08-02,1,6,0.33035,-0.00189
P2E_Wall_baseline_E50p10m10,Wall_baseline,E50p10m10,2024-08-02,1,7,0.33,0.00395
P2E_Wall_baseline_E50p10m10,Wall_baseline,E50p10m10,2024-08-02,1,8,0.3296,0.03999
P2E_Wall_baseline_E50p10m10,Wall_baseline,E50p10m10,2024-08-02,1,9,0.32921,0.01355
P2E_Wall_baseline_E50p10m10,Wall_baseline,E50p10m10,2024-08-02,1,10,0.32889,0.04905
P2E_Wall_baseline_E50p10m10,Wall_baseline,E50p10m10,2024-08-02,1,11,0.32803,0.04061
P2E_Wall_baseline_E50p10m10,Wall_baseline,E50p10m10,2024-08-02,1,12,0.32799,0.03683
P2E_Wall_baseline_E50p10m10,Wall_baseline,E50p10m10,2024-08-02,1,13,0.32745,0.03591
P2E_Wall_baseline_E50p10m10,Wall_baseline,E50p10m10,2024-08-02,1,14,0.32685,0.03601
P2E_Wall_baseline_E50p10m10,Wall_baseline,E50p10m10,2024-08-02,1,15,0.32683,0.0405
P2E_Wall_baseline_E50p10m10,Wall_baseline,E50p10m10,2024-08-02,1,16,0.32635,0.01412
P2E_Wall_baseline_E50p10m10,Wall_baseline,E50p10m10,2024-08-02,1,17,0.32604,0.02324
P2E_Wall_baseline_E50p10m10,Wall_baseline,E50p10m10,2024-08-02,1,18,0.32533,0.02412
P2E_Wall_baseline_E50p10m10,Wall_baseline,E50p10m10,2024-08-02,1,19,0.32527,0.04646
P2E_Wall_baseline_E50p10m10,Wall_baseline,E50p10m10,2024-08-02,1,20,0.3249,0.04535
P2E_Wall_baseline_E50p10m10,Wall_baseline,E50p10m10,2024-08-02,2,0,0.33558,0.03563
P2E_Wall_baseline_E50p10m10,Wall_baseline,E50p10m10,2024-08-02,2,1,0.33355,0.0186
P2E_Wall_baseline_E50p10m10,Wall_baseline,E50p10m10,2024-08-02,2,2,0.33288,-0.02131
P2E_Wall_baseline_E50p10m10,Wall_baseline,E50p10m10,2024-08-02,2,3,0.33229,-0.02895
P2E_Wall_baseline_E50p10m10,Wall_baseline,E50p10m10,2024-08-02,2,4,0.33112,-0.0266
P2E_Wall_baseline_E50p10m10,Wall_baseline,E50p10m10,2024-08-02,2,5,0.33066,-0.02863
P2E_Wall_baseline_E50p10m10,Wall_baseline,E50p10m10,2024-08-02,2,6,0.33014,-0.01484
P2E_Wall_baseline_E50p10m10,Wall_baseline,E50p10m10,2024-08-02,2,7,0.32976,0.00744
P2E_Wall_baseline_E50p10m10,Wall_baseline,E50p10m10,2024-08-02,2,8,0.32951,0.02963
P2E_Wall_baseline_E50p10m10,Wall_baseline,E50p10m10,2024-08-02,2,9,0.32924,0.02697
P2E_Wall_baseline_E50p10m10,Wall_baseline,E50p10m10,2024-08-02,2,10,0.32872,0.03739
P2E_Wall_baseline_E50p10m10,Wall_baseline,E50p10m10,2024-08-02,2,11,0.32829,0.03108
P2E_Wall_baseline_E50p10m10,Wall_baseline,E50p10m10,2024-08-02,2,12,0.32776,0.03679
P2E_Wall_baseline_E50p10m10,Wall_baseline,E50p10m10,2024-08-02,2,13,0.32741,0.05027
P2E_Wall_baseline_E50p10m10,Wall_baseline,E50p10m10,2024-08-02,2,14,0.32683,0.04765
P2E_Wall_baseline_E50p10m10,Wall_baseline,E50p10m10,2024-08-02,2,15,0.32672,0.02848
P2E_Wall_baseline_E50p10m10,Wall_baseline,E50p10m10,2024-08-02,2,16,0.32616,0.05046
P2E_Wall_baseline_E50p10m10,Wall_baseline,E50p10m10,2024-08-02,2,17,0.32542,0.03905
P2E_Wall_baseline_E50p10m10,Wall_baseline,E50p10m10,2024-08-02,2,18,0.32519,0.05164
P2E_Wall_baseline_E50p10m10,Wall_baseline,E50p10m10,2024-08-02,2,19,0.32457,0.04577
P2E_Wall_baseline_E50p10m10,Wall_baseline,E50p10m10,2024-08-02,2,20,0.32401,0.049
P2E_Wall_baseline_E50p10m10,Wall_baseline,E50p10m10,2024-08-02,2,21,0.32342,0.03993
P2E_Wall_baseline_E50p10m10,Wall_baseline,E50p10m10,2024-08-02,2,22,0.32297,0.04842
P2E_Wall_baseline_E50p10m10,Wall_baseline,E50p10m10,2024-08-02,2,23,0.32241,0.04417
P2E_Wall_baseline_E50p10m10,Wall_baseline,E50p10m10,2024-08-02,2,24,0.32186,0.04877
P2E_Wall_baseline_E50p10m10,Wall_baseline,E50p10m10,2024-08-02,2,25,0.32162,0.05071
P2E_Wall_baseline_E50p10m10,Wall_baseline,E50p10m10,2024-08-02,2,26,0.32112,0.05376
P2E_Wall_baseline_E50p10m10,Wall_baseline,E50p10m10,2024-08-02,2,27,0.32019,0.05436
P2E_Wall_baseline_E50p10m10,Wall_baseline,E50p10m10,2024-08-02,2,28,0.32005,0.03743
P2E_Wall_baseline_E50p10m10,Wall_baseline,E50p10m10,2024-08-02,2,29,0.31932,0.04709
P2E_Wall_baseline_E50p10m10,Wall_baseline,E50p10m10,2024-08-02,2,30,0.31873,0.04359
P2E_Wall_baseline_E50p10m10,Wall_baseline,E50p10m10,2024-08-02,2,31,0.31765,0.02851
P2E_Wall_baseline_E50p10m10,Wall_baseline,E50p10m10,2024-08-02,2,32,0.31693,0.03329
P2E_Wall_baseline_E50p10m10,Wall_baseline,E50p10m10,2024-08-02,2,33,0.31642,0.03989
P2E_Wall_baseline_E50p10m10,Wall_baseline,E50p10m10,2024-08-02,2,34,0.31541,0.03766
P2E_Wall_baseline_E50p10m10,Wall_baseline,E50p10m10,2024-08-02,2,35,0.31489,0.03727
P2E_Wall_baseline_E50p10m10,Wall_baseline,E50p10m10,2024-08-02,2,36,0.31409,0.03564
P2E_Wall_baseline_E50p10m10,Wall_baseline,E50p10m10,2024-08-02,2,37,0.31328,0.02892
P2E_Wall_baseline_E50p10m10,Wall_baseline,E50p10m10,2025-02-13,0,0,0.33404,0.05448
P2E_Wall_baseline_E50p10m10,Wall_baseline,E50p10m10,2025-02-13,0,1,0.33302,0.03432
P2E_Wall_baseline_E50p10m10,Wall_baseline,E50p10m10,2025-02-13,0,2,0.33284,0.02734
P2E_Wall_baseline_E50p10m10,Wall_baseline,E50p10m10,2025-02-13,0,3,0.33277,0.03006
P2E_Wall_baseline_E50p10m10,Wall_baseline,E50p10m10,2025-02-13,0,4,0.33261,0.03399
P2E_Wall_baseline_E50p10m10,Wall_baseline,E50p10m10,2025-02-13,0,5,0.33226,0.04106
P2E_Wall_baseline_E50p10m10,Wall_baseline,E50p10m10,2025-02-13,0,6,0.33203,0.02272
P2E_Wall_baseline_E50p10m10,Wall_baseline,E50p10m10,2025-02-13,0,7,0.33172,0.02981
P2E_Wall_baseline_E50p10m10,Wall_baseline,E50p10m10,2025-02-13,0,8,0.33132,0.02129
P2E_Wall_baseline_E50p10m10,Wall_baseline,E50p10m10,2025-02-13,0,9,0.3311,0.02744
P2E_Wall_baseline_E50p10m10,Wall_baseline,E50p10m10,2025-02-13,0,10,0.33089,0.03224
P2E_Wall_baseline_E50p10m10,Wall_baseline,E50p10m10,2025-02-13,1,0,0.33471,0.02225
P2E_Wall_baseline_E50p10m10,Wall_baseline,E50p10m10,2025-02-13,1,1,0.33324,0.02826
P2E_Wall_baseline_E50p10m10,Wall_baseline,E50p10m10,2025-02-13,1,2,0.33281,-0.00431
P2E_Wall_baseline_E50p10m10,Wall_baseline,E50p10m10,2025-02-13,1,3,0.33221,-0.07143
P2E_Wall_baseline_E50p10m10,Wall_baseline,E50p10m10,2025-02-13,1,4,0.33174,-0.09463
P2E_Wall_baseline_E50p10m10,Wall_baseline,E50p10m10,2025-02-13,1,5,0.33098,-0.10213
P2E_Wall_baseline_E50p10m10,Wall_baseline,E50p10m10,2025-02-13,1,6,0.33058,-0.08138
P2E_Wall_baseline_E50p10m10,Wall_baseline,E50p10m10,2025-02-13,1,7,0.33022,-0.04281
P2E_Wall_baseline_E50p10m10,Wall_baseline,E50p10m10,2025-02-13,1,8,0.32971,-0.07182
P2E_Wall_baseline_E50p10m10,Wall_baseline,E50p10m10,2025-02-13,1,9,0.32927,0.00957
P2E_Wall_baseline_E50p10m10,Wall_baseline,E50p10m10,2025-02-13,1,10,0.32892,-0.01814
P2E_Wall_baseline_E50p10m10,Wall_baseline,E50p10m10,2025-02-13,1,11,0.32849,0.01941
P2E_Wall_baseline_E50p10m10,Wall_baseline,E50p10m10,2025-02-13,2,0,0.33578,0.0385
P2E_Wall_baseline_E50p10m10,Wall_baseline,E50p10m10,2025-02-13,2,1,0.33361,0.01359
P2E_Wall_baseline_E50p10m10,Wall_baseline,E50p10m10,2025-02-13,2,2,0.33299,-0.04772
P2E_Wall_baseline_E50p10m10,Wall_baseline,E50p10m10,2025-02-13,2,3,0.33239,-0.10443
P2E_Wall_baseline_E50p10m10,Wall_baseline,E50p10m10,2025-02-13,2,4,0.33165,-0.09519
P2E_Wall_baseline_E50p10m10,Wall_baseline,E50p10m10,2025-02-13,2,5,0.33091,-0.08225
P2E_Wall_baseline_E50p10m10,Wall_baseline,E50p10m10,2025-02-13,2,6,0.3303,-0.06956
P2E_Wall_baseline_E50p10m10,Wall_baseline,E50p10m10,2025-02-13,2,7,0.32991,-0.04598
P2E_Wall_baseline_E50p10m10,Wall_baseline,E50p10m10,2025-02-13,2,8,0.32934,-0.05766
P2E_Wall_baseline_E50p10m10,Wall_baseline,E50p10m10,2025-02-13,2,9,0.32894,-0.06202
P2E_Wall_baseline_E50p10m10,Wall_baseline,E50p10m10,2025-02-13,2,10,0.32855,-0.0175
P2E_Wall_baseline_E50p10m10,Wall_baseline,E50p10m10,2025-08-15,0,0,0.3339,0.01031
P2E_Wall_baseline_E50p10m10,Wall_baseline,E50p10m10,2025-08-15,0,1,0.33294,0.00592
P2E_Wall_baseline_E50p10m10,Wall_baseline,E50p10m10,2025-08-15,0,2,0.3328,0.00534
P2E_Wall_baseline_E50p10m10,Wall_baseline,E50p10m10,2025-08-15,0,3,0.33248,0.00783
P2E_Wall_baseline_E50p10m10,Wall_baseline,E50p10m10,2025-08-15,0,4,0.33214,0.01236
P2E_Wall_baseline_E50p10m10,Wall_baseline,E50p10m10,2025-08-15,0,5,0.33203,0.01366
P2E_Wall_baseline_E50p10m10,Wall_baseline,E50p10m10,2025-08-15,0,6,0.33151,-0.00115
P2E_Wall_baseline_E50p10m10,Wall_baseline,E50p10m10,2025-08-15,0,7,0.33167,-0.03721
P2E_Wall_baseline_E50p10m10,Wall_baseline,E50p10m10,2025-08-15,0,8,0.33102,-0.00402
P2E_Wall_baseline_E50p10m10,Wall_baseline,E50p10m10,2025-08-15,0,9,0.33077,-0.03952
P2E_Wall_baseline_E50p10m10,Wall_baseline,E50p10m10,2025-08-15,0,10,0.33051,-0.0469
P2E_Wall_baseline_E50p10m10,Wall_baseline,E50p10m10,2025-08-15,0,11,0.33022,-0.04496
P2E_Wall_baseline_E50p10m10,Wall_baseline,E50p10m10,2025-08-15,0,12,0.33016,-0.02694
P2E_Wall_baseline_E50p10m10,Wall_baseline,E50p10m10,2025-08-15,0,13,0.33059,-0.05511
P2E_Wall_baseline_E50p10m10,Wall_baseline,E50p10m10,2025-08-15,0,14,0.32983,-0.03945
P2E_Wall_baseline_E50p10m10,Wall_baseline,E50p10m10,2025-08-15,0,15,0.32961,-0.01208
P2E_Wall_baseline_E50p10m10,Wall_baseline,E50p10m10,2025-08-15,1,0,0.33486,0.01689
P2E_Wall_baseline_E50p10m10,Wall_baseline,E50p10m10,2025-08-15,1,1,0.33314,0.01591
P2E_Wall_baseline_E50p10m10,Wall_baseline,E50p10m10,2025-08-15,1,2,0.33275,0.01515
P2E_Wall_baseline_E50p10m10,Wall_baseline,E50p10m10,2025-08-15,1,3,0.33228,0.00184
P2E_Wall_baseline_E50p10m10,Wall_baseline,E50p10m10,2025-08-15,1,4,0.33196,-0.02299
P2E_Wall_baseline_E50p10m10,Wall_baseline,E50p10m10,2025-08-15,1,5,0.33152,-0.05337
P2E_Wall_baseline_E50p10m10,Wall_baseline,E50p10m10,2025-08-15,1,6,0.33123,-0.0496
P2E_Wall_baseline_E50p10m10,Wall_baseline,E50p10m10,2025-08-15,1,7,0.33098,-0.00702
P2E_Wall_baseline_E50p10m10,Wall_baseline,E50p10m10,2025-08-15,1,8,0.33035,-0.02983
P2E_Wall_baseline_E50p10m10,Wall_baseline,E50p10m10,2025-08-15,1,9,0.32984,-0.00176
P2E_Wall_baseline_E50p10m10,Wall_baseline,E50p10m10,2025-08-15,1,10,0.32959,-0.01574
P2E_Wall_baseline_E50p10m10,Wall_baseline,E50p10m10,2025-08-15,2,0,0.33573,0.01285
P2E_Wall_baseline_E50p10m10,Wall_baseline,E50p10m10,2025-08-15,2,1,0.3336,0.02658
P2E_Wall_baseline_E50p10m10,Wall_baseline,E50p10m10,2025-08-15,2,2,0.33317,0.00433
P2E_Wall_baseline_E50p10m10,Wall_baseline,E50p10m10,2025-08-15,2,3,0.33261,-0.02254
P2E_Wall_baseline_E50p10m10,Wall_baseline,E50p10m10,2025-08-15,2,4,0.332,-0.02896
P2E_Wall_baseline_E50p10m10,Wall_baseline,E50p10m10,2025-08-15,2,5,0.33131,-0.03451
P2E_Wall_baseline_E50p10m10,Wall_baseline,E50p10m10,2025-08-15,2,6,0.33069,-0.05374
P2E_Wall_baseline_E50p10m10,Wall_baseline,E50p10m10,2025-08-15,2,7,0.33042,-0.04577
P2E_Wall_baseline_E50p10m10,Wall_baseline,E50p10m10,2025-08-15,2,8,0.32983,-0.01327
P2E_Wall_baseline_E50p10m10,Wall_baseline,E50p10m10,2025-08-15,2,9,0.32915,-0.00181
P2E_Wall_baseline_E50p10m10,Wall_baseline,E50p10m10,2025-08-15,2,10,0.32875,0.00214
P2E_Wall_baseline_E50p10m10,Wall_baseline,E50p10m10,2025-08-15,2,11,0.32827,0.00625
P2E_Wall_baseline_E50p10m10,Wall_baseline,E50p10m10,2026-02-26,0,0,0.33384,-0.02243
P2E_Wall_baseline_E50p10m10,Wall_baseline,E50p10m10,2026-02-26,0,1,0.33287,0.0352
P2E_Wall_baseline_E50p10m10,Wall_baseline,E50p10m10,2026-02-26,0,2,0.33274,-0.0096
P2E_Wall_baseline_E50p10m10,Wall_baseline,E50p10m10,2026-02-26,0,3,0.33258,0.06208
P2E_Wall_baseline_E50p10m10,Wall_baseline,E50p10m10,2026-02-26,0,4,0.33238,0.05801
P2E_Wall_baseline_E50p10m10,Wall_baseline,E50p10m10,2026-02-26,0,5,0.33206,0.05412
P2E_Wall_baseline_E50p10m10,Wall_baseline,E50p10m10,2026-02-26,0,6,0.3317,0.02085
P2E_Wall_baseline_E50p10m10,Wall_baseline,E50p10m10,2026-02-26,0,7,0.33151,0.01652
P2E_Wall_baseline_E50p10m10,Wall_baseline,E50p10m10,2026-02-26,0,8,0.33114,0.03281
P2E_Wall_baseline_E50p10m10,Wall_baseline,E50p10m10,2026-02-26,0,9,0.33094,0.00963
P2E_Wall_baseline_E50p10m10,Wall_baseline,E50p10m10,2026-02-26,0,10,0.33069,0.0125
P2E_Wall_baseline_E50p10m10,Wall_baseline,E50p10m10,2026-02-26,0,11,0.3307,0.02884
P2E_Wall_baseline_E50p10m10,Wall_baseline,E50p10m10,2026-02-26,0,12,0.33041,0.01816
P2E_Wall_baseline_E50p10m10,Wall_baseline,E50p10m10,2026-02-26,0,13,0.33014,0.01306
P2E_Wall_baseline_E50p10m10,Wall_baseline,E50p10m10,2026-02-26,1,0,0.33454,0.06897
P2E_Wall_baseline_E50p10m10,Wall_baseline,E50p10m10,2026-02-26,1,1,0.3331,0.0809
P2E_Wall_baseline_E50p10m10,Wall_baseline,E50p10m10,2026-02-26,1,2,0.33275,0.07596
P2E_Wall_baseline_E50p10m10,Wall_baseline,E50p10m10,2026-02-26,1,3,0.3323,0.06502
P2E_Wall_baseline_E50p10m10,Wall_baseline,E50p10m10,2026-02-26,1,4,0.33179,0.06052
P2E_Wall_baseline_E50p10m10,Wall_baseline,E50p10m10,2026-02-26,1,5,0.33146,0.05778
P2E_Wall_baseline_E50p10m10,Wall_baseline,E50p10m10,2026-02-26,1,6,0.33118,0.04447
P2E_Wall_baseline_E50p10m10,Wall_baseline,E50p10m10,2026-02-26,1,7,0.33102,0.05857
P2E_Wall_baseline_E50p10m10,Wall_baseline,E50p10m10,2026-02-26,1,8,0.33074,0.0546
P2E_Wall_baseline_E50p10m10,Wall_baseline,E50p10m10,2026-02-26,1,9,0.33039,0.01066
P2E_Wall_baseline_E50p10m10,Wall_baseline,E50p10m10,2026-02-26,1,10,0.33017,0.02214
P2E_Wall_baseline_E50p10m10,Wall_baseline,E50p10m10,2026-02-26,1,11,0.32976,0.02479
P2E_Wall_baseline_E50p10m10,Wall_baseline,E50p10m10,2026-02-26,2,0,0.33544,0.06717
P2E_Wall_baseline_E50p10m10,Wall_baseline,E50p10m10,2026-02-26,2,1,0.33347,0.07301
P2E_Wall_baseline_E50p10m10,Wall_baseline,E50p10m10,2026-02-26,2,2,0.33301,0.08327
P2E_Wall_baseline_E50p10m10,Wall_baseline,E50p10m10,2026-02-26,2,3,0.33261,0.07175
P2E_Wall_baseline_E50p10m10,Wall_baseline,E50p10m10,2026-02-26,2,4,0.33175,0.03465
P2E_Wall_baseline_E50p10m10,Wall_baseline,E50p10m10,2026-02-26,2,5,0.33111,0.02272
P2E_Wall_baseline_E50p10m10,Wall_baseline,E50p10m10,2026-02-26,2,6,0.33072,0.05147
P2E_Wall_baseline_E50p10m10,Wall_baseline,E50p10m10,2026-02-26,2,7,0.33021,0.03456
P2E_Wall_baseline_E50p10m10,Wall_baseline,E50p10m10,2026-02-26,2,8,0.32959,0.04071
P2E_Wall_baseline_E50p10m10,Wall_baseline,E50p10m10,2026-02-26,2,9,0.32912,0.01576
P2E_Wall_baseline_E50p10m10,Wall_baseline,E50p10m10,2026-02-26,2,10,0.32878,0.01961
P2E_Wall_baseline_E50p10m10,Wall_baseline,E50p10m10,2026-02-26,2,11,0.32826,0.02224
P2E_Wall_baseline_E50p10m10,Wall_baseline,E50p10m10,2026-02-26,2,12,0.32783,0.01188
P2E_Wall_baseline_E100p10,Wall_baseline,E100p10,2023-01-03,0,0,0.33461,-0.02293
P2E_Wall_baseline_E100p10,Wall_baseline,E100p10,2023-01-03,0,1,0.33321,-0.03987
P2E_Wall_baseline_E100p10,Wall_baseline,E100p10,2023-01-03,0,2,0.33308,-0.04688
P2E_Wall_baseline_E100p10,Wall_baseline,E100p10,2023-01-03,0,3,0.33295,-0.08161
P2E_Wall_baseline_E100p10,Wall_baseline,E100p10,2023-01-03,0,4,0.33252,-0.07998
P2E_Wall_baseline_E100p10,Wall_baseline,E100p10,2023-01-03,0,5,0.33205,-0.07602
P2E_Wall_baseline_E100p10,Wall_baseline,E100p10,2023-01-03,0,6,0.33171,-0.07326
P2E_Wall_baseline_E100p10,Wall_baseline,E100p10,2023-01-03,0,7,0.33143,-0.07048
P2E_Wall_baseline_E100p10,Wall_baseline,E100p10,2023-01-03,0,8,0.33117,-0.06563
P2E_Wall_baseline_E100p10,Wall_baseline,E100p10,2023-01-03,0,9,0.33096,-0.06218
P2E_Wall_baseline_E100p10,Wall_baseline,E100p10,2023-01-03,0,10,0.33081,-0.04863
P2E_Wall_baseline_E100p10,Wall_baseline,E100p10,2023-01-03,1,0,0.33534,-0.08366
P2E_Wall_baseline_E100p10,Wall_baseline,E100p10,2023-01-03,1,1,0.33346,-0.08314
P2E_Wall_baseline_E100p10,Wall_baseline,E100p10,2023-01-03,1,2,0.33296,-0.08202
P2E_Wall_baseline_E100p10,Wall_baseline,E100p10,2023-01-03,1,3,0.33257,-0.08322
P2E_Wall_baseline_E100p10,Wall_baseline,E100p10,2023-01-03,1,4,0.33222,-0.07541
P2E_Wall_baseline_E100p10,Wall_baseline,E100p10,2023-01-03,1,5,0.33198,-0.0594
P2E_Wall_baseline_E100p10,Wall_baseline,E100p10,2023-01-03,1,6,0.33164,-0.05811
P2E_Wall_baseline_E100p10,Wall_baseline,E100p10,2023-01-03,1,7,0.33131,-0.02428
P2E_Wall_baseline_E100p10,Wall_baseline,E100p10,2023-01-03,1,8,0.33098,0.00926
P2E_Wall_baseline_E100p10,Wall_baseline,E100p10,2023-01-03,1,9,0.33039,0.02043
P2E_Wall_baseline_E100p10,Wall_baseline,E100p10,2023-01-03,1,10,0.32981,0.02489
P2E_Wall_baseline_E100p10,Wall_baseline,E100p10,2023-01-03,1,11,0.32927,-0.02703
P2E_Wall_baseline_E100p10,Wall_baseline,E100p10,2023-01-03,1,12,0.32855,0.0201
P2E_Wall_baseline_E100p10,Wall_baseline,E100p10,2023-01-03,1,13,0.32862,0.04316
P2E_Wall_baseline_E100p10,Wall_baseline,E100p10,2023-01-03,1,14,0.32798,0.04812
P2E_Wall_baseline_E100p10,Wall_baseline,E100p10,2023-01-03,1,15,0.32756,0.04216
P2E_Wall_baseline_E100p10,Wall_baseline,E100p10,2023-01-03,1,16,0.32731,0.03531
P2E_Wall_baseline_E100p10,Wall_baseline,E100p10,2023-01-03,1,17,0.32777,0.02101
P2E_Wall_baseline_E100p10,Wall_baseline,E100p10,2023-01-03,1,18,0.32723,0.01637
P2E_Wall_baseline_E100p10,Wall_baseline,E100p10,2023-01-03,1,19,0.32657,0.02126
P2E_Wall_baseline_E100p10,Wall_baseline,E100p10,2023-01-03,1,20,0.32593,0.00972
P2E_Wall_baseline_E100p10,Wall_baseline,E100p10,2023-01-03,1,21,0.32543,0.01907
P2E_Wall_baseline_E100p10,Wall_baseline,E100p10,2023-01-03,1,22,0.32516,0.01989
P2E_Wall_baseline_E100p10,Wall_baseline,E100p10,2023-01-03,1,23,0.32484,0.00567
P2E_Wall_baseline_E100p10,Wall_baseline,E100p10,2023-01-03,1,24,0.32422,0.01106
P2E_Wall_baseline_E100p10,Wall_baseline,E100p10,2023-01-03,2,0,0.33623,-0.08208
P2E_Wall_baseline_E100p10,Wall_baseline,E100p10,2023-01-03,2,1,0.33401,-0.08228
P2E_Wall_baseline_E100p10,Wall_baseline,E100p10,2023-01-03,2,2,0.33346,-0.05702
P2E_Wall_baseline_E100p10,Wall_baseline,E100p10,2023-01-03,2,3,0.33291,-0.01986
P2E_Wall_baseline_E100p10,Wall_baseline,E100p10,2023-01-03,2,4,0.33207,0.0099
P2E_Wall_baseline_E100p10,Wall_baseline,E100p10,2023-01-03,2,5,0.33098,-0.02829
P2E_Wall_baseline_E100p10,Wall_baseline,E100p10,2023-01-03,2,6,0.33038,0.03999
P2E_Wall_baseline_E100p10,Wall_baseline,E100p10,2023-01-03,2,7,0.3298,-0.01997
P2E_Wall_baseline_E100p10,Wall_baseline,E100p10,2023-01-03,2,8,0.32953,0.02266
P2E_Wall_baseline_E100p10,Wall_baseline,E100p10,2023-01-03,2,9,0.32923,-0.00801
P2E_Wall_baseline_E100p10,Wall_baseline,E100p10,2023-01-03,2,10,0.32871,-0.01665
P2E_Wall_baseline_E100p10,Wall_baseline,E100p10,2023-01-03,2,11,0.32861,0.00446
P2E_Wall_baseline_E100p10,Wall_baseline,E100p10,2023-01-03,2,12,0.32804,-0.02269
P2E_Wall_baseline_E100p10,Wall_baseline,E100p10,2023-01-03,2,13,0.32776,0.00862
P2E_Wall_baseline_E100p10,Wall_baseline,E100p10,2023-01-03,2,14,0.32726,0.0145
P2E_Wall_baseline_E100p10,Wall_baseline,E100p10,2023-01-03,2,15,0.3265,0.01147
P2E_Wall_baseline_E100p10,Wall_baseline,E100p10,2023-01-03,2,16,0.32675,0.00585
P2E_Wall_baseline_E100p10,Wall_baseline,E100p10,2023-07-20,0,0,0.33417,-0.07603
P2E_Wall_baseline_E100p10,Wall_baseline,E100p10,2023-07-20,0,1,0.3331,-0.05465
P2E_Wall_baseline_E100p10,Wall_baseline,E100p10,2023-07-20,0,2,0.33292,0.01265
P2E_Wall_baseline_E100p10,Wall_baseline,E100p10,2023-07-20,0,3,0.33269,0.0126
P2E_Wall_baseline_E100p10,Wall_baseline,E100p10,2023-07-20,0,4,0.33252,0.01184
P2E_Wall_baseline_E100p10,Wall_baseline,E100p10,2023-07-20,0,5,0.33211,0.01057
P2E_Wall_baseline_E100p10,Wall_baseline,E100p10,2023-07-20,0,6,0.33188,0.01412
P2E_Wall_baseline_E100p10,Wall_baseline,E100p10,2023-07-20,0,7,0.33166,0.05394
P2E_Wall_baseline_E100p10,Wall_baseline,E100p10,2023-07-20,0,8,0.33151,0.00027
P2E_Wall_baseline_E100p10,Wall_baseline,E100p10,2023-07-20,0,9,0.33108,-0.02404
P2E_Wall_baseline_E100p10,Wall_baseline,E100p10,2023-07-20,0,10,0.33089,-0.00771
P2E_Wall_baseline_E100p10,Wall_baseline,E100p10,2023-07-20,0,11,0.33117,-0.0255
P2E_Wall_baseline_E100p10,Wall_baseline,E100p10,2023-07-20,0,12,0.33056,-0.01758
P2E_Wall_baseline_E100p10,Wall_baseline,E100p10,2023-07-20,0,13,0.33044,-0.04759
P2E_Wall_baseline_E100p10,Wall_baseline,E100p10,2023-07-20,0,14,0.33019,-0.02181
P2E_Wall_baseline_E100p10,Wall_baseline,E100p10,2023-07-20,0,15,0.33022,0.03692
P2E_Wall_baseline_E100p10,Wall_baseline,E100p10,2023-07-20,0,16,0.32974,0.00019
P2E_Wall_baseline_E100p10,Wall_baseline,E100p10,2023-07-20,0,17,0.32955,0.00412
P2E_Wall_baseline_E100p10,Wall_baseline,E100p10,2023-07-20,1,0,0.33548,-0.01315
P2E_Wall_baseline_E100p10,Wall_baseline,E100p10,2023-07-20,1,1,0.33332,0.03185
P2E_Wall_baseline_E100p10,Wall_baseline,E100p10,2023-07-20,1,2,0.33321,0.03527
P2E_Wall_baseline_E100p10,Wall_baseline,E100p10,2023-07-20,1,3,0.33267,0.03689
P2E_Wall_baseline_E100p10,Wall_baseline,E100p10,2023-07-20,1,4,0.3323,0.06255
P2E_Wall_baseline_E100p10,Wall_baseline,E100p10,2023-07-20,1,5,0.33175,0.10563
P2E_Wall_baseline_E100p10,Wall_baseline,E100p10,2023-07-20,1,6,0.3311,0.09183
P2E_Wall_baseline_E100p10,Wall_baseline,E100p10,2023-07-20,1,7,0.33084,0.09801
P2E_Wall_baseline_E100p10,Wall_baseline,E100p10,2023-07-20,1,8,0.33018,0.09616
P2E_Wall_baseline_E100p10,Wall_baseline,E100p10,2023-07-20,1,9,0.32979,0.07267
P2E_Wall_baseline_E100p10,Wall_baseline,E100p10,2023-07-20,1,10,0.32936,0.09064
P2E_Wall_baseline_E100p10,Wall_baseline,E100p10,2023-07-20,1,11,0.32908,0.09495
P2E_Wall_baseline_E100p10,Wall_baseline,E100p10,2023-07-20,1,12,0.32868,0.08764
P2E_Wall_baseline_E100p10,Wall_baseline,E100p10,2023-07-20,1,13,0.32821,0.04457
P2E_Wall_baseline_E100p10,Wall_baseline,E100p10,2023-07-20,1,14,0.3281,0.06271
P2E_Wall_baseline_E100p10,Wall_baseline,E100p10,2023-07-20,1,15,0.32812,0.05042
P2E_Wall_baseline_E100p10,Wall_baseline,E100p10,2023-07-20,2,0,0.33589,0.02132
P2E_Wall_baseline_E100p10,Wall_baseline,E100p10,2023-07-20,2,1,0.33384,0.02845
P2E_Wall_baseline_E100p10,Wall_baseline,E100p10,2023-07-20,2,2,0.33351,0.0579
P2E_Wall_baseline_E100p10,Wall_baseline,E100p10,2023-07-20,2,3,0.33277,0.09655
P2E_Wall_baseline_E100p10,Wall_baseline,E100p10,2023-07-20,2,4,0.33213,0.10895
P2E_Wall_baseline_E100p10,Wall_baseline,E100p10,2023-07-20,2,5,0.33118,0.08447
P2E_Wall_baseline_E100p10,Wall_baseline,E100p10,2023-07-20,2,6,0.33047,0.09226
P2E_Wall_baseline_E100p10,Wall_baseline,E100p10,2023-07-20,2,7,0.33001,0.07126
P2E_Wall_baseline_E100p10,Wall_baseline,E100p10,2023-07-20,2,8,0.32938,0.0588
P2E_Wall_baseline_E100p10,Wall_baseline,E100p10,2023-07-20,2,9,0.32917,0.05334
P2E_Wall_baseline_E100p10,Wall_baseline,E100p10,2023-07-20,2,10,0.3291,0.05361
P2E_Wall_baseline_E100p10,Wall_baseline,E100p10,2023-07-20,2,11,0.32871,0.06167
P2E_Wall_baseline_E100p10,Wall_baseline,E100p10,2023-07-20,2,12,0.32812,0.05701
P2E_Wall_baseline_E100p10,Wall_baseline,E100p10,2023-07-20,2,13,0.32808,0.06194
P2E_Wall_baseline_E100p10,Wall_baseline,E100p10,2023-07-20,2,14,0.32747,0.04568
P2E_Wall_baseline_E100p10,Wall_baseline,E100p10,2024-01-19,0,0,0.33423,-0.02918
P2E_Wall_baseline_E100p10,Wall_baseline,E100p10,2024-01-19,0,1,0.33309,0.05041
P2E_Wall_baseline_E100p10,Wall_baseline,E100p10,2024-01-19,0,2,0.33286,0.05947
P2E_Wall_baseline_E100p10,Wall_baseline,E100p10,2024-01-19,0,3,0.33263,0.05489
P2E_Wall_baseline_E100p10,Wall_baseline,E100p10,2024-01-19,0,4,0.33228,0.04769
P2E_Wall_baseline_E100p10,Wall_baseline,E100p10,2024-01-19,0,5,0.3318,0.0377
P2E_Wall_baseline_E100p10,Wall_baseline,E100p10,2024-01-19,0,6,0.33163,0.03033
P2E_Wall_baseline_E100p10,Wall_baseline,E100p10,2024-01-19,0,7,0.33122,-0.02975
P2E_Wall_baseline_E100p10,Wall_baseline,E100p10,2024-01-19,0,8,0.331,-0.02163
P2E_Wall_baseline_E100p10,Wall_baseline,E100p10,2024-01-19,0,9,0.33095,-0.01813
P2E_Wall_baseline_E100p10,Wall_baseline,E100p10,2024-01-19,0,10,0.33057,-0.03714
P2E_Wall_baseline_E100p10,Wall_baseline,E100p10,2024-01-19,0,11,0.33047,-0.02742
P2E_Wall_baseline_E100p10,Wall_baseline,E100p10,2024-01-19,0,12,0.3304,-0.01336
P2E_Wall_baseline_E100p10,Wall_baseline,E100p10,2024-01-19,1,0,0.33543,0.05207
P2E_Wall_baseline_E100p10,Wall_baseline,E100p10,2024-01-19,1,1,0.33349,0.05042
P2E_Wall_baseline_E100p10,Wall_baseline,E100p10,2024-01-19,1,2,0.33281,0.04277
P2E_Wall_baseline_E100p10,Wall_baseline,E100p10,2024-01-19,1,3,0.33254,0.04064
P2E_Wall_baseline_E100p10,Wall_baseline,E100p10,2024-01-19,1,4,0.33208,0.02065
P2E_Wall_baseline_E100p10,Wall_baseline,E100p10,2024-01-19,1,5,0.33102,0.00435
P2E_Wall_baseline_E100p10,Wall_baseline,E100p10,2024-01-19,1,6,0.33005,0.04233
P2E_Wall_baseline_E100p10,Wall_baseline,E100p10,2024-01-19,1,7,0.32974,0.02817
P2E_Wall_baseline_E100p10,Wall_baseline,E100p10,2024-01-19,1,8,0.32916,0.03466
P2E_Wall_baseline_E100p10,Wall_baseline,E100p10,2024-01-19,1,9,0.3291,0.052
P2E_Wall_baseline_E100p10,Wall_baseline,E100p10,2024-01-19,1,10,0.32857,0.0229
P2E_Wall_baseline_E100p10,Wall_baseline,E100p10,2024-01-19,2,0,0.33579,0.04516
P2E_Wall_baseline_E100p10,Wall_baseline,E100p10,2024-01-19,2,1,0.33365,0.03985
P2E_Wall_baseline_E100p10,Wall_baseline,E100p10,2024-01-19,2,2,0.33288,0.01815
P2E_Wall_baseline_E100p10,Wall_baseline,E100p10,2024-01-19,2,3,0.33207,0.03285
P2E_Wall_baseline_E100p10,Wall_baseline,E100p10,2024-01-19,2,4,0.33122,0.03669
P2E_Wall_baseline_E100p10,Wall_baseline,E100p10,2024-01-19,2,5,0.33017,0.03165
P2E_Wall_baseline_E100p10,Wall_baseline,E100p10,2024-01-19,2,6,0.32966,0.0393
P2E_Wall_baseline_E100p10,Wall_baseline,E100p10,2024-01-19,2,7,0.32901,-0.00878
P2E_Wall_baseline_E100p10,Wall_baseline,E100p10,2024-01-19,2,8,0.32891,0.01206
P2E_Wall_baseline_E100p10,Wall_baseline,E100p10,2024-01-19,2,9,0.32847,-0.01592
P2E_Wall_baseline_E100p10,Wall_baseline,E100p10,2024-01-19,2,10,0.32808,0.01576
P2E_Wall_baseline_E100p10,Wall_baseline,E100p10,2024-08-02,0,0,0.33421,0.08596
P2E_Wall_baseline_E100p10,Wall_baseline,E100p10,2024-08-02,0,1,0.33294,0.04864
P2E_Wall_baseline_E100p10,Wall_baseline,E100p10,2024-08-02,0,2,0.33257,0.03017
P2E_Wall_baseline_E100p10,Wall_baseline,E100p10,2024-08-02,0,3,0.33219,0.0148
P2E_Wall_baseline_E100p10,Wall_baseline,E100p10,2024-08-02,0,4,0.33195,0.00525
P2E_Wall_baseline_E100p10,Wall_baseline,E100p10,2024-08-02,0,5,0.33165,-0.06014
P2E_Wall_baseline_E100p10,Wall_baseline,E100p10,2024-08-02,0,6,0.33134,-0.05899
P2E_Wall_baseline_E100p10,Wall_baseline,E100p10,2024-08-02,0,7,0.33109,-0.05101
P2E_Wall_baseline_E100p10,Wall_baseline,E100p10,2024-08-02,0,8,0.33077,-0.04668
P2E_Wall_baseline_E100p10,Wall_baseline,E100p10,2024-08-02,0,9,0.3304,-0.01658
P2E_Wall_baseline_E100p10,Wall_baseline,E100p10,2024-08-02,0,10,0.32976,-0.03813
P2E_Wall_baseline_E100p10,Wall_baseline,E100p10,2024-08-02,1,0,0.33534,0.03866
P2E_Wall_baseline_E100p10,Wall_baseline,E100p10,2024-08-02,1,1,0.33321,0.02276
P2E_Wall_baseline_E100p10,Wall_baseline,E100p10,2024-08-02,1,2,0.33253,0.01813
P2E_Wall_baseline_E100p10,Wall_baseline,E100p10,2024-08-02,1,3,0.3321,0.00368
P2E_Wall_baseline_E100p10,Wall_baseline,E100p10,2024-08-02,1,4,0.33179,-0.0275
P2E_Wall_baseline_E100p10,Wall_baseline,E100p10,2024-08-02,1,5,0.33095,-0.01751
P2E_Wall_baseline_E100p10,Wall_baseline,E100p10,2024-08-02,1,6,0.33035,-0.00189
P2E_Wall_baseline_E100p10,Wall_baseline,E100p10,2024-08-02,1,7,0.33,0.00395
P2E_Wall_baseline_E100p10,Wall_baseline,E100p10,2024-08-02,1,8,0.3296,0.03999
P2E_Wall_baseline_E100p10,Wall_baseline,E100p10,2024-08-02,1,9,0.32921,0.01355
P2E_Wall_baseline_E100p10,Wall_baseline,E100p10,2024-08-02,1,10,0.32889,0.04905
P2E_Wall_baseline_E100p10,Wall_baseline,E100p10,2024-08-02,1,11,0.32803,0.04061
P2E_Wall_baseline_E100p10,Wall_baseline,E100p10,2024-08-02,1,12,0.32799,0.03683
P2E_Wall_baseline_E100p10,Wall_baseline,E100p10,2024-08-02,1,13,0.32745,0.03591
P2E_Wall_baseline_E100p10,Wall_baseline,E100p10,2024-08-02,1,14,0.32685,0.03601
P2E_Wall_baseline_E100p10,Wall_baseline,E100p10,2024-08-02,1,15,0.32683,0.0405
P2E_Wall_baseline_E100p10,Wall_baseline,E100p10,2024-08-02,1,16,0.32635,0.01412
P2E_Wall_baseline_E100p10,Wall_baseline,E100p10,2024-08-02,1,17,0.32604,0.02324
P2E_Wall_baseline_E100p10,Wall_baseline,E100p10,2024-08-02,1,18,0.32533,0.02412
P2E_Wall_baseline_E100p10,Wall_baseline,E100p10,2024-08-02,1,19,0.32527,0.04646
P2E_Wall_baseline_E100p10,Wall_baseline,E100p10,2024-08-02,1,20,0.3249,0.04535
P2E_Wall_baseline_E100p10,Wall_baseline,E100p10,2024-08-02,2,0,0.33558,0.03563
P2E_Wall_baseline_E100p10,Wall_baseline,E100p10,2024-08-02,2,1,0.33355,0.0186
P2E_Wall_baseline_E100p10,Wall_baseline,E100p10,2024-08-02,2,2,0.33288,-0.02131
P2E_Wall_baseline_E100p10,Wall_baseline,E100p10,2024-08-02,2,3,0.33229,-0.02895
P2E_Wall_baseline_E100p10,Wall_baseline,E100p10,2024-08-02,2,4,0.33112,-0.0266
P2E_Wall_baseline_E100p10,Wall_baseline,E100p10,2024-08-02,2,5,0.33066,-0.02863
P2E_Wall_baseline_E100p10,Wall_baseline,E100p10,2024-08-02,2,6,0.33014,-0.01484
P2E_Wall_baseline_E100p10,Wall_baseline,E100p10,2024-08-02,2,7,0.32976,0.00744
P2E_Wall_baseline_E100p10,Wall_baseline,E100p10,2024-08-02,2,8,0.32951,0.02963
P2E_Wall_baseline_E100p10,Wall_baseline,E100p10,2024-08-02,2,9,0.32924,0.02697
P2E_Wall_baseline_E100p10,Wall_baseline,E100p10,2024-08-02,2,10,0.32872,0.03739
P2E_Wall_baseline_E100p10,Wall_baseline,E100p10,2024-08-02,2,11,0.32829,0.03108
P2E_Wall_baseline_E100p10,Wall_baseline,E100p10,2024-08-02,2,12,0.32776,0.03679
P2E_Wall_baseline_E100p10,Wall_baseline,E100p10,2024-08-02,2,13,0.32741,0.05027
P2E_Wall_baseline_E100p10,Wall_baseline,E100p10,2024-08-02,2,14,0.32683,0.04765
P2E_Wall_baseline_E100p10,Wall_baseline,E100p10,2024-08-02,2,15,0.32672,0.02848
P2E_Wall_baseline_E100p10,Wall_baseline,E100p10,2024-08-02,2,16,0.32616,0.05046
P2E_Wall_baseline_E100p10,Wall_baseline,E100p10,2024-08-02,2,17,0.32542,0.03905
P2E_Wall_baseline_E100p10,Wall_baseline,E100p10,2024-08-02,2,18,0.32519,0.05164
P2E_Wall_baseline_E100p10,Wall_baseline,E100p10,2024-08-02,2,19,0.32457,0.04577
P2E_Wall_baseline_E100p10,Wall_baseline,E100p10,2024-08-02,2,20,0.32401,0.049
P2E_Wall_baseline_E100p10,Wall_baseline,E100p10,2024-08-02,2,21,0.32342,0.03993
P2E_Wall_baseline_E100p10,Wall_baseline,E100p10,2024-08-02,2,22,0.32297,0.04842
P2E_Wall_baseline_E100p10,Wall_baseline,E100p10,2024-08-02,2,23,0.32241,0.04417
P2E_Wall_baseline_E100p10,Wall_baseline,E100p10,2024-08-02,2,24,0.32186,0.04877
P2E_Wall_baseline_E100p10,Wall_baseline,E100p10,2024-08-02,2,25,0.32162,0.05071
P2E_Wall_baseline_E100p10,Wall_baseline,E100p10,2024-08-02,2,26,0.32112,0.05376
P2E_Wall_baseline_E100p10,Wall_baseline,E100p10,2024-08-02,2,27,0.32019,0.05436
P2E_Wall_baseline_E100p10,Wall_baseline,E100p10,2024-08-02,2,28,0.32005,0.03743
P2E_Wall_baseline_E100p10,Wall_baseline,E100p10,2024-08-02,2,29,0.31932,0.04709
P2E_Wall_baseline_E100p10,Wall_baseline,E100p10,2024-08-02,2,30,0.31873,0.04359
P2E_Wall_baseline_E100p10,Wall_baseline,E100p10,2024-08-02,2,31,0.31765,0.02851
P2E_Wall_baseline_E100p10,Wall_baseline,E100p10,2024-08-02,2,32,0.31693,0.03329
P2E_Wall_baseline_E100p10,Wall_baseline,E100p10,2024-08-02,2,33,0.31642,0.03989
P2E_Wall_baseline_E100p10,Wall_baseline,E100p10,2024-08-02,2,34,0.31541,0.03766
P2E_Wall_baseline_E100p10,Wall_baseline,E100p10,2024-08-02,2,35,0.31489,0.03727
P2E_Wall_baseline_E100p10,Wall_baseline,E100p10,2024-08-02,2,36,0.31409,0.03564
P2E_Wall_baseline_E100p10,Wall_baseline,E100p10,2024-08-02,2,37,0.31328,0.02892
P2E_Wall_baseline_E100p10,Wall_baseline,E100p10,2025-02-13,0,0,0.33404,0.05448
P2E_Wall_baseline_E100p10,Wall_baseline,E100p10,2025-02-13,0,1,0.33302,0.03432
P2E_Wall_baseline_E100p10,Wall_baseline,E100p10,2025-02-13,0,2,0.33284,0.02734
P2E_Wall_baseline_E100p10,Wall_baseline,E100p10,2025-02-13,0,3,0.33277,0.03006
P2E_Wall_baseline_E100p10,Wall_baseline,E100p10,2025-02-13,0,4,0.33261,0.03399
P2E_Wall_baseline_E100p10,Wall_baseline,E100p10,2025-02-13,0,5,0.33226,0.04106
P2E_Wall_baseline_E100p10,Wall_baseline,E100p10,2025-02-13,0,6,0.33203,0.02272
P2E_Wall_baseline_E100p10,Wall_baseline,E100p10,2025-02-13,0,7,0.33172,0.02981
P2E_Wall_baseline_E100p10,Wall_baseline,E100p10,2025-02-13,0,8,0.33132,0.02129
P2E_Wall_baseline_E100p10,Wall_baseline,E100p10,2025-02-13,0,9,0.3311,0.02744
P2E_Wall_baseline_E100p10,Wall_baseline,E100p10,2025-02-13,0,10,0.33089,0.03224
P2E_Wall_baseline_E100p10,Wall_baseline,E100p10,2025-02-13,1,0,0.33471,0.02225
P2E_Wall_baseline_E100p10,Wall_baseline,E100p10,2025-02-13,1,1,0.33324,0.02826
P2E_Wall_baseline_E100p10,Wall_baseline,E100p10,2025-02-13,1,2,0.33281,-0.00431
P2E_Wall_baseline_E100p10,Wall_baseline,E100p10,2025-02-13,1,3,0.33221,-0.07143
P2E_Wall_baseline_E100p10,Wall_baseline,E100p10,2025-02-13,1,4,0.33174,-0.09463
P2E_Wall_baseline_E100p10,Wall_baseline,E100p10,2025-02-13,1,5,0.33098,-0.10213
P2E_Wall_baseline_E100p10,Wall_baseline,E100p10,2025-02-13,1,6,0.33058,-0.08138
P2E_Wall_baseline_E100p10,Wall_baseline,E100p10,2025-02-13,1,7,0.33022,-0.04281
P2E_Wall_baseline_E100p10,Wall_baseline,E100p10,2025-02-13,1,8,0.32971,-0.07182
P2E_Wall_baseline_E100p10,Wall_baseline,E100p10,2025-02-13,1,9,0.32927,0.00957
P2E_Wall_baseline_E100p10,Wall_baseline,E100p10,2025-02-13,1,10,0.32892,-0.01814
P2E_Wall_baseline_E100p10,Wall_baseline,E100p10,2025-02-13,1,11,0.32849,0.01941
P2E_Wall_baseline_E100p10,Wall_baseline,E100p10,2025-02-13,2,0,0.33578,0.0385
P2E_Wall_baseline_E100p10,Wall_baseline,E100p10,2025-02-13,2,1,0.33361,0.01359
P2E_Wall_baseline_E100p10,Wall_baseline,E100p10,2025-02-13,2,2,0.33299,-0.04772
P2E_Wall_baseline_E100p10,Wall_baseline,E100p10,2025-02-13,2,3,0.33239,-0.10443
P2E_Wall_baseline_E100p10,Wall_baseline,E100p10,2025-02-13,2,4,0.33165,-0.09519
P2E_Wall_baseline_E100p10,Wall_baseline,E100p10,2025-02-13,2,5,0.33091,-0.08225
P2E_Wall_baseline_E100p10,Wall_baseline,E100p10,2025-02-13,2,6,0.3303,-0.06956
P2E_Wall_baseline_E100p10,Wall_baseline,E100p10,2025-02-13,2,7,0.32991,-0.04598
P2E_Wall_baseline_E100p10,Wall_baseline,E100p10,2025-02-13,2,8,0.32934,-0.05766
P2E_Wall_baseline_E100p10,Wall_baseline,E100p10,2025-02-13,2,9,0.32894,-0.06202
P2E_Wall_baseline_E100p10,Wall_baseline,E100p10,2025-02-13,2,10,0.32855,-0.0175
P2E_Wall_baseline_E100p10,Wall_baseline,E100p10,2025-08-15,0,0,0.3339,0.01031
P2E_Wall_baseline_E100p10,Wall_baseline,E100p10,2025-08-15,0,1,0.33294,0.00592
P2E_Wall_baseline_E100p10,Wall_baseline,E100p10,2025-08-15,0,2,0.3328,0.00534
P2E_Wall_baseline_E100p10,Wall_baseline,E100p10,2025-08-15,0,3,0.33248,0.00783
P2E_Wall_baseline_E100p10,Wall_baseline,E100p10,2025-08-15,0,4,0.33214,0.01236
P2E_Wall_baseline_E100p10,Wall_baseline,E100p10,2025-08-15,0,5,0.33203,0.01366
P2E_Wall_baseline_E100p10,Wall_baseline,E100p10,2025-08-15,0,6,0.33151,-0.00115
P2E_Wall_baseline_E100p10,Wall_baseline,E100p10,2025-08-15,0,7,0.33167,-0.03721
P2E_Wall_baseline_E100p10,Wall_baseline,E100p10,2025-08-15,0,8,0.33102,-0.00402
P2E_Wall_baseline_E100p10,Wall_baseline,E100p10,2025-08-15,0,9,0.33077,-0.03952
P2E_Wall_baseline_E100p10,Wall_baseline,E100p10,2025-08-15,0,10,0.33051,-0.0469
P2E_Wall_baseline_E100p10,Wall_baseline,E100p10,2025-08-15,0,11,0.33022,-0.04496
P2E_Wall_baseline_E100p10,Wall_baseline,E100p10,2025-08-15,0,12,0.33016,-0.02694
P2E_Wall_baseline_E100p10,Wall_baseline,E100p10,2025-08-15,0,13,0.33059,-0.05511
P2E_Wall_baseline_E100p10,Wall_baseline,E100p10,2025-08-15,0,14,0.32983,-0.03945
P2E_Wall_baseline_E100p10,Wall_baseline,E100p10,2025-08-15,0,15,0.32961,-0.01208
P2E_Wall_baseline_E100p10,Wall_baseline,E100p10,2025-08-15,1,0,0.33486,0.01689
P2E_Wall_baseline_E100p10,Wall_baseline,E100p10,2025-08-15,1,1,0.33314,0.01591
P2E_Wall_baseline_E100p10,Wall_baseline,E100p10,2025-08-15,1,2,0.33275,0.01515
P2E_Wall_baseline_E100p10,Wall_baseline,E100p10,2025-08-15,1,3,0.33228,0.00184
P2E_Wall_baseline_E100p10,Wall_baseline,E100p10,2025-08-15,1,4,0.33196,-0.02299
P2E_Wall_baseline_E100p10,Wall_baseline,E100p10,2025-08-15,1,5,0.33152,-0.05337
P2E_Wall_baseline_E100p10,Wall_baseline,E100p10,2025-08-15,1,6,0.33123,-0.0496
P2E_Wall_baseline_E100p10,Wall_baseline,E100p10,2025-08-15,1,7,0.33098,-0.00702
P2E_Wall_baseline_E100p10,Wall_baseline,E100p10,2025-08-15,1,8,0.33035,-0.02983
P2E_Wall_baseline_E100p10,Wall_baseline,E100p10,2025-08-15,1,9,0.32984,-0.00176
P2E_Wall_baseline_E100p10,Wall_baseline,E100p10,2025-08-15,1,10,0.32959,-0.01574
P2E_Wall_baseline_E100p10,Wall_baseline,E100p10,2025-08-15,2,0,0.33573,0.01285
P2E_Wall_baseline_E100p10,Wall_baseline,E100p10,2025-08-15,2,1,0.3336,0.02658
P2E_Wall_baseline_E100p10,Wall_baseline,E100p10,2025-08-15,2,2,0.33317,0.00433
P2E_Wall_baseline_E100p10,Wall_baseline,E100p10,2025-08-15,2,3,0.33261,-0.02254
P2E_Wall_baseline_E100p10,Wall_baseline,E100p10,2025-08-15,2,4,0.332,-0.02896
P2E_Wall_baseline_E100p10,Wall_baseline,E100p10,2025-08-15,2,5,0.33131,-0.03451
P2E_Wall_baseline_E100p10,Wall_baseline,E100p10,2025-08-15,2,6,0.33069,-0.05374
P2E_Wall_baseline_E100p10,Wall_baseline,E100p10,2025-08-15,2,7,0.33042,-0.04577
P2E_Wall_baseline_E100p10,Wall_baseline,E100p10,2025-08-15,2,8,0.32983,-0.01327
P2E_Wall_baseline_E100p10,Wall_baseline,E100p10,2025-08-15,2,9,0.32915,-0.00181
P2E_Wall_baseline_E100p10,Wall_baseline,E100p10,2025-08-15,2,10,0.32875,0.00214
P2E_Wall_baseline_E100p10,Wall_baseline,E100p10,2025-08-15,2,11,0.32827,0.00625
P2E_Wall_baseline_E100p10,Wall_baseline,E100p10,2026-02-26,0,0,0.33384,-0.02243
P2E_Wall_baseline_E100p10,Wall_baseline,E100p10,2026-02-26,0,1,0.33287,0.0352
P2E_Wall_baseline_E100p10,Wall_baseline,E100p10,2026-02-26,0,2,0.33274,-0.0096
P2E_Wall_baseline_E100p10,Wall_baseline,E100p10,2026-02-26,0,3,0.33258,0.06208
P2E_Wall_baseline_E100p10,Wall_baseline,E100p10,2026-02-26,0,4,0.33238,0.05801
P2E_Wall_baseline_E100p10,Wall_baseline,E100p10,2026-02-26,0,5,0.33206,0.05412
P2E_Wall_baseline_E100p10,Wall_baseline,E100p10,2026-02-26,0,6,0.3317,0.02085
P2E_Wall_baseline_E100p10,Wall_baseline,E100p10,2026-02-26,0,7,0.33151,0.01652
P2E_Wall_baseline_E100p10,Wall_baseline,E100p10,2026-02-26,0,8,0.33114,0.03281
P2E_Wall_baseline_E100p10,Wall_baseline,E100p10,2026-02-26,0,9,0.33094,0.00963
P2E_Wall_baseline_E100p10,Wall_baseline,E100p10,2026-02-26,0,10,0.33069,0.0125
P2E_Wall_baseline_E100p10,Wall_baseline,E100p10,2026-02-26,0,11,0.3307,0.02884
P2E_Wall_baseline_E100p10,Wall_baseline,E100p10,2026-02-26,0,12,0.33041,0.01816
P2E_Wall_baseline_E100p10,Wall_baseline,E100p10,2026-02-26,0,13,0.33014,0.01306
P2E_Wall_baseline_E100p10,Wall_baseline,E100p10,2026-02-26,1,0,0.33454,0.06897
P2E_Wall_baseline_E100p10,Wall_baseline,E100p10,2026-02-26,1,1,0.3331,0.0809
P2E_Wall_baseline_E100p10,Wall_baseline,E100p10,2026-02-26,1,2,0.33275,0.07596
P2E_Wall_baseline_E100p10,Wall_baseline,E100p10,2026-02-26,1,3,0.3323,0.06502
P2E_Wall_baseline_E100p10,Wall_baseline,E100p10,2026-02-26,1,4,0.33179,0.06052
P2E_Wall_baseline_E100p10,Wall_baseline,E100p10,2026-02-26,1,5,0.33146,0.05778
P2E_Wall_baseline_E100p10,Wall_baseline,E100p10,2026-02-26,1,6,0.33118,0.04447
P2E_Wall_baseline_E100p10,Wall_baseline,E100p10,2026-02-26,1,7,0.33102,0.05857
P2E_Wall_baseline_E100p10,Wall_baseline,E100p10,2026-02-26,1,8,0.33074,0.0546
P2E_Wall_baseline_E100p10,Wall_baseline,E100p10,2026-02-26,1,9,0.33039,0.01066
P2E_Wall_baseline_E100p10,Wall_baseline,E100p10,2026-02-26,1,10,0.33017,0.02214
P2E_Wall_baseline_E100p10,Wall_baseline,E100p10,2026-02-26,1,11,0.32976,0.02479
P2E_Wall_baseline_E100p10,Wall_baseline,E100p10,2026-02-26,2,0,0.33544,0.06717
P2E_Wall_baseline_E100p10,Wall_baseline,E100p10,2026-02-26,2,1,0.33347,0.07301
P2E_Wall_baseline_E100p10,Wall_baseline,E100p10,2026-02-26,2,2,0.33301,0.08327
P2E_Wall_baseline_E100p10,Wall_baseline,E100p10,2026-02-26,2,3,0.33261,0.07175
P2E_Wall_baseline_E100p10,Wall_baseline,E100p10,2026-02-26,2,4,0.33175,0.03465
P2E_Wall_baseline_E100p10,Wall_baseline,E100p10,2026-02-26,2,5,0.33111,0.02272
P2E_Wall_baseline_E100p10,Wall_baseline,E100p10,2026-02-26,2,6,0.33072,0.05147
P2E_Wall_baseline_E100p10,Wall_baseline,E100p10,2026-02-26,2,7,0.33021,0.03456
P2E_Wall_baseline_E100p10,Wall_baseline,E100p10,2026-02-26,2,8,0.32959,0.04071
P2E_Wall_baseline_E100p10,Wall_baseline,E100p10,2026-02-26,2,9,0.32912,0.01576
P2E_Wall_baseline_E100p10,Wall_baseline,E100p10,2026-02-26,2,10,0.32878,0.01961
P2E_Wall_baseline_E100p10,Wall_baseline,E100p10,2026-02-26,2,11,0.32826,0.02224
P2E_Wall_baseline_E100p10,Wall_baseline,E100p10,2026-02-26,2,12,0.32783,0.01188
P2E_Wall_baseline_E100p20m25,Wall_baseline,E100p20m25,2023-01-03,0,0,0.33461,-0.02293
P2E_Wall_baseline_E100p20m25,Wall_baseline,E100p20m25,2023-01-03,0,1,0.33321,-0.03987
P2E_Wall_baseline_E100p20m25,Wall_baseline,E100p20m25,2023-01-03,0,2,0.33308,-0.04688
P2E_Wall_baseline_E100p20m25,Wall_baseline,E100p20m25,2023-01-03,0,3,0.33295,-0.08161
P2E_Wall_baseline_E100p20m25,Wall_baseline,E100p20m25,2023-01-03,0,4,0.33252,-0.07998
P2E_Wall_baseline_E100p20m25,Wall_baseline,E100p20m25,2023-01-03,0,5,0.33205,-0.07602
P2E_Wall_baseline_E100p20m25,Wall_baseline,E100p20m25,2023-01-03,0,6,0.33171,-0.07326
P2E_Wall_baseline_E100p20m25,Wall_baseline,E100p20m25,2023-01-03,0,7,0.33143,-0.07048
P2E_Wall_baseline_E100p20m25,Wall_baseline,E100p20m25,2023-01-03,0,8,0.33117,-0.06563
P2E_Wall_baseline_E100p20m25,Wall_baseline,E100p20m25,2023-01-03,0,9,0.33096,-0.06218
P2E_Wall_baseline_E100p20m25,Wall_baseline,E100p20m25,2023-01-03,0,10,0.33081,-0.04863
P2E_Wall_baseline_E100p20m25,Wall_baseline,E100p20m25,2023-01-03,0,11,0.33063,-0.04231
P2E_Wall_baseline_E100p20m25,Wall_baseline,E100p20m25,2023-01-03,0,12,0.33038,-0.02699
P2E_Wall_baseline_E100p20m25,Wall_baseline,E100p20m25,2023-01-03,0,13,0.33026,-0.00225
P2E_Wall_baseline_E100p20m25,Wall_baseline,E100p20m25,2023-01-03,0,14,0.33001,0.04018
P2E_Wall_baseline_E100p20m25,Wall_baseline,E100p20m25,2023-01-03,0,15,0.32976,0.06372
P2E_Wall_baseline_E100p20m25,Wall_baseline,E100p20m25,2023-01-03,0,16,0.3293,-0.00199
P2E_Wall_baseline_E100p20m25,Wall_baseline,E100p20m25,2023-01-03,0,17,0.32886,0.01451
P2E_Wall_baseline_E100p20m25,Wall_baseline,E100p20m25,2023-01-03,0,18,0.32808,0.02389
P2E_Wall_baseline_E100p20m25,Wall_baseline,E100p20m25,2023-01-03,0,19,0.32739,0.01763
P2E_Wall_baseline_E100p20m25,Wall_baseline,E100p20m25,2023-01-03,0,20,0.32708,-0.02724
P2E_Wall_baseline_E100p20m25,Wall_baseline,E100p20m25,2023-01-03,0,21,0.32644,-0.04465
P2E_Wall_baseline_E100p20m25,Wall_baseline,E100p20m25,2023-01-03,0,22,0.32608,-0.04156
P2E_Wall_baseline_E100p20m25,Wall_baseline,E100p20m25,2023-01-03,0,23,0.32557,-0.00456
P2E_Wall_baseline_E100p20m25,Wall_baseline,E100p20m25,2023-01-03,0,24,0.32486,0.02223
P2E_Wall_baseline_E100p20m25,Wall_baseline,E100p20m25,2023-01-03,0,25,0.32442,0.00946
P2E_Wall_baseline_E100p20m25,Wall_baseline,E100p20m25,2023-01-03,0,26,0.32417,0.02083
P2E_Wall_baseline_E100p20m25,Wall_baseline,E100p20m25,2023-01-03,0,27,0.32327,-0.01594
P2E_Wall_baseline_E100p20m25,Wall_baseline,E100p20m25,2023-01-03,0,28,0.32249,0.01401
P2E_Wall_baseline_E100p20m25,Wall_baseline,E100p20m25,2023-01-03,0,29,0.32199,0.02095
P2E_Wall_baseline_E100p20m25,Wall_baseline,E100p20m25,2023-01-03,0,30,0.32159,0.01272
P2E_Wall_baseline_E100p20m25,Wall_baseline,E100p20m25,2023-01-03,0,31,0.32111,0.02056
P2E_Wall_baseline_E100p20m25,Wall_baseline,E100p20m25,2023-01-03,0,32,0.32068,0.04062
P2E_Wall_baseline_E100p20m25,Wall_baseline,E100p20m25,2023-01-03,0,33,0.32005,0.01694
P2E_Wall_baseline_E100p20m25,Wall_baseline,E100p20m25,2023-01-03,0,34,0.31962,0.03348
P2E_Wall_baseline_E100p20m25,Wall_baseline,E100p20m25,2023-01-03,0,35,0.3188,0.04418
P2E_Wall_baseline_E100p20m25,Wall_baseline,E100p20m25,2023-01-03,1,0,0.33534,-0.08366
P2E_Wall_baseline_E100p20m25,Wall_baseline,E100p20m25,2023-01-03,1,1,0.33346,-0.08314
P2E_Wall_baseline_E100p20m25,Wall_baseline,E100p20m25,2023-01-03,1,2,0.33296,-0.08202
P2E_Wall_baseline_E100p20m25,Wall_baseline,E100p20m25,2023-01-03,1,3,0.33257,-0.08322
P2E_Wall_baseline_E100p20m25,Wall_baseline,E100p20m25,2023-01-03,1,4,0.33222,-0.07541
P2E_Wall_baseline_E100p20m25,Wall_baseline,E100p20m25,2023-01-03,1,5,0.33198,-0.0594
P2E_Wall_baseline_E100p20m25,Wall_baseline,E100p20m25,2023-01-03,1,6,0.33164,-0.05811
P2E_Wall_baseline_E100p20m25,Wall_baseline,E100p20m25,2023-01-03,1,7,0.33131,-0.02428
P2E_Wall_baseline_E100p20m25,Wall_baseline,E100p20m25,2023-01-03,1,8,0.33098,0.00926
P2E_Wall_baseline_E100p20m25,Wall_baseline,E100p20m25,2023-01-03,1,9,0.33039,0.02043
P2E_Wall_baseline_E100p20m25,Wall_baseline,E100p20m25,2023-01-03,1,10,0.32981,0.02489
P2E_Wall_baseline_E100p20m25,Wall_baseline,E100p20m25,2023-01-03,1,11,0.32927,-0.02703
P2E_Wall_baseline_E100p20m25,Wall_baseline,E100p20m25,2023-01-03,1,12,0.32855,0.0201
P2E_Wall_baseline_E100p20m25,Wall_baseline,E100p20m25,2023-01-03,1,13,0.32862,0.04316
P2E_Wall_baseline_E100p20m25,Wall_baseline,E100p20m25,2023-01-03,1,14,0.32798,0.04812
P2E_Wall_baseline_E100p20m25,Wall_baseline,E100p20m25,2023-01-03,1,15,0.32756,0.04216
P2E_Wall_baseline_E100p20m25,Wall_baseline,E100p20m25,2023-01-03,1,16,0.32731,0.03531
P2E_Wall_baseline_E100p20m25,Wall_baseline,E100p20m25,2023-01-03,1,17,0.32777,0.02101
P2E_Wall_baseline_E100p20m25,Wall_baseline,E100p20m25,2023-01-03,1,18,0.32723,0.01637
P2E_Wall_baseline_E100p20m25,Wall_baseline,E100p20m25,2023-01-03,1,19,0.32657,0.02126
P2E_Wall_baseline_E100p20m25,Wall_baseline,E100p20m25,2023-01-03,1,20,0.32593,0.00972
P2E_Wall_baseline_E100p20m25,Wall_baseline,E100p20m25,2023-01-03,1,21,0.32543,0.01907
P2E_Wall_baseline_E100p20m25,Wall_baseline,E100p20m25,2023-01-03,1,22,0.32516,0.01989
P2E_Wall_baseline_E100p20m25,Wall_baseline,E100p20m25,2023-01-03,1,23,0.32484,0.00567
P2E_Wall_baseline_E100p20m25,Wall_baseline,E100p20m25,2023-01-03,1,24,0.32422,0.01106
P2E_Wall_baseline_E100p20m25,Wall_baseline,E100p20m25,2023-01-03,1,25,0.32378,0.01552
P2E_Wall_baseline_E100p20m25,Wall_baseline,E100p20m25,2023-01-03,1,26,0.32341,0.01407
P2E_Wall_baseline_E100p20m25,Wall_baseline,E100p20m25,2023-01-03,1,27,0.32304,0.00344
P2E_Wall_baseline_E100p20m25,Wall_baseline,E100p20m25,2023-01-03,1,28,0.32285,-0.00323
P2E_Wall_baseline_E100p20m25,Wall_baseline,E100p20m25,2023-01-03,1,29,0.32205,0.02039
P2E_Wall_baseline_E100p20m25,Wall_baseline,E100p20m25,2023-01-03,1,30,0.32139,-0.01544
P2E_Wall_baseline_E100p20m25,Wall_baseline,E100p20m25,2023-01-03,1,31,0.32089,0.00514
P2E_Wall_baseline_E100p20m25,Wall_baseline,E100p20m25,2023-01-03,1,32,0.32039,0.01984
P2E_Wall_baseline_E100p20m25,Wall_baseline,E100p20m25,2023-01-03,1,33,0.31993,0.03218
P2E_Wall_baseline_E100p20m25,Wall_baseline,E100p20m25,2023-01-03,1,34,0.31941,0.03566
P2E_Wall_baseline_E100p20m25,Wall_baseline,E100p20m25,2023-01-03,2,0,0.33623,-0.08208
P2E_Wall_baseline_E100p20m25,Wall_baseline,E100p20m25,2023-01-03,2,1,0.33401,-0.08228
P2E_Wall_baseline_E100p20m25,Wall_baseline,E100p20m25,2023-01-03,2,2,0.33346,-0.05702
P2E_Wall_baseline_E100p20m25,Wall_baseline,E100p20m25,2023-01-03,2,3,0.33291,-0.01986
P2E_Wall_baseline_E100p20m25,Wall_baseline,E100p20m25,2023-01-03,2,4,0.33207,0.0099
P2E_Wall_baseline_E100p20m25,Wall_baseline,E100p20m25,2023-01-03,2,5,0.33098,-0.02829
P2E_Wall_baseline_E100p20m25,Wall_baseline,E100p20m25,2023-01-03,2,6,0.33038,0.03999
P2E_Wall_baseline_E100p20m25,Wall_baseline,E100p20m25,2023-01-03,2,7,0.3298,-0.01997
P2E_Wall_baseline_E100p20m25,Wall_baseline,E100p20m25,2023-01-03,2,8,0.32953,0.02266
P2E_Wall_baseline_E100p20m25,Wall_baseline,E100p20m25,2023-01-03,2,9,0.32923,-0.00801
P2E_Wall_baseline_E100p20m25,Wall_baseline,E100p20m25,2023-01-03,2,10,0.32871,-0.01665
P2E_Wall_baseline_E100p20m25,Wall_baseline,E100p20m25,2023-01-03,2,11,0.32861,0.00446
P2E_Wall_baseline_E100p20m25,Wall_baseline,E100p20m25,2023-01-03,2,12,0.32804,-0.02269
P2E_Wall_baseline_E100p20m25,Wall_baseline,E100p20m25,2023-01-03,2,13,0.32776,0.00862
P2E_Wall_baseline_E100p20m25,Wall_baseline,E100p20m25,2023-01-03,2,14,0.32726,0.0145
P2E_Wall_baseline_E100p20m25,Wall_baseline,E100p20m25,2023-01-03,2,15,0.3265,0.01147
P2E_Wall_baseline_E100p20m25,Wall_baseline,E100p20m25,2023-01-03,2,16,0.32675,0.00585
P2E_Wall_baseline_E100p20m25,Wall_baseline,E100p20m25,2023-01-03,2,17,0.32597,0.03469
P2E_Wall_baseline_E100p20m25,Wall_baseline,E100p20m25,2023-01-03,2,18,0.32568,0.0216
P2E_Wall_baseline_E100p20m25,Wall_baseline,E100p20m25,2023-01-03,2,19,0.32504,0.01341
P2E_Wall_baseline_E100p20m25,Wall_baseline,E100p20m25,2023-01-03,2,20,0.32427,0.0302
P2E_Wall_baseline_E100p20m25,Wall_baseline,E100p20m25,2023-01-03,2,21,0.32393,0.03532
P2E_Wall_baseline_E100p20m25,Wall_baseline,E100p20m25,2023-01-03,2,22,0.32322,0.03382
P2E_Wall_baseline_E100p20m25,Wall_baseline,E100p20m25,2023-01-03,2,23,0.32357,0.02071
P2E_Wall_baseline_E100p20m25,Wall_baseline,E100p20m25,2023-01-03,2,24,0.32268,0.04232
P2E_Wall_baseline_E100p20m25,Wall_baseline,E100p20m25,2023-01-03,2,25,0.3224,0.03199
P2E_Wall_baseline_E100p20m25,Wall_baseline,E100p20m25,2023-01-03,2,26,0.3217,0.03109
P2E_Wall_baseline_E100p20m25,Wall_baseline,E100p20m25,2023-01-03,2,27,0.3213,0.02596
P2E_Wall_baseline_E100p20m25,Wall_baseline,E100p20m25,2023-01-03,2,28,0.32062,0.0444
P2E_Wall_baseline_E100p20m25,Wall_baseline,E100p20m25,2023-01-03,2,29,0.32034,0.03472
P2E_Wall_baseline_E100p20m25,Wall_baseline,E100p20m25,2023-01-03,2,30,0.3198,0.04585
P2E_Wall_baseline_E100p20m25,Wall_baseline,E100p20m25,2023-01-03,2,31,0.31925,0.04445
P2E_Wall_baseline_E100p20m25,Wall_baseline,E100p20m25,2023-01-03,2,32,0.31837,0.03855
P2E_Wall_baseline_E100p20m25,Wall_baseline,E100p20m25,2023-01-03,2,33,0.31803,0.05043
P2E_Wall_baseline_E100p20m25,Wall_baseline,E100p20m25,2023-01-03,2,34,0.31781,0.05013
P2E_Wall_baseline_E100p20m25,Wall_baseline,E100p20m25,2023-01-03,2,35,0.31714,0.04
P2E_Wall_baseline_E100p20m25,Wall_baseline,E100p20m25,2023-01-03,2,36,0.3162,0.03806
P2E_Wall_baseline_E100p20m25,Wall_baseline,E100p20m25,2023-01-03,2,37,0.31558,0.01662
P2E_Wall_baseline_E100p20m25,Wall_baseline,E100p20m25,2023-01-03,2,38,0.31521,0.03224
P2E_Wall_baseline_E100p20m25,Wall_baseline,E100p20m25,2023-01-03,2,39,0.31544,0.02514
P2E_Wall_baseline_E100p20m25,Wall_baseline,E100p20m25,2023-01-03,2,40,0.31434,0.03259
P2E_Wall_baseline_E100p20m25,Wall_baseline,E100p20m25,2023-01-03,2,41,0.31368,0.04215
P2E_Wall_baseline_E100p20m25,Wall_baseline,E100p20m25,2023-01-03,2,42,0.31324,0.02117
P2E_Wall_baseline_E100p20m25,Wall_baseline,E100p20m25,2023-01-03,2,43,0.31268,0.02363
P2E_Wall_baseline_E100p20m25,Wall_baseline,E100p20m25,2023-01-03,2,44,0.31199,0.03545
P2E_Wall_baseline_E100p20m25,Wall_baseline,E100p20m25,2023-01-03,2,45,0.31143,0.0178
P2E_Wall_baseline_E100p20m25,Wall_baseline,E100p20m25,2023-01-03,2,46,0.31102,0.02941
P2E_Wall_baseline_E100p20m25,Wall_baseline,E100p20m25,2023-01-03,2,47,0.31022,0.03997
P2E_Wall_baseline_E100p20m25,Wall_baseline,E100p20m25,2023-01-03,2,48,0.30976,0.04001
P2E_Wall_baseline_E100p20m25,Wall_baseline,E100p20m25,2023-01-03,2,49,0.30897,0.03023
P2E_Wall_baseline_E100p20m25,Wall_baseline,E100p20m25,2023-01-03,2,50,0.30852,0.02307
P2E_Wall_baseline_E100p20m25,Wall_baseline,E100p20m25,2023-01-03,2,51,0.30762,0.01753
P2E_Wall_baseline_E100p20m25,Wall_baseline,E100p20m25,2023-01-03,2,52,0.30698,0.03211
P2E_Wall_baseline_E100p20m25,Wall_baseline,E100p20m25,2023-01-03,2,53,0.30631,0.04979
P2E_Wall_baseline_E100p20m25,Wall_baseline,E100p20m25,2023-07-20,0,0,0.33417,-0.07603
P2E_Wall_baseline_E100p20m25,Wall_baseline,E100p20m25,2023-07-20,0,1,0.3331,-0.05465
P2E_Wall_baseline_E100p20m25,Wall_baseline,E100p20m25,2023-07-20,0,2,0.33292,0.01265
P2E_Wall_baseline_E100p20m25,Wall_baseline,E100p20m25,2023-07-20,0,3,0.33269,0.0126
P2E_Wall_baseline_E100p20m25,Wall_baseline,E100p20m25,2023-07-20,0,4,0.33252,0.01184
P2E_Wall_baseline_E100p20m25,Wall_baseline,E100p20m25,2023-07-20,0,5,0.33211,0.01057
P2E_Wall_baseline_E100p20m25,Wall_baseline,E100p20m25,2023-07-20,0,6,0.33188,0.01412
P2E_Wall_baseline_E100p20m25,Wall_baseline,E100p20m25,2023-07-20,0,7,0.33166,0.05394
P2E_Wall_baseline_E100p20m25,Wall_baseline,E100p20m25,2023-07-20,0,8,0.33151,0.00027
P2E_Wall_baseline_E100p20m25,Wall_baseline,E100p20m25,2023-07-20,0,9,0.33108,-0.02404
P2E_Wall_baseline_E100p20m25,Wall_baseline,E100p20m25,2023-07-20,0,10,0.33089,-0.00771
P2E_Wall_baseline_E100p20m25,Wall_baseline,E100p20m25,2023-07-20,0,11,0.33117,-0.0255
P2E_Wall_baseline_E100p20m25,Wall_baseline,E100p20m25,2023-07-20,0,12,0.33056,-0.01758
P2E_Wall_baseline_E100p20m25,Wall_baseline,E100p20m25,2023-07-20,0,13,0.33044,-0.04759
P2E_Wall_baseline_E100p20m25,Wall_baseline,E100p20m25,2023-07-20,0,14,0.33019,-0.02181
P2E_Wall_baseline_E100p20m25,Wall_baseline,E100p20m25,2023-07-20,0,15,0.33022,0.03692
P2E_Wall_baseline_E100p20m25,Wall_baseline,E100p20m25,2023-07-20,0,16,0.32974,0.00019
P2E_Wall_baseline_E100p20m25,Wall_baseline,E100p20m25,2023-07-20,0,17,0.32955,0.00412
P2E_Wall_baseline_E100p20m25,Wall_baseline,E100p20m25,2023-07-20,0,18,0.32888,-0.04179
P2E_Wall_baseline_E100p20m25,Wall_baseline,E100p20m25,2023-07-20,0,19,0.32856,0.03678
P2E_Wall_baseline_E100p20m25,Wall_baseline,E100p20m25,2023-07-20,0,20,0.33013,0.03037
P2E_Wall_baseline_E100p20m25,Wall_baseline,E100p20m25,2023-07-20,0,21,0.32838,0.01828
P2E_Wall_baseline_E100p20m25,Wall_baseline,E100p20m25,2023-07-20,0,22,0.32755,-0.00241
P2E_Wall_baseline_E100p20m25,Wall_baseline,E100p20m25,2023-07-20,0,23,0.32701,-0.01127
P2E_Wall_baseline_E100p20m25,Wall_baseline,E100p20m25,2023-07-20,0,24,0.32677,0.01543
P2E_Wall_baseline_E100p20m25,Wall_baseline,E100p20m25,2023-07-20,0,25,0.32606,-0.00353
P2E_Wall_baseline_E100p20m25,Wall_baseline,E100p20m25,2023-07-20,0,26,0.32583,-0.01008
P2E_Wall_baseline_E100p20m25,Wall_baseline,E100p20m25,2023-07-20,0,27,0.32548,0.05165
P2E_Wall_baseline_E100p20m25,Wall_baseline,E100p20m25,2023-07-20,1,0,0.33548,-0.01315
P2E_Wall_baseline_E100p20m25,Wall_baseline,E100p20m25,2023-07-20,1,1,0.33332,0.03185
P2E_Wall_baseline_E100p20m25,Wall_baseline,E100p20m25,2023-07-20,1,2,0.33321,0.03527
P2E_Wall_baseline_E100p20m25,Wall_baseline,E100p20m25,2023-07-20,1,3,0.33267,0.03689
P2E_Wall_baseline_E100p20m25,Wall_baseline,E100p20m25,2023-07-20,1,4,0.3323,0.06255
P2E_Wall_baseline_E100p20m25,Wall_baseline,E100p20m25,2023-07-20,1,5,0.33175,0.10563
P2E_Wall_baseline_E100p20m25,Wall_baseline,E100p20m25,2023-07-20,1,6,0.3311,0.09183
P2E_Wall_baseline_E100p20m25,Wall_baseline,E100p20m25,2023-07-20,1,7,0.33084,0.09801
P2E_Wall_baseline_E100p20m25,Wall_baseline,E100p20m25,2023-07-20,1,8,0.33018,0.09616
P2E_Wall_baseline_E100p20m25,Wall_baseline,E100p20m25,2023-07-20,1,9,0.32979,0.07267
P2E_Wall_baseline_E100p20m25,Wall_baseline,E100p20m25,2023-07-20,1,10,0.32936,0.09064
P2E_Wall_baseline_E100p20m25,Wall_baseline,E100p20m25,2023-07-20,1,11,0.32908,0.09495
P2E_Wall_baseline_E100p20m25,Wall_baseline,E100p20m25,2023-07-20,1,12,0.32868,0.08764
P2E_Wall_baseline_E100p20m25,Wall_baseline,E100p20m25,2023-07-20,1,13,0.32821,0.04457
P2E_Wall_baseline_E100p20m25,Wall_baseline,E100p20m25,2023-07-20,1,14,0.3281,0.06271
P2E_Wall_baseline_E100p20m25,Wall_baseline,E100p20m25,2023-07-20,1,15,0.32812,0.05042
P2E_Wall_baseline_E100p20m25,Wall_baseline,E100p20m25,2023-07-20,1,16,0.3277,0.06432
P2E_Wall_baseline_E100p20m25,Wall_baseline,E100p20m25,2023-07-20,1,17,0.32696,0.04603
P2E_Wall_baseline_E100p20m25,Wall_baseline,E100p20m25,2023-07-20,1,18,0.32644,0.05897
P2E_Wall_baseline_E100p20m25,Wall_baseline,E100p20m25,2023-07-20,1,19,0.32691,0.06227
P2E_Wall_baseline_E100p20m25,Wall_baseline,E100p20m25,2023-07-20,1,20,0.32574,0.06535
P2E_Wall_baseline_E100p20m25,Wall_baseline,E100p20m25,2023-07-20,1,21,0.32535,0.08555
P2E_Wall_baseline_E100p20m25,Wall_baseline,E100p20m25,2023-07-20,1,22,0.32537,0.04163
P2E_Wall_baseline_E100p20m25,Wall_baseline,E100p20m25,2023-07-20,1,23,0.32448,0.05603
P2E_Wall_baseline_E100p20m25,Wall_baseline,E100p20m25,2023-07-20,1,24,0.32409,0.103
P2E_Wall_baseline_E100p20m25,Wall_baseline,E100p20m25,2023-07-20,1,25,0.32373,0.07427
P2E_Wall_baseline_E100p20m25,Wall_baseline,E100p20m25,2023-07-20,2,0,0.33589,0.02132
P2E_Wall_baseline_E100p20m25,Wall_baseline,E100p20m25,2023-07-20,2,1,0.33384,0.02845
P2E_Wall_baseline_E100p20m25,Wall_baseline,E100p20m25,2023-07-20,2,2,0.33351,0.0579
P2E_Wall_baseline_E100p20m25,Wall_baseline,E100p20m25,2023-07-20,2,3,0.33277,0.09655
P2E_Wall_baseline_E100p20m25,Wall_baseline,E100p20m25,2023-07-20,2,4,0.33213,0.10895
P2E_Wall_baseline_E100p20m25,Wall_baseline,E100p20m25,2023-07-20,2,5,0.33118,0.08447
P2E_Wall_baseline_E100p20m25,Wall_baseline,E100p20m25,2023-07-20,2,6,0.33047,0.09226
P2E_Wall_baseline_E100p20m25,Wall_baseline,E100p20m25,2023-07-20,2,7,0.33001,0.07126
P2E_Wall_baseline_E100p20m25,Wall_baseline,E100p20m25,2023-07-20,2,8,0.32938,0.0588
P2E_Wall_baseline_E100p20m25,Wall_baseline,E100p20m25,2023-07-20,2,9,0.32917,0.05334
P2E_Wall_baseline_E100p20m25,Wall_baseline,E100p20m25,2023-07-20,2,10,0.3291,0.05361
P2E_Wall_baseline_E100p20m25,Wall_baseline,E100p20m25,2023-07-20,2,11,0.32871,0.06167
P2E_Wall_baseline_E100p20m25,Wall_baseline,E100p20m25,2023-07-20,2,12,0.32812,0.05701
P2E_Wall_baseline_E100p20m25,Wall_baseline,E100p20m25,2023-07-20,2,13,0.32808,0.06194
P2E_Wall_baseline_E100p20m25,Wall_baseline,E100p20m25,2023-07-20,2,14,0.32747,0.04568
P2E_Wall_baseline_E100p20m25,Wall_baseline,E100p20m25,2023-07-20,2,15,0.32706,0.02134
P2E_Wall_baseline_E100p20m25,Wall_baseline,E100p20m25,2023-07-20,2,16,0.32686,0.03486
P2E_Wall_baseline_E100p20m25,Wall_baseline,E100p20m25,2023-07-20,2,17,0.32664,0.02278
P2E_Wall_baseline_E100p20m25,Wall_baseline,E100p20m25,2023-07-20,2,18,0.3261,0.05325
P2E_Wall_baseline_E100p20m25,Wall_baseline,E100p20m25,2023-07-20,2,19,0.32601,-0.00333
P2E_Wall_baseline_E100p20m25,Wall_baseline,E100p20m25,2023-07-20,2,20,0.32548,0.02002
P2E_Wall_baseline_E100p20m25,Wall_baseline,E100p20m25,2023-07-20,2,21,0.32491,0.03139
P2E_Wall_baseline_E100p20m25,Wall_baseline,E100p20m25,2023-07-20,2,22,0.32481,0.05482
P2E_Wall_baseline_E100p20m25,Wall_baseline,E100p20m25,2023-07-20,2,23,0.32413,0.01496
P2E_Wall_baseline_E100p20m25,Wall_baseline,E100p20m25,2023-07-20,2,24,0.32386,0.03519
P2E_Wall_baseline_E100p20m25,Wall_baseline,E100p20m25,2024-01-19,0,0,0.33423,-0.02918
P2E_Wall_baseline_E100p20m25,Wall_baseline,E100p20m25,2024-01-19,0,1,0.33309,0.05041
P2E_Wall_baseline_E100p20m25,Wall_baseline,E100p20m25,2024-01-19,0,2,0.33286,0.05947
P2E_Wall_baseline_E100p20m25,Wall_baseline,E100p20m25,2024-01-19,0,3,0.33263,0.05489
P2E_Wall_baseline_E100p20m25,Wall_baseline,E100p20m25,2024-01-19,0,4,0.33228,0.04769
P2E_Wall_baseline_E100p20m25,Wall_baseline,E100p20m25,2024-01-19,0,5,0.3318,0.0377
P2E_Wall_baseline_E100p20m25,Wall_baseline,E100p20m25,2024-01-19,0,6,0.33163,0.03033
P2E_Wall_baseline_E100p20m25,Wall_baseline,E100p20m25,2024-01-19,0,7,0.33122,-0.02975
P2E_Wall_baseline_E100p20m25,Wall_baseline,E100p20m25,2024-01-19,0,8,0.331,-0.02163
P2E_Wall_baseline_E100p20m25,Wall_baseline,E100p20m25,2024-01-19,0,9,0.33095,-0.01813
P2E_Wall_baseline_E100p20m25,Wall_baseline,E100p20m25,2024-01-19,0,10,0.33057,-0.03714
P2E_Wall_baseline_E100p20m25,Wall_baseline,E100p20m25,2024-01-19,0,11,0.33047,-0.02742
P2E_Wall_baseline_E100p20m25,Wall_baseline,E100p20m25,2024-01-19,0,12,0.3304,-0.01336
P2E_Wall_baseline_E100p20m25,Wall_baseline,E100p20m25,2024-01-19,0,13,0.32987,-0.01981
P2E_Wall_baseline_E100p20m25,Wall_baseline,E100p20m25,2024-01-19,0,14,0.32965,-0.0196
P2E_Wall_baseline_E100p20m25,Wall_baseline,E100p20m25,2024-01-19,0,15,0.32957,-0.0269
P2E_Wall_baseline_E100p20m25,Wall_baseline,E100p20m25,2024-01-19,0,16,0.32909,-0.00889
P2E_Wall_baseline_E100p20m25,Wall_baseline,E100p20m25,2024-01-19,0,17,0.32859,-0.01164
P2E_Wall_baseline_E100p20m25,Wall_baseline,E100p20m25,2024-01-19,0,18,0.32817,-0.01882
P2E_Wall_baseline_E100p20m25,Wall_baseline,E100p20m25,2024-01-19,0,19,0.32778,-0.02145
P2E_Wall_baseline_E100p20m25,Wall_baseline,E100p20m25,2024-01-19,0,20,0.32728,-0.01494
P2E_Wall_baseline_E100p20m25,Wall_baseline,E100p20m25,2024-01-19,0,21,0.32704,-0.00611
P2E_Wall_baseline_E100p20m25,Wall_baseline,E100p20m25,2024-01-19,0,22,0.3264,-0.01079
P2E_Wall_baseline_E100p20m25,Wall_baseline,E100p20m25,2024-01-19,0,23,0.32572,-0.0085
P2E_Wall_baseline_E100p20m25,Wall_baseline,E100p20m25,2024-01-19,0,24,0.32499,-0.03535
P2E_Wall_baseline_E100p20m25,Wall_baseline,E100p20m25,2024-01-19,1,0,0.33543,0.05207
P2E_Wall_baseline_E100p20m25,Wall_baseline,E100p20m25,2024-01-19,1,1,0.33349,0.05042
P2E_Wall_baseline_E100p20m25,Wall_baseline,E100p20m25,2024-01-19,1,2,0.33281,0.04277
P2E_Wall_baseline_E100p20m25,Wall_baseline,E100p20m25,2024-01-19,1,3,0.33254,0.04064
P2E_Wall_baseline_E100p20m25,Wall_baseline,E100p20m25,2024-01-19,1,4,0.33208,0.02065
P2E_Wall_baseline_E100p20m25,Wall_baseline,E100p20m25,2024-01-19,1,5,0.33102,0.00435
P2E_Wall_baseline_E100p20m25,Wall_baseline,E100p20m25,2024-01-19,1,6,0.33005,0.04233
P2E_Wall_baseline_E100p20m25,Wall_baseline,E100p20m25,2024-01-19,1,7,0.32974,0.02817
P2E_Wall_baseline_E100p20m25,Wall_baseline,E100p20m25,2024-01-19,1,8,0.32916,0.03466
P2E_Wall_baseline_E100p20m25,Wall_baseline,E100p20m25,2024-01-19,1,9,0.3291,0.052
P2E_Wall_baseline_E100p20m25,Wall_baseline,E100p20m25,2024-01-19,1,10,0.32857,0.0229
P2E_Wall_baseline_E100p20m25,Wall_baseline,E100p20m25,2024-01-19,1,11,0.32816,-0.03771
P2E_Wall_baseline_E100p20m25,Wall_baseline,E100p20m25,2024-01-19,1,12,0.32809,-0.00362
P2E_Wall_baseline_E100p20m25,Wall_baseline,E100p20m25,2024-01-19,1,13,0.32764,-0.01082
P2E_Wall_baseline_E100p20m25,Wall_baseline,E100p20m25,2024-01-19,1,14,0.32719,0.0094
P2E_Wall_baseline_E100p20m25,Wall_baseline,E100p20m25,2024-01-19,1,15,0.32671,0.00265
P2E_Wall_baseline_E100p20m25,Wall_baseline,E100p20m25,2024-01-19,1,16,0.32647,-0.00884
P2E_Wall_baseline_E100p20m25,Wall_baseline,E100p20m25,2024-01-19,1,17,0.32656,0.00023
P2E_Wall_baseline_E100p20m25,Wall_baseline,E100p20m25,2024-01-19,1,18,0.3251,-0.00053
P2E_Wall_baseline_E100p20m25,Wall_baseline,E100p20m25,2024-01-19,1,19,0.32475,-0.00247
P2E_Wall_baseline_E100p20m25,Wall_baseline,E100p20m25,2024-01-19,1,20,0.32503,-0.00148
P2E_Wall_baseline_E100p20m25,Wall_baseline,E100p20m25,2024-01-19,1,21,0.32436,0.00771
P2E_Wall_baseline_E100p20m25,Wall_baseline,E100p20m25,2024-01-19,1,22,0.32358,0.00867
P2E_Wall_baseline_E100p20m25,Wall_baseline,E100p20m25,2024-01-19,1,23,0.3233,0.02006
P2E_Wall_baseline_E100p20m25,Wall_baseline,E100p20m25,2024-01-19,1,24,0.3231,0.00313
P2E_Wall_baseline_E100p20m25,Wall_baseline,E100p20m25,2024-01-19,2,0,0.33579,0.04516
P2E_Wall_baseline_E100p20m25,Wall_baseline,E100p20m25,2024-01-19,2,1,0.33365,0.03985
P2E_Wall_baseline_E100p20m25,Wall_baseline,E100p20m25,2024-01-19,2,2,0.33288,0.01815
P2E_Wall_baseline_E100p20m25,Wall_baseline,E100p20m25,2024-01-19,2,3,0.33207,0.03285
P2E_Wall_baseline_E100p20m25,Wall_baseline,E100p20m25,2024-01-19,2,4,0.33122,0.03669
P2E_Wall_baseline_E100p20m25,Wall_baseline,E100p20m25,2024-01-19,2,5,0.33017,0.03165
P2E_Wall_baseline_E100p20m25,Wall_baseline,E100p20m25,2024-01-19,2,6,0.32966,0.0393
P2E_Wall_baseline_E100p20m25,Wall_baseline,E100p20m25,2024-01-19,2,7,0.32901,-0.00878
P2E_Wall_baseline_E100p20m25,Wall_baseline,E100p20m25,2024-01-19,2,8,0.32891,0.01206
P2E_Wall_baseline_E100p20m25,Wall_baseline,E100p20m25,2024-01-19,2,9,0.32847,-0.01592
P2E_Wall_baseline_E100p20m25,Wall_baseline,E100p20m25,2024-01-19,2,10,0.32808,0.01576
P2E_Wall_baseline_E100p20m25,Wall_baseline,E100p20m25,2024-01-19,2,11,0.32738,-0.03914
P2E_Wall_baseline_E100p20m25,Wall_baseline,E100p20m25,2024-01-19,2,12,0.32793,-0.0307
P2E_Wall_baseline_E100p20m25,Wall_baseline,E100p20m25,2024-01-19,2,13,0.32708,0.00079
P2E_Wall_baseline_E100p20m25,Wall_baseline,E100p20m25,2024-01-19,2,14,0.3261,-0.00859
P2E_Wall_baseline_E100p20m25,Wall_baseline,E100p20m25,2024-01-19,2,15,0.32577,-0.02742
P2E_Wall_baseline_E100p20m25,Wall_baseline,E100p20m25,2024-01-19,2,16,0.32602,-0.00709
P2E_Wall_baseline_E100p20m25,Wall_baseline,E100p20m25,2024-01-19,2,17,0.32463,-0.02671
P2E_Wall_baseline_E100p20m25,Wall_baseline,E100p20m25,2024-01-19,2,18,0.32451,-0.01712
P2E_Wall_baseline_E100p20m25,Wall_baseline,E100p20m25,2024-01-19,2,19,0.32372,-0.00533
P2E_Wall_baseline_E100p20m25,Wall_baseline,E100p20m25,2024-01-19,2,20,0.32394,-0.01718
P2E_Wall_baseline_E100p20m25,Wall_baseline,E100p20m25,2024-01-19,2,21,0.32346,0.01558
P2E_Wall_baseline_E100p20m25,Wall_baseline,E100p20m25,2024-01-19,2,22,0.32258,0.00152
P2E_Wall_baseline_E100p20m25,Wall_baseline,E100p20m25,2024-01-19,2,23,0.32209,0.0036
P2E_Wall_baseline_E100p20m25,Wall_baseline,E100p20m25,2024-01-19,2,24,0.32171,-0.00446
P2E_Wall_baseline_E100p20m25,Wall_baseline,E100p20m25,2024-08-02,0,0,0.33421,0.08596
P2E_Wall_baseline_E100p20m25,Wall_baseline,E100p20m25,2024-08-02,0,1,0.33294,0.04864
P2E_Wall_baseline_E100p20m25,Wall_baseline,E100p20m25,2024-08-02,0,2,0.33257,0.03017
P2E_Wall_baseline_E100p20m25,Wall_baseline,E100p20m25,2024-08-02,0,3,0.33219,0.0148
P2E_Wall_baseline_E100p20m25,Wall_baseline,E100p20m25,2024-08-02,0,4,0.33195,0.00525
P2E_Wall_baseline_E100p20m25,Wall_baseline,E100p20m25,2024-08-02,0,5,0.33165,-0.06014
P2E_Wall_baseline_E100p20m25,Wall_baseline,E100p20m25,2024-08-02,0,6,0.33134,-0.05899
P2E_Wall_baseline_E100p20m25,Wall_baseline,E100p20m25,2024-08-02,0,7,0.33109,-0.05101
P2E_Wall_baseline_E100p20m25,Wall_baseline,E100p20m25,2024-08-02,0,8,0.33077,-0.04668
P2E_Wall_baseline_E100p20m25,Wall_baseline,E100p20m25,2024-08-02,0,9,0.3304,-0.01658
P2E_Wall_baseline_E100p20m25,Wall_baseline,E100p20m25,2024-08-02,0,10,0.32976,-0.03813
P2E_Wall_baseline_E100p20m25,Wall_baseline,E100p20m25,2024-08-02,0,11,0.32955,-0.05888
P2E_Wall_baseline_E100p20m25,Wall_baseline,E100p20m25,2024-08-02,0,12,0.32903,-0.05442
P2E_Wall_baseline_E100p20m25,Wall_baseline,E100p20m25,2024-08-02,0,13,0.32856,-0.03916
P2E_Wall_baseline_E100p20m25,Wall_baseline,E100p20m25,2024-08-02,0,14,0.32813,-0.04232
P2E_Wall_baseline_E100p20m25,Wall_baseline,E100p20m25,2024-08-02,0,15,0.32794,-0.03047
P2E_Wall_baseline_E100p20m25,Wall_baseline,E100p20m25,2024-08-02,0,16,0.32774,-0.07873
P2E_Wall_baseline_E100p20m25,Wall_baseline,E100p20m25,2024-08-02,0,17,0.32691,-0.00869
P2E_Wall_baseline_E100p20m25,Wall_baseline,E100p20m25,2024-08-02,0,18,0.32654,0.00163
P2E_Wall_baseline_E100p20m25,Wall_baseline,E100p20m25,2024-08-02,0,19,0.32601,0.01286
P2E_Wall_baseline_E100p20m25,Wall_baseline,E100p20m25,2024-08-02,0,20,0.32567,0.01615
P2E_Wall_baseline_E100p20m25,Wall_baseline,E100p20m25,2024-08-02,0,21,0.32476,0.01422
P2E_Wall_baseline_E100p20m25,Wall_baseline,E100p20m25,2024-08-02,0,22,0.3243,0.02354
P2E_Wall_baseline_E100p20m25,Wall_baseline,E100p20m25,2024-08-02,0,23,0.32363,0.00317
P2E_Wall_baseline_E100p20m25,Wall_baseline,E100p20m25,2024-08-02,0,24,0.32242,0.03694
P2E_Wall_baseline_E100p20m25,Wall_baseline,E100p20m25,2024-08-02,1,0,0.33534,0.03866
P2E_Wall_baseline_E100p20m25,Wall_baseline,E100p20m25,2024-08-02,1,1,0.33321,0.02276
P2E_Wall_baseline_E100p20m25,Wall_baseline,E100p20m25,2024-08-02,1,2,0.33253,0.01813
P2E_Wall_baseline_E100p20m25,Wall_baseline,E100p20m25,2024-08-02,1,3,0.3321,0.00368
P2E_Wall_baseline_E100p20m25,Wall_baseline,E100p20m25,2024-08-02,1,4,0.33179,-0.0275
P2E_Wall_baseline_E100p20m25,Wall_baseline,E100p20m25,2024-08-02,1,5,0.33095,-0.01751
P2E_Wall_baseline_E100p20m25,Wall_baseline,E100p20m25,2024-08-02,1,6,0.33035,-0.00189
P2E_Wall_baseline_E100p20m25,Wall_baseline,E100p20m25,2024-08-02,1,7,0.33,0.00395
P2E_Wall_baseline_E100p20m25,Wall_baseline,E100p20m25,2024-08-02,1,8,0.3296,0.03999
P2E_Wall_baseline_E100p20m25,Wall_baseline,E100p20m25,2024-08-02,1,9,0.32921,0.01355
P2E_Wall_baseline_E100p20m25,Wall_baseline,E100p20m25,2024-08-02,1,10,0.32889,0.04905
P2E_Wall_baseline_E100p20m25,Wall_baseline,E100p20m25,2024-08-02,1,11,0.32803,0.04061
P2E_Wall_baseline_E100p20m25,Wall_baseline,E100p20m25,2024-08-02,1,12,0.32799,0.03683
P2E_Wall_baseline_E100p20m25,Wall_baseline,E100p20m25,2024-08-02,1,13,0.32745,0.03591
P2E_Wall_baseline_E100p20m25,Wall_baseline,E100p20m25,2024-08-02,1,14,0.32685,0.03601
P2E_Wall_baseline_E100p20m25,Wall_baseline,E100p20m25,2024-08-02,1,15,0.32683,0.0405
P2E_Wall_baseline_E100p20m25,Wall_baseline,E100p20m25,2024-08-02,1,16,0.32635,0.01412
P2E_Wall_baseline_E100p20m25,Wall_baseline,E100p20m25,2024-08-02,1,17,0.32604,0.02324
P2E_Wall_baseline_E100p20m25,Wall_baseline,E100p20m25,2024-08-02,1,18,0.32533,0.02412
P2E_Wall_baseline_E100p20m25,Wall_baseline,E100p20m25,2024-08-02,1,19,0.32527,0.04646
P2E_Wall_baseline_E100p20m25,Wall_baseline,E100p20m25,2024-08-02,1,20,0.3249,0.04535
P2E_Wall_baseline_E100p20m25,Wall_baseline,E100p20m25,2024-08-02,1,21,0.32421,0.05198
P2E_Wall_baseline_E100p20m25,Wall_baseline,E100p20m25,2024-08-02,1,22,0.32418,0.03957
P2E_Wall_baseline_E100p20m25,Wall_baseline,E100p20m25,2024-08-02,1,23,0.32407,0.05092
P2E_Wall_baseline_E100p20m25,Wall_baseline,E100p20m25,2024-08-02,1,24,0.32263,0.04651
P2E_Wall_baseline_E100p20m25,Wall_baseline,E100p20m25,2024-08-02,1,25,0.32275,0.05565
P2E_Wall_baseline_E100p20m25,Wall_baseline,E100p20m25,2024-08-02,1,26,0.32187,0.04943
P2E_Wall_baseline_E100p20m25,Wall_baseline,E100p20m25,2024-08-02,1,27,0.32177,0.0428
P2E_Wall_baseline_E100p20m25,Wall_baseline,E100p20m25,2024-08-02,1,28,0.32072,0.03192
P2E_Wall_baseline_E100p20m25,Wall_baseline,E100p20m25,2024-08-02,1,29,0.31998,0.04084
P2E_Wall_baseline_E100p20m25,Wall_baseline,E100p20m25,2024-08-02,1,30,0.31928,0.03699
P2E_Wall_baseline_E100p20m25,Wall_baseline,E100p20m25,2024-08-02,1,31,0.31889,0.03984
P2E_Wall_baseline_E100p20m25,Wall_baseline,E100p20m25,2024-08-02,1,32,0.31879,0.03108
P2E_Wall_baseline_E100p20m25,Wall_baseline,E100p20m25,2024-08-02,1,33,0.31802,0.05107
P2E_Wall_baseline_E100p20m25,Wall_baseline,E100p20m25,2024-08-02,1,34,0.31724,0.04066
P2E_Wall_baseline_E100p20m25,Wall_baseline,E100p20m25,2024-08-02,1,35,0.31641,0.03816
P2E_Wall_baseline_E100p20m25,Wall_baseline,E100p20m25,2024-08-02,1,36,0.31534,0.04113
P2E_Wall_baseline_E100p20m25,Wall_baseline,E100p20m25,2024-08-02,1,37,0.31473,0.03731
P2E_Wall_baseline_E100p20m25,Wall_baseline,E100p20m25,2024-08-02,1,38,0.31425,0.03004
P2E_Wall_baseline_E100p20m25,Wall_baseline,E100p20m25,2024-08-02,1,39,0.31347,0.03181
P2E_Wall_baseline_E100p20m25,Wall_baseline,E100p20m25,2024-08-02,1,40,0.31313,0.03385
P2E_Wall_baseline_E100p20m25,Wall_baseline,E100p20m25,2024-08-02,1,41,0.31142,0.03468
P2E_Wall_baseline_E100p20m25,Wall_baseline,E100p20m25,2024-08-02,1,42,0.31102,0.03281
P2E_Wall_baseline_E100p20m25,Wall_baseline,E100p20m25,2024-08-02,1,43,0.31034,0.04749
P2E_Wall_baseline_E100p20m25,Wall_baseline,E100p20m25,2024-08-02,1,44,0.30969,0.03965
P2E_Wall_baseline_E100p20m25,Wall_baseline,E100p20m25,2024-08-02,1,45,0.30888,0.04582
P2E_Wall_baseline_E100p20m25,Wall_baseline,E100p20m25,2024-08-02,2,0,0.33558,0.03563
P2E_Wall_baseline_E100p20m25,Wall_baseline,E100p20m25,2024-08-02,2,1,0.33355,0.0186
P2E_Wall_baseline_E100p20m25,Wall_baseline,E100p20m25,2024-08-02,2,2,0.33288,-0.02131
P2E_Wall_baseline_E100p20m25,Wall_baseline,E100p20m25,2024-08-02,2,3,0.33229,-0.02895
P2E_Wall_baseline_E100p20m25,Wall_baseline,E100p20m25,2024-08-02,2,4,0.33112,-0.0266
P2E_Wall_baseline_E100p20m25,Wall_baseline,E100p20m25,2024-08-02,2,5,0.33066,-0.02863
P2E_Wall_baseline_E100p20m25,Wall_baseline,E100p20m25,2024-08-02,2,6,0.33014,-0.01484
P2E_Wall_baseline_E100p20m25,Wall_baseline,E100p20m25,2024-08-02,2,7,0.32976,0.00744
P2E_Wall_baseline_E100p20m25,Wall_baseline,E100p20m25,2024-08-02,2,8,0.32951,0.02963
P2E_Wall_baseline_E100p20m25,Wall_baseline,E100p20m25,2024-08-02,2,9,0.32924,0.02697
P2E_Wall_baseline_E100p20m25,Wall_baseline,E100p20m25,2024-08-02,2,10,0.32872,0.03739
P2E_Wall_baseline_E100p20m25,Wall_baseline,E100p20m25,2024-08-02,2,11,0.32829,0.03108
P2E_Wall_baseline_E100p20m25,Wall_baseline,E100p20m25,2024-08-02,2,12,0.32776,0.03679
P2E_Wall_baseline_E100p20m25,Wall_baseline,E100p20m25,2024-08-02,2,13,0.32741,0.05027
P2E_Wall_baseline_E100p20m25,Wall_baseline,E100p20m25,2024-08-02,2,14,0.32683,0.04765
P2E_Wall_baseline_E100p20m25,Wall_baseline,E100p20m25,2024-08-02,2,15,0.32672,0.02848
P2E_Wall_baseline_E100p20m25,Wall_baseline,E100p20m25,2024-08-02,2,16,0.32616,0.05046
P2E_Wall_baseline_E100p20m25,Wall_baseline,E100p20m25,2024-08-02,2,17,0.32542,0.03905
P2E_Wall_baseline_E100p20m25,Wall_baseline,E100p20m25,2024-08-02,2,18,0.32519,0.05164
P2E_Wall_baseline_E100p20m25,Wall_baseline,E100p20m25,2024-08-02,2,19,0.32457,0.04577
P2E_Wall_baseline_E100p20m25,Wall_baseline,E100p20m25,2024-08-02,2,20,0.32401,0.049
P2E_Wall_baseline_E100p20m25,Wall_baseline,E100p20m25,2024-08-02,2,21,0.32342,0.03993
P2E_Wall_baseline_E100p20m25,Wall_baseline,E100p20m25,2024-08-02,2,22,0.32297,0.04842
P2E_Wall_baseline_E100p20m25,Wall_baseline,E100p20m25,2024-08-02,2,23,0.32241,0.04417
P2E_Wall_baseline_E100p20m25,Wall_baseline,E100p20m25,2024-08-02,2,24,0.32186,0.04877
P2E_Wall_baseline_E100p20m25,Wall_baseline,E100p20m25,2024-08-02,2,25,0.32162,0.05071
P2E_Wall_baseline_E100p20m25,Wall_baseline,E100p20m25,2024-08-02,2,26,0.32112,0.05376
P2E_Wall_baseline_E100p20m25,Wall_baseline,E100p20m25,2024-08-02,2,27,0.32019,0.05436
P2E_Wall_baseline_E100p20m25,Wall_baseline,E100p20m25,2024-08-02,2,28,0.32005,0.03743
P2E_Wall_baseline_E100p20m25,Wall_baseline,E100p20m25,2024-08-02,2,29,0.31932,0.04709
P2E_Wall_baseline_E100p20m25,Wall_baseline,E100p20m25,2024-08-02,2,30,0.31873,0.04359
P2E_Wall_baseline_E100p20m25,Wall_baseline,E100p20m25,2024-08-02,2,31,0.31765,0.02851
P2E_Wall_baseline_E100p20m25,Wall_baseline,E100p20m25,2024-08-02,2,32,0.31693,0.03329
P2E_Wall_baseline_E100p20m25,Wall_baseline,E100p20m25,2024-08-02,2,33,0.31642,0.03989
P2E_Wall_baseline_E100p20m25,Wall_baseline,E100p20m25,2024-08-02,2,34,0.31541,0.03766
P2E_Wall_baseline_E100p20m25,Wall_baseline,E100p20m25,2024-08-02,2,35,0.31489,0.03727
P2E_Wall_baseline_E100p20m25,Wall_baseline,E100p20m25,2024-08-02,2,36,0.31409,0.03564
P2E_Wall_baseline_E100p20m25,Wall_baseline,E100p20m25,2024-08-02,2,37,0.31328,0.02892
P2E_Wall_baseline_E100p20m25,Wall_baseline,E100p20m25,2024-08-02,2,38,0.31226,0.03564
P2E_Wall_baseline_E100p20m25,Wall_baseline,E100p20m25,2024-08-02,2,39,0.31176,0.04801
P2E_Wall_baseline_E100p20m25,Wall_baseline,E100p20m25,2024-08-02,2,40,0.31054,0.02874
P2E_Wall_baseline_E100p20m25,Wall_baseline,E100p20m25,2024-08-02,2,41,0.30997,0.0369
P2E_Wall_baseline_E100p20m25,Wall_baseline,E100p20m25,2024-08-02,2,42,0.30935,0.03945
P2E_Wall_baseline_E100p20m25,Wall_baseline,E100p20m25,2024-08-02,2,43,0.30872,0.02741
P2E_Wall_baseline_E100p20m25,Wall_baseline,E100p20m25,2024-08-02,2,44,0.30813,0.04434
P2E_Wall_baseline_E100p20m25,Wall_baseline,E100p20m25,2024-08-02,2,45,0.30705,0.02928
P2E_Wall_baseline_E100p20m25,Wall_baseline,E100p20m25,2024-08-02,2,46,0.30598,0.02988
P2E_Wall_baseline_E100p20m25,Wall_baseline,E100p20m25,2024-08-02,2,47,0.30526,0.02542
P2E_Wall_baseline_E100p20m25,Wall_baseline,E100p20m25,2025-02-13,0,0,0.33404,0.05448
P2E_Wall_baseline_E100p20m25,Wall_baseline,E100p20m25,2025-02-13,0,1,0.33302,0.03432
P2E_Wall_baseline_E100p20m25,Wall_baseline,E100p20m25,2025-02-13,0,2,0.33284,0.02734
P2E_Wall_baseline_E100p20m25,Wall_baseline,E100p20m25,2025-02-13,0,3,0.33277,0.03006
P2E_Wall_baseline_E100p20m25,Wall_baseline,E100p20m25,2025-02-13,0,4,0.33261,0.03399
P2E_Wall_baseline_E100p20m25,Wall_baseline,E100p20m25,2025-02-13,0,5,0.33226,0.04106
P2E_Wall_baseline_E100p20m25,Wall_baseline,E100p20m25,2025-02-13,0,6,0.33203,0.02272
P2E_Wall_baseline_E100p20m25,Wall_baseline,E100p20m25,2025-02-13,0,7,0.33172,0.02981
P2E_Wall_baseline_E100p20m25,Wall_baseline,E100p20m25,2025-02-13,0,8,0.33132,0.02129
P2E_Wall_baseline_E100p20m25,Wall_baseline,E100p20m25,2025-02-13,0,9,0.3311,0.02744
P2E_Wall_baseline_E100p20m25,Wall_baseline,E100p20m25,2025-02-13,0,10,0.33089,0.03224
P2E_Wall_baseline_E100p20m25,Wall_baseline,E100p20m25,2025-02-13,0,11,0.33077,0.02909
P2E_Wall_baseline_E100p20m25,Wall_baseline,E100p20m25,2025-02-13,0,12,0.33062,0.02501
P2E_Wall_baseline_E100p20m25,Wall_baseline,E100p20m25,2025-02-13,0,13,0.3303,0.01207
P2E_Wall_baseline_E100p20m25,Wall_baseline,E100p20m25,2025-02-13,0,14,0.3301,0.01765
P2E_Wall_baseline_E100p20m25,Wall_baseline,E100p20m25,2025-02-13,0,15,0.32995,-0.0258
P2E_Wall_baseline_E100p20m25,Wall_baseline,E100p20m25,2025-02-13,0,16,0.32981,-0.01039
P2E_Wall_baseline_E100p20m25,Wall_baseline,E100p20m25,2025-02-13,0,17,0.32925,0.02172
P2E_Wall_baseline_E100p20m25,Wall_baseline,E100p20m25,2025-02-13,0,18,0.32891,0.02891
P2E_Wall_baseline_E100p20m25,Wall_baseline,E100p20m25,2025-02-13,0,19,0.32866,0.01844
P2E_Wall_baseline_E100p20m25,Wall_baseline,E100p20m25,2025-02-13,0,20,0.32808,0.01728
P2E_Wall_baseline_E100p20m25,Wall_baseline,E100p20m25,2025-02-13,0,21,0.32752,-0.06867
P2E_Wall_baseline_E100p20m25,Wall_baseline,E100p20m25,2025-02-13,0,22,0.32704,-0.08157
P2E_Wall_baseline_E100p20m25,Wall_baseline,E100p20m25,2025-02-13,0,23,0.32698,-0.04045
P2E_Wall_baseline_E100p20m25,Wall_baseline,E100p20m25,2025-02-13,0,24,0.32591,-0.02811
P2E_Wall_baseline_E100p20m25,Wall_baseline,E100p20m25,2025-02-13,1,0,0.33471,0.02225
P2E_Wall_baseline_E100p20m25,Wall_baseline,E100p20m25,2025-02-13,1,1,0.33324,0.02826
P2E_Wall_baseline_E100p20m25,Wall_baseline,E100p20m25,2025-02-13,1,2,0.33281,-0.00431
P2E_Wall_baseline_E100p20m25,Wall_baseline,E100p20m25,2025-02-13,1,3,0.33221,-0.07143
P2E_Wall_baseline_E100p20m25,Wall_baseline,E100p20m25,2025-02-13,1,4,0.33174,-0.09463
P2E_Wall_baseline_E100p20m25,Wall_baseline,E100p20m25,2025-02-13,1,5,0.33098,-0.10213
P2E_Wall_baseline_E100p20m25,Wall_baseline,E100p20m25,2025-02-13,1,6,0.33058,-0.08138
P2E_Wall_baseline_E100p20m25,Wall_baseline,E100p20m25,2025-02-13,1,7,0.33022,-0.04281
P2E_Wall_baseline_E100p20m25,Wall_baseline,E100p20m25,2025-02-13,1,8,0.32971,-0.07182
P2E_Wall_baseline_E100p20m25,Wall_baseline,E100p20m25,2025-02-13,1,9,0.32927,0.00957
P2E_Wall_baseline_E100p20m25,Wall_baseline,E100p20m25,2025-02-13,1,10,0.32892,-0.01814
P2E_Wall_baseline_E100p20m25,Wall_baseline,E100p20m25,2025-02-13,1,11,0.32849,0.01941
P2E_Wall_baseline_E100p20m25,Wall_baseline,E100p20m25,2025-02-13,1,12,0.32819,-0.02478
P2E_Wall_baseline_E100p20m25,Wall_baseline,E100p20m25,2025-02-13,1,13,0.32765,-0.02912
P2E_Wall_baseline_E100p20m25,Wall_baseline,E100p20m25,2025-02-13,1,14,0.32762,0.01108
P2E_Wall_baseline_E100p20m25,Wall_baseline,E100p20m25,2025-02-13,1,15,0.32703,0.00708
P2E_Wall_baseline_E100p20m25,Wall_baseline,E100p20m25,2025-02-13,1,16,0.32671,-0.05723
P2E_Wall_baseline_E100p20m25,Wall_baseline,E100p20m25,2025-02-13,1,17,0.32641,0.00443
P2E_Wall_baseline_E100p20m25,Wall_baseline,E100p20m25,2025-02-13,1,18,0.32614,-0.00492
P2E_Wall_baseline_E100p20m25,Wall_baseline,E100p20m25,2025-02-13,1,19,0.3253,0.0291
P2E_Wall_baseline_E100p20m25,Wall_baseline,E100p20m25,2025-02-13,1,20,0.32492,-0.00919
P2E_Wall_baseline_E100p20m25,Wall_baseline,E100p20m25,2025-02-13,1,21,0.32406,0.02123
P2E_Wall_baseline_E100p20m25,Wall_baseline,E100p20m25,2025-02-13,1,22,0.32303,0.02103
P2E_Wall_baseline_E100p20m25,Wall_baseline,E100p20m25,2025-02-13,1,23,0.32298,-0.0099
P2E_Wall_baseline_E100p20m25,Wall_baseline,E100p20m25,2025-02-13,1,24,0.32207,0.00749
P2E_Wall_baseline_E100p20m25,Wall_baseline,E100p20m25,2025-02-13,1,25,0.32105,0.00758
P2E_Wall_baseline_E100p20m25,Wall_baseline,E100p20m25,2025-02-13,1,26,0.32084,0.03277
P2E_Wall_baseline_E100p20m25,Wall_baseline,E100p20m25,2025-02-13,1,27,0.32,-0.00492
P2E_Wall_baseline_E100p20m25,Wall_baseline,E100p20m25,2025-02-13,1,28,0.31904,0.04106
P2E_Wall_baseline_E100p20m25,Wall_baseline,E100p20m25,2025-02-13,1,29,0.31798,0.03336
P2E_Wall_baseline_E100p20m25,Wall_baseline,E100p20m25,2025-02-13,1,30,0.31768,0.03484
P2E_Wall_baseline_E100p20m25,Wall_baseline,E100p20m25,2025-02-13,1,31,0.31654,0.02674
P2E_Wall_baseline_E100p20m25,Wall_baseline,E100p20m25,2025-02-13,1,32,0.31571,0.04386
P2E_Wall_baseline_E100p20m25,Wall_baseline,E100p20m25,2025-02-13,1,33,0.31477,0.03549
P2E_Wall_baseline_E100p20m25,Wall_baseline,E100p20m25,2025-02-13,1,34,0.31438,0.02161
P2E_Wall_baseline_E100p20m25,Wall_baseline,E100p20m25,2025-02-13,1,35,0.31354,0.03923
P2E_Wall_baseline_E100p20m25,Wall_baseline,E100p20m25,2025-02-13,1,36,0.31256,-0.00071
P2E_Wall_baseline_E100p20m25,Wall_baseline,E100p20m25,2025-02-13,1,37,0.31177,0.03464
P2E_Wall_baseline_E100p20m25,Wall_baseline,E100p20m25,2025-02-13,1,38,0.31114,0.01806
P2E_Wall_baseline_E100p20m25,Wall_baseline,E100p20m25,2025-02-13,1,39,0.31031,0.03608
P2E_Wall_baseline_E100p20m25,Wall_baseline,E100p20m25,2025-02-13,1,40,0.3092,0.02766
P2E_Wall_baseline_E100p20m25,Wall_baseline,E100p20m25,2025-02-13,1,41,0.30823,0.02321
P2E_Wall_baseline_E100p20m25,Wall_baseline,E100p20m25,2025-02-13,1,42,0.30732,0.02728
P2E_Wall_baseline_E100p20m25,Wall_baseline,E100p20m25,2025-02-13,1,43,0.30671,0.04133
P2E_Wall_baseline_E100p20m25,Wall_baseline,E100p20m25,2025-02-13,1,44,0.30642,0.03177
P2E_Wall_baseline_E100p20m25,Wall_baseline,E100p20m25,2025-02-13,1,45,0.30573,0.0087
P2E_Wall_baseline_E100p20m25,Wall_baseline,E100p20m25,2025-02-13,1,46,0.30456,0.02118
P2E_Wall_baseline_E100p20m25,Wall_baseline,E100p20m25,2025-02-13,1,47,0.30305,0.02456
P2E_Wall_baseline_E100p20m25,Wall_baseline,E100p20m25,2025-02-13,1,48,0.30263,0.00946
P2E_Wall_baseline_E100p20m25,Wall_baseline,E100p20m25,2025-02-13,1,49,0.30215,0.02806
P2E_Wall_baseline_E100p20m25,Wall_baseline,E100p20m25,2025-02-13,1,50,0.30113,0.01402
P2E_Wall_baseline_E100p20m25,Wall_baseline,E100p20m25,2025-02-13,1,51,0.30044,0.01953
P2E_Wall_baseline_E100p20m25,Wall_baseline,E100p20m25,2025-02-13,1,52,0.30013,0.02811
P2E_Wall_baseline_E100p20m25,Wall_baseline,E100p20m25,2025-02-13,2,0,0.33578,0.0385
P2E_Wall_baseline_E100p20m25,Wall_baseline,E100p20m25,2025-02-13,2,1,0.33361,0.01359
P2E_Wall_baseline_E100p20m25,Wall_baseline,E100p20m25,2025-02-13,2,2,0.33299,-0.04772
P2E_Wall_baseline_E100p20m25,Wall_baseline,E100p20m25,2025-02-13,2,3,0.33239,-0.10443
P2E_Wall_baseline_E100p20m25,Wall_baseline,E100p20m25,2025-02-13,2,4,0.33165,-0.09519
P2E_Wall_baseline_E100p20m25,Wall_baseline,E100p20m25,2025-02-13,2,5,0.33091,-0.08225
P2E_Wall_baseline_E100p20m25,Wall_baseline,E100p20m25,2025-02-13,2,6,0.3303,-0.06956
P2E_Wall_baseline_E100p20m25,Wall_baseline,E100p20m25,2025-02-13,2,7,0.32991,-0.04598
P2E_Wall_baseline_E100p20m25,Wall_baseline,E100p20m25,2025-02-13,2,8,0.32934,-0.05766
P2E_Wall_baseline_E100p20m25,Wall_baseline,E100p20m25,2025-02-13,2,9,0.32894,-0.06202
P2E_Wall_baseline_E100p20m25,Wall_baseline,E100p20m25,2025-02-13,2,10,0.32855,-0.0175
P2E_Wall_baseline_E100p20m25,Wall_baseline,E100p20m25,2025-02-13,2,11,0.32798,-0.02775
P2E_Wall_baseline_E100p20m25,Wall_baseline,E100p20m25,2025-02-13,2,12,0.32771,-0.05505
P2E_Wall_baseline_E100p20m25,Wall_baseline,E100p20m25,2025-02-13,2,13,0.3271,-0.01084
P2E_Wall_baseline_E100p20m25,Wall_baseline,E100p20m25,2025-02-13,2,14,0.32647,-0.0351
P2E_Wall_baseline_E100p20m25,Wall_baseline,E100p20m25,2025-02-13,2,15,0.32579,-0.02259
P2E_Wall_baseline_E100p20m25,Wall_baseline,E100p20m25,2025-02-13,2,16,0.32521,0.00596
P2E_Wall_baseline_E100p20m25,Wall_baseline,E100p20m25,2025-02-13,2,17,0.32473,-0.0157
P2E_Wall_baseline_E100p20m25,Wall_baseline,E100p20m25,2025-02-13,2,18,0.3242,-0.00783
P2E_Wall_baseline_E100p20m25,Wall_baseline,E100p20m25,2025-02-13,2,19,0.32324,-0.00328
P2E_Wall_baseline_E100p20m25,Wall_baseline,E100p20m25,2025-02-13,2,20,0.32263,0.00602
P2E_Wall_baseline_E100p20m25,Wall_baseline,E100p20m25,2025-02-13,2,21,0.32203,-0.00226
P2E_Wall_baseline_E100p20m25,Wall_baseline,E100p20m25,2025-02-13,2,22,0.32118,-0.00348
P2E_Wall_baseline_E100p20m25,Wall_baseline,E100p20m25,2025-02-13,2,23,0.32088,0.00858
P2E_Wall_baseline_E100p20m25,Wall_baseline,E100p20m25,2025-02-13,2,24,0.32032,0.00658
P2E_Wall_baseline_E100p20m25,Wall_baseline,E100p20m25,2025-08-15,0,0,0.3339,0.01031
P2E_Wall_baseline_E100p20m25,Wall_baseline,E100p20m25,2025-08-15,0,1,0.33294,0.00592
P2E_Wall_baseline_E100p20m25,Wall_baseline,E100p20m25,2025-08-15,0,2,0.3328,0.00534
P2E_Wall_baseline_E100p20m25,Wall_baseline,E100p20m25,2025-08-15,0,3,0.33248,0.00783
P2E_Wall_baseline_E100p20m25,Wall_baseline,E100p20m25,2025-08-15,0,4,0.33214,0.01236
P2E_Wall_baseline_E100p20m25,Wall_baseline,E100p20m25,2025-08-15,0,5,0.33203,0.01366
P2E_Wall_baseline_E100p20m25,Wall_baseline,E100p20m25,2025-08-15,0,6,0.33151,-0.00115
P2E_Wall_baseline_E100p20m25,Wall_baseline,E100p20m25,2025-08-15,0,7,0.33167,-0.03721
P2E_Wall_baseline_E100p20m25,Wall_baseline,E100p20m25,2025-08-15,0,8,0.33102,-0.00402
P2E_Wall_baseline_E100p20m25,Wall_baseline,E100p20m25,2025-08-15,0,9,0.33077,-0.03952
P2E_Wall_baseline_E100p20m25,Wall_baseline,E100p20m25,2025-08-15,0,10,0.33051,-0.0469
P2E_Wall_baseline_E100p20m25,Wall_baseline,E100p20m25,2025-08-15,0,11,0.33022,-0.04496
P2E_Wall_baseline_E100p20m25,Wall_baseline,E100p20m25,2025-08-15,0,12,0.33016,-0.02694
P2E_Wall_baseline_E100p20m25,Wall_baseline,E100p20m25,2025-08-15,0,13,0.33059,-0.05511
P2E_Wall_baseline_E100p20m25,Wall_baseline,E100p20m25,2025-08-15,0,14,0.32983,-0.03945
P2E_Wall_baseline_E100p20m25,Wall_baseline,E100p20m25,2025-08-15,0,15,0.32961,-0.01208
P2E_Wall_baseline_E100p20m25,Wall_baseline,E100p20m25,2025-08-15,0,16,0.32901,-0.02466
P2E_Wall_baseline_E100p20m25,Wall_baseline,E100p20m25,2025-08-15,0,17,0.32868,-0.00157
P2E_Wall_baseline_E100p20m25,Wall_baseline,E100p20m25,2025-08-15,0,18,0.32785,0.01165
P2E_Wall_baseline_E100p20m25,Wall_baseline,E100p20m25,2025-08-15,0,19,0.3275,0.03279
P2E_Wall_baseline_E100p20m25,Wall_baseline,E100p20m25,2025-08-15,0,20,0.32676,0.02262
P2E_Wall_baseline_E100p20m25,Wall_baseline,E100p20m25,2025-08-15,0,21,0.3264,0.01779
P2E_Wall_baseline_E100p20m25,Wall_baseline,E100p20m25,2025-08-15,0,22,0.32605,-0.00106
P2E_Wall_baseline_E100p20m25,Wall_baseline,E100p20m25,2025-08-15,0,23,0.3254,-0.00372
P2E_Wall_baseline_E100p20m25,Wall_baseline,E100p20m25,2025-08-15,0,24,0.3255,0.00905
P2E_Wall_baseline_E100p20m25,Wall_baseline,E100p20m25,2025-08-15,0,25,0.32501,0.00021
P2E_Wall_baseline_E100p20m25,Wall_baseline,E100p20m25,2025-08-15,0,26,0.32397,0.00604
P2E_Wall_baseline_E100p20m25,Wall_baseline,E100p20m25,2025-08-15,0,27,0.32355,0.02752
P2E_Wall_baseline_E100p20m25,Wall_baseline,E100p20m25,2025-08-15,0,28,0.32332,0.02056
P2E_Wall_baseline_E100p20m25,Wall_baseline,E100p20m25,2025-08-15,0,29,0.32241,0.03996
P2E_Wall_baseline_E100p20m25,Wall_baseline,E100p20m25,2025-08-15,0,30,0.32177,0.01717
P2E_Wall_baseline_E100p20m25,Wall_baseline,E100p20m25,2025-08-15,0,31,0.32115,0.05054
P2E_Wall_baseline_E100p20m25,Wall_baseline,E100p20m25,2025-08-15,0,32,0.3207,0.06728
P2E_Wall_baseline_E100p20m25,Wall_baseline,E100p20m25,2025-08-15,0,33,0.31986,0.03936
P2E_Wall_baseline_E100p20m25,Wall_baseline,E100p20m25,2025-08-15,0,34,0.31978,0.01421
P2E_Wall_baseline_E100p20m25,Wall_baseline,E100p20m25,2025-08-15,0,35,0.31904,0.04305
P2E_Wall_baseline_E100p20m25,Wall_baseline,E100p20m25,2025-08-15,0,36,0.31822,0.05579
P2E_Wall_baseline_E100p20m25,Wall_baseline,E100p20m25,2025-08-15,0,37,0.31768,0.05105
P2E_Wall_baseline_E100p20m25,Wall_baseline,E100p20m25,2025-08-15,0,38,0.31713,0.04722
P2E_Wall_baseline_E100p20m25,Wall_baseline,E100p20m25,2025-08-15,0,39,0.31625,0.04027
P2E_Wall_baseline_E100p20m25,Wall_baseline,E100p20m25,2025-08-15,0,40,0.31537,0.03362
P2E_Wall_baseline_E100p20m25,Wall_baseline,E100p20m25,2025-08-15,0,41,0.31474,0.03894
P2E_Wall_baseline_E100p20m25,Wall_baseline,E100p20m25,2025-08-15,0,42,0.31438,0.02183
P2E_Wall_baseline_E100p20m25,Wall_baseline,E100p20m25,2025-08-15,0,43,0.31368,0.04936
P2E_Wall_baseline_E100p20m25,Wall_baseline,E100p20m25,2025-08-15,0,44,0.3133,0.02063
P2E_Wall_baseline_E100p20m25,Wall_baseline,E100p20m25,2025-08-15,0,45,0.3121,0.05265
P2E_Wall_baseline_E100p20m25,Wall_baseline,E100p20m25,2025-08-15,0,46,0.31099,0.02004
P2E_Wall_baseline_E100p20m25,Wall_baseline,E100p20m25,2025-08-15,0,47,0.31096,0.02935
P2E_Wall_baseline_E100p20m25,Wall_baseline,E100p20m25,2025-08-15,0,48,0.31038,0.02941
P2E_Wall_baseline_E100p20m25,Wall_baseline,E100p20m25,2025-08-15,0,49,0.30915,0.04491
P2E_Wall_baseline_E100p20m25,Wall_baseline,E100p20m25,2025-08-15,0,50,0.30852,0.04155
P2E_Wall_baseline_E100p20m25,Wall_baseline,E100p20m25,2025-08-15,0,51,0.30746,0.01361
P2E_Wall_baseline_E100p20m25,Wall_baseline,E100p20m25,2025-08-15,0,52,0.30729,0.02452
P2E_Wall_baseline_E100p20m25,Wall_baseline,E100p20m25,2025-08-15,1,0,0.33486,0.01689
P2E_Wall_baseline_E100p20m25,Wall_baseline,E100p20m25,2025-08-15,1,1,0.33314,0.01591
P2E_Wall_baseline_E100p20m25,Wall_baseline,E100p20m25,2025-08-15,1,2,0.33275,0.01515
P2E_Wall_baseline_E100p20m25,Wall_baseline,E100p20m25,2025-08-15,1,3,0.33228,0.00184
P2E_Wall_baseline_E100p20m25,Wall_baseline,E100p20m25,2025-08-15,1,4,0.33196,-0.02299
P2E_Wall_baseline_E100p20m25,Wall_baseline,E100p20m25,2025-08-15,1,5,0.33152,-0.05337
P2E_Wall_baseline_E100p20m25,Wall_baseline,E100p20m25,2025-08-15,1,6,0.33123,-0.0496
P2E_Wall_baseline_E100p20m25,Wall_baseline,E100p20m25,2025-08-15,1,7,0.33098,-0.00702
P2E_Wall_baseline_E100p20m25,Wall_baseline,E100p20m25,2025-08-15,1,8,0.33035,-0.02983
P2E_Wall_baseline_E100p20m25,Wall_baseline,E100p20m25,2025-08-15,1,9,0.32984,-0.00176
P2E_Wall_baseline_E100p20m25,Wall_baseline,E100p20m25,2025-08-15,1,10,0.32959,-0.01574
P2E_Wall_baseline_E100p20m25,Wall_baseline,E100p20m25,2025-08-15,1,11,0.32935,-0.0176
P2E_Wall_baseline_E100p20m25,Wall_baseline,E100p20m25,2025-08-15,1,12,0.32917,-0.01635
P2E_Wall_baseline_E100p20m25,Wall_baseline,E100p20m25,2025-08-15,1,13,0.32868,0.00019
P2E_Wall_baseline_E100p20m25,Wall_baseline,E100p20m25,2025-08-15,1,14,0.32814,0.01891
P2E_Wall_baseline_E100p20m25,Wall_baseline,E100p20m25,2025-08-15,1,15,0.32754,-0.02894
P2E_Wall_baseline_E100p20m25,Wall_baseline,E100p20m25,2025-08-15,1,16,0.32721,-0.03517
P2E_Wall_baseline_E100p20m25,Wall_baseline,E100p20m25,2025-08-15,1,17,0.32657,-0.00682
P2E_Wall_baseline_E100p20m25,Wall_baseline,E100p20m25,2025-08-15,1,18,0.32595,-0.00116
P2E_Wall_baseline_E100p20m25,Wall_baseline,E100p20m25,2025-08-15,1,19,0.32559,0.00449
P2E_Wall_baseline_E100p20m25,Wall_baseline,E100p20m25,2025-08-15,1,20,0.32542,0.01259
P2E_Wall_baseline_E100p20m25,Wall_baseline,E100p20m25,2025-08-15,1,21,0.32489,0.00679
P2E_Wall_baseline_E100p20m25,Wall_baseline,E100p20m25,2025-08-15,1,22,0.3244,0.00402
P2E_Wall_baseline_E100p20m25,Wall_baseline,E100p20m25,2025-08-15,1,23,0.32353,0.01594
P2E_Wall_baseline_E100p20m25,Wall_baseline,E100p20m25,2025-08-15,1,24,0.32324,-0.00814
P2E_Wall_baseline_E100p20m25,Wall_baseline,E100p20m25,2025-08-15,1,25,0.32241,0.02288
P2E_Wall_baseline_E100p20m25,Wall_baseline,E100p20m25,2025-08-15,1,26,0.32219,0.01377
P2E_Wall_baseline_E100p20m25,Wall_baseline,E100p20m25,2025-08-15,1,27,0.32158,-0.00444
P2E_Wall_baseline_E100p20m25,Wall_baseline,E100p20m25,2025-08-15,1,28,0.32151,-0.01097
P2E_Wall_baseline_E100p20m25,Wall_baseline,E100p20m25,2025-08-15,1,29,0.32011,0.00441
P2E_Wall_baseline_E100p20m25,Wall_baseline,E100p20m25,2025-08-15,1,30,0.31988,-0.00254
P2E_Wall_baseline_E100p20m25,Wall_baseline,E100p20m25,2025-08-15,1,31,0.31889,-0.00346
P2E_Wall_baseline_E100p20m25,Wall_baseline,E100p20m25,2025-08-15,1,32,0.31821,0.01012
P2E_Wall_baseline_E100p20m25,Wall_baseline,E100p20m25,2025-08-15,1,33,0.31778,0.00311
P2E_Wall_baseline_E100p20m25,Wall_baseline,E100p20m25,2025-08-15,1,34,0.31711,-0.01302
P2E_Wall_baseline_E100p20m25,Wall_baseline,E100p20m25,2025-08-15,1,35,0.31646,0.00402
P2E_Wall_baseline_E100p20m25,Wall_baseline,E100p20m25,2025-08-15,1,36,0.31607,-0.00931
P2E_Wall_baseline_E100p20m25,Wall_baseline,E100p20m25,2025-08-15,1,37,0.31485,-0.00989
P2E_Wall_baseline_E100p20m25,Wall_baseline,E100p20m25,2025-08-15,1,38,0.31422,0.00771
P2E_Wall_baseline_E100p20m25,Wall_baseline,E100p20m25,2025-08-15,1,39,0.3135,0.02084
P2E_Wall_baseline_E100p20m25,Wall_baseline,E100p20m25,2025-08-15,1,40,0.31226,0.00073
P2E_Wall_baseline_E100p20m25,Wall_baseline,E100p20m25,2025-08-15,1,41,0.3113,0.02285
P2E_Wall_baseline_E100p20m25,Wall_baseline,E100p20m25,2025-08-15,1,42,0.31094,0.01062
P2E_Wall_baseline_E100p20m25,Wall_baseline,E100p20m25,2025-08-15,1,43,0.31076,0.01257
P2E_Wall_baseline_E100p20m25,Wall_baseline,E100p20m25,2025-08-15,1,44,0.30936,0.00691
P2E_Wall_baseline_E100p20m25,Wall_baseline,E100p20m25,2025-08-15,1,45,0.30876,0.02208
P2E_Wall_baseline_E100p20m25,Wall_baseline,E100p20m25,2025-08-15,2,0,0.33573,0.01285
P2E_Wall_baseline_E100p20m25,Wall_baseline,E100p20m25,2025-08-15,2,1,0.3336,0.02658
P2E_Wall_baseline_E100p20m25,Wall_baseline,E100p20m25,2025-08-15,2,2,0.33317,0.00433
P2E_Wall_baseline_E100p20m25,Wall_baseline,E100p20m25,2025-08-15,2,3,0.33261,-0.02254
P2E_Wall_baseline_E100p20m25,Wall_baseline,E100p20m25,2025-08-15,2,4,0.332,-0.02896
P2E_Wall_baseline_E100p20m25,Wall_baseline,E100p20m25,2025-08-15,2,5,0.33131,-0.03451
P2E_Wall_baseline_E100p20m25,Wall_baseline,E100p20m25,2025-08-15,2,6,0.33069,-0.05374
P2E_Wall_baseline_E100p20m25,Wall_baseline,E100p20m25,2025-08-15,2,7,0.33042,-0.04577
P2E_Wall_baseline_E100p20m25,Wall_baseline,E100p20m25,2025-08-15,2,8,0.32983,-0.01327
P2E_Wall_baseline_E100p20m25,Wall_baseline,E100p20m25,2025-08-15,2,9,0.32915,-0.00181
P2E_Wall_baseline_E100p20m25,Wall_baseline,E100p20m25,2025-08-15,2,10,0.32875,0.00214
P2E_Wall_baseline_E100p20m25,Wall_baseline,E100p20m25,2025-08-15,2,11,0.32827,0.00625
P2E_Wall_baseline_E100p20m25,Wall_baseline,E100p20m25,2025-08-15,2,12,0.32772,0.01371
P2E_Wall_baseline_E100p20m25,Wall_baseline,E100p20m25,2025-08-15,2,13,0.32735,0.0306
P2E_Wall_baseline_E100p20m25,Wall_baseline,E100p20m25,2025-08-15,2,14,0.328,-0.00059
P2E_Wall_baseline_E100p20m25,Wall_baseline,E100p20m25,2025-08-15,2,15,0.32691,-0.00192
P2E_Wall_baseline_E100p20m25,Wall_baseline,E100p20m25,2025-08-15,2,16,0.32608,0.00876
P2E_Wall_baseline_E100p20m25,Wall_baseline,E100p20m25,2025-08-15,2,17,0.32568,0.02526
P2E_Wall_baseline_E100p20m25,Wall_baseline,E100p20m25,2025-08-15,2,18,0.32509,0.03025
P2E_Wall_baseline_E100p20m25,Wall_baseline,E100p20m25,2025-08-15,2,19,0.32438,0.02213
P2E_Wall_baseline_E100p20m25,Wall_baseline,E100p20m25,2025-08-15,2,20,0.3241,0.04556
P2E_Wall_baseline_E100p20m25,Wall_baseline,E100p20m25,2025-08-15,2,21,0.32366,0.02492
P2E_Wall_baseline_E100p20m25,Wall_baseline,E100p20m25,2025-08-15,2,22,0.32354,0.03333
P2E_Wall_baseline_E100p20m25,Wall_baseline,E100p20m25,2025-08-15,2,23,0.32274,0.03285
P2E_Wall_baseline_E100p20m25,Wall_baseline,E100p20m25,2025-08-15,2,24,0.32266,0.05322
P2E_Wall_baseline_E100p20m25,Wall_baseline,E100p20m25,2025-08-15,2,25,0.3222,0.04104
P2E_Wall_baseline_E100p20m25,Wall_baseline,E100p20m25,2025-08-15,2,26,0.32128,0.01783
P2E_Wall_baseline_E100p20m25,Wall_baseline,E100p20m25,2025-08-15,2,27,0.3209,0.05019
P2E_Wall_baseline_E100p20m25,Wall_baseline,E100p20m25,2025-08-15,2,28,0.32038,0.02838
P2E_Wall_baseline_E100p20m25,Wall_baseline,E100p20m25,2025-08-15,2,29,0.3197,0.02153
P2E_Wall_baseline_E100p20m25,Wall_baseline,E100p20m25,2025-08-15,2,30,0.31937,0.0402
P2E_Wall_baseline_E100p20m25,Wall_baseline,E100p20m25,2025-08-15,2,31,0.31866,0.02373
P2E_Wall_baseline_E100p20m25,Wall_baseline,E100p20m25,2025-08-15,2,32,0.31822,0.01821
P2E_Wall_baseline_E100p20m25,Wall_baseline,E100p20m25,2025-08-15,2,33,0.31791,0.01528
P2E_Wall_baseline_E100p20m25,Wall_baseline,E100p20m25,2025-08-15,2,34,0.31663,0.02685
P2E_Wall_baseline_E100p20m25,Wall_baseline,E100p20m25,2025-08-15,2,35,0.31605,0.04482
P2E_Wall_baseline_E100p20m25,Wall_baseline,E100p20m25,2025-08-15,2,36,0.31555,0.00892
P2E_Wall_baseline_E100p20m25,Wall_baseline,E100p20m25,2025-08-15,2,37,0.31514,0.02637
P2E_Wall_baseline_E100p20m25,Wall_baseline,E100p20m25,2025-08-15,2,38,0.31471,0.02797
P2E_Wall_baseline_E100p20m25,Wall_baseline,E100p20m25,2025-08-15,2,39,0.31407,0.01989
P2E_Wall_baseline_E100p20m25,Wall_baseline,E100p20m25,2025-08-15,2,40,0.3129,0.01892
P2E_Wall_baseline_E100p20m25,Wall_baseline,E100p20m25,2025-08-15,2,41,0.31233,0.02715
P2E_Wall_baseline_E100p20m25,Wall_baseline,E100p20m25,2025-08-15,2,42,0.31159,0.04089
P2E_Wall_baseline_E100p20m25,Wall_baseline,E100p20m25,2025-08-15,2,43,0.31078,0.04048
P2E_Wall_baseline_E100p20m25,Wall_baseline,E100p20m25,2025-08-15,2,44,0.31039,0.04151
P2E_Wall_baseline_E100p20m25,Wall_baseline,E100p20m25,2026-02-26,0,0,0.33384,-0.02243
P2E_Wall_baseline_E100p20m25,Wall_baseline,E100p20m25,2026-02-26,0,1,0.33287,0.0352
P2E_Wall_baseline_E100p20m25,Wall_baseline,E100p20m25,2026-02-26,0,2,0.33274,-0.0096
P2E_Wall_baseline_E100p20m25,Wall_baseline,E100p20m25,2026-02-26,0,3,0.33258,0.06208
P2E_Wall_baseline_E100p20m25,Wall_baseline,E100p20m25,2026-02-26,0,4,0.33238,0.05801
P2E_Wall_baseline_E100p20m25,Wall_baseline,E100p20m25,2026-02-26,0,5,0.33206,0.05412
P2E_Wall_baseline_E100p20m25,Wall_baseline,E100p20m25,2026-02-26,0,6,0.3317,0.02085
P2E_Wall_baseline_E100p20m25,Wall_baseline,E100p20m25,2026-02-26,0,7,0.33151,0.01652
P2E_Wall_baseline_E100p20m25,Wall_baseline,E100p20m25,2026-02-26,0,8,0.33114,0.03281
P2E_Wall_baseline_E100p20m25,Wall_baseline,E100p20m25,2026-02-26,0,9,0.33094,0.00963
P2E_Wall_baseline_E100p20m25,Wall_baseline,E100p20m25,2026-02-26,0,10,0.33069,0.0125
P2E_Wall_baseline_E100p20m25,Wall_baseline,E100p20m25,2026-02-26,0,11,0.3307,0.02884
P2E_Wall_baseline_E100p20m25,Wall_baseline,E100p20m25,2026-02-26,0,12,0.33041,0.01816
P2E_Wall_baseline_E100p20m25,Wall_baseline,E100p20m25,2026-02-26,0,13,0.33014,0.01306
P2E_Wall_baseline_E100p20m25,Wall_baseline,E100p20m25,2026-02-26,0,14,0.33005,0.00282
P2E_Wall_baseline_E100p20m25,Wall_baseline,E100p20m25,2026-02-26,0,15,0.32988,0.01338
P2E_Wall_baseline_E100p20m25,Wall_baseline,E100p20m25,2026-02-26,0,16,0.32969,0.02166
P2E_Wall_baseline_E100p20m25,Wall_baseline,E100p20m25,2026-02-26,0,17,0.32954,0.01789
P2E_Wall_baseline_E100p20m25,Wall_baseline,E100p20m25,2026-02-26,0,18,0.32906,0.00295
P2E_Wall_baseline_E100p20m25,Wall_baseline,E100p20m25,2026-02-26,0,19,0.3287,0.03533
P2E_Wall_baseline_E100p20m25,Wall_baseline,E100p20m25,2026-02-26,0,20,0.32859,0.09088
P2E_Wall_baseline_E100p20m25,Wall_baseline,E100p20m25,2026-02-26,0,21,0.32781,0.07871
P2E_Wall_baseline_E100p20m25,Wall_baseline,E100p20m25,2026-02-26,0,22,0.32721,0.06186
P2E_Wall_baseline_E100p20m25,Wall_baseline,E100p20m25,2026-02-26,0,23,0.3266,0.0783
P2E_Wall_baseline_E100p20m25,Wall_baseline,E100p20m25,2026-02-26,0,24,0.32617,0.06864
P2E_Wall_baseline_E100p20m25,Wall_baseline,E100p20m25,2026-02-26,0,25,0.3256,0.07949
P2E_Wall_baseline_E100p20m25,Wall_baseline,E100p20m25,2026-02-26,0,26,0.32491,0.07945
P2E_Wall_baseline_E100p20m25,Wall_baseline,E100p20m25,2026-02-26,0,27,0.32443,0.06741
P2E_Wall_baseline_E100p20m25,Wall_baseline,E100p20m25,2026-02-26,0,28,0.3239,0.06482
P2E_Wall_baseline_E100p20m25,Wall_baseline,E100p20m25,2026-02-26,0,29,0.3231,0.06982
P2E_Wall_baseline_E100p20m25,Wall_baseline,E100p20m25,2026-02-26,0,30,0.32249,0.05168
P2E_Wall_baseline_E100p20m25,Wall_baseline,E100p20m25,2026-02-26,0,31,0.32187,0.06231
P2E_Wall_baseline_E100p20m25,Wall_baseline,E100p20m25,2026-02-26,0,32,0.32101,0.06166
P2E_Wall_baseline_E100p20m25,Wall_baseline,E100p20m25,2026-02-26,0,33,0.32014,0.05795
P2E_Wall_baseline_E100p20m25,Wall_baseline,E100p20m25,2026-02-26,0,34,0.31957,0.06223
P2E_Wall_baseline_E100p20m25,Wall_baseline,E100p20m25,2026-02-26,0,35,0.31903,0.06602
P2E_Wall_baseline_E100p20m25,Wall_baseline,E100p20m25,2026-02-26,0,36,0.31809,0.09049
P2E_Wall_baseline_E100p20m25,Wall_baseline,E100p20m25,2026-02-26,0,37,0.3172,0.06306
P2E_Wall_baseline_E100p20m25,Wall_baseline,E100p20m25,2026-02-26,0,38,0.31651,0.04332
P2E_Wall_baseline_E100p20m25,Wall_baseline,E100p20m25,2026-02-26,0,39,0.31587,0.06202
P2E_Wall_baseline_E100p20m25,Wall_baseline,E100p20m25,2026-02-26,0,40,0.31475,0.03665
P2E_Wall_baseline_E100p20m25,Wall_baseline,E100p20m25,2026-02-26,1,0,0.33454,0.06897
P2E_Wall_baseline_E100p20m25,Wall_baseline,E100p20m25,2026-02-26,1,1,0.3331,0.0809
P2E_Wall_baseline_E100p20m25,Wall_baseline,E100p20m25,2026-02-26,1,2,0.33275,0.07596
P2E_Wall_baseline_E100p20m25,Wall_baseline,E100p20m25,2026-02-26,1,3,0.3323,0.06502
P2E_Wall_baseline_E100p20m25,Wall_baseline,E100p20m25,2026-02-26,1,4,0.33179,0.06052
P2E_Wall_baseline_E100p20m25,Wall_baseline,E100p20m25,2026-02-26,1,5,0.33146,0.05778
P2E_Wall_baseline_E100p20m25,Wall_baseline,E100p20m25,2026-02-26,1,6,0.33118,0.04447
P2E_Wall_baseline_E100p20m25,Wall_baseline,E100p20m25,2026-02-26,1,7,0.33102,0.05857
P2E_Wall_baseline_E100p20m25,Wall_baseline,E100p20m25,2026-02-26,1,8,0.33074,0.0546
P2E_Wall_baseline_E100p20m25,Wall_baseline,E100p20m25,2026-02-26,1,9,0.33039,0.01066
P2E_Wall_baseline_E100p20m25,Wall_baseline,E100p20m25,2026-02-26,1,10,0.33017,0.02214
P2E_Wall_baseline_E100p20m25,Wall_baseline,E100p20m25,2026-02-26,1,11,0.32976,0.02479
P2E_Wall_baseline_E100p20m25,Wall_baseline,E100p20m25,2026-02-26,1,12,0.32933,0.02871
P2E_Wall_baseline_E100p20m25,Wall_baseline,E100p20m25,2026-02-26,1,13,0.32903,0.01598
P2E_Wall_baseline_E100p20m25,Wall_baseline,E100p20m25,2026-02-26,1,14,0.32861,0.04436
P2E_Wall_baseline_E100p20m25,Wall_baseline,E100p20m25,2026-02-26,1,15,0.32768,0.04631
P2E_Wall_baseline_E100p20m25,Wall_baseline,E100p20m25,2026-02-26,1,16,0.32741,0.04525
P2E_Wall_baseline_E100p20m25,Wall_baseline,E100p20m25,2026-02-26,1,17,0.32668,0.02651
P2E_Wall_baseline_E100p20m25,Wall_baseline,E100p20m25,2026-02-26,1,18,0.326,0.03506
P2E_Wall_baseline_E100p20m25,Wall_baseline,E100p20m25,2026-02-26,1,19,0.32575,0.04164
P2E_Wall_baseline_E100p20m25,Wall_baseline,E100p20m25,2026-02-26,1,20,0.32512,0.03442
P2E_Wall_baseline_E100p20m25,Wall_baseline,E100p20m25,2026-02-26,1,21,0.32472,0.05063
P2E_Wall_baseline_E100p20m25,Wall_baseline,E100p20m25,2026-02-26,1,22,0.32437,0.05351
P2E_Wall_baseline_E100p20m25,Wall_baseline,E100p20m25,2026-02-26,1,23,0.32394,0.03343
P2E_Wall_baseline_E100p20m25,Wall_baseline,E100p20m25,2026-02-26,1,24,0.32318,0.05246
P2E_Wall_baseline_E100p20m25,Wall_baseline,E100p20m25,2026-02-26,2,0,0.33544,0.06717
P2E_Wall_baseline_E100p20m25,Wall_baseline,E100p20m25,2026-02-26,2,1,0.33347,0.07301
P2E_Wall_baseline_E100p20m25,Wall_baseline,E100p20m25,2026-02-26,2,2,0.33301,0.08327
P2E_Wall_baseline_E100p20m25,Wall_baseline,E100p20m25,2026-02-26,2,3,0.33261,0.07175
P2E_Wall_baseline_E100p20m25,Wall_baseline,E100p20m25,2026-02-26,2,4,0.33175,0.03465
P2E_Wall_baseline_E100p20m25,Wall_baseline,E100p20m25,2026-02-26,2,5,0.33111,0.02272
P2E_Wall_baseline_E100p20m25,Wall_baseline,E100p20m25,2026-02-26,2,6,0.33072,0.05147
P2E_Wall_baseline_E100p20m25,Wall_baseline,E100p20m25,2026-02-26,2,7,0.33021,0.03456
P2E_Wall_baseline_E100p20m25,Wall_baseline,E100p20m25,2026-02-26,2,8,0.32959,0.04071
P2E_Wall_baseline_E100p20m25,Wall_baseline,E100p20m25,2026-02-26,2,9,0.32912,0.01576
P2E_Wall_baseline_E100p20m25,Wall_baseline,E100p20m25,2026-02-26,2,10,0.32878,0.01961
P2E_Wall_baseline_E100p20m25,Wall_baseline,E100p20m25,2026-02-26,2,11,0.32826,0.02224
P2E_Wall_baseline_E100p20m25,Wall_baseline,E100p20m25,2026-02-26,2,12,0.32783,0.01188
P2E_Wall_baseline_E100p20m25,Wall_baseline,E100p20m25,2026-02-26,2,13,0.32733,0.04454
P2E_Wall_baseline_E100p20m25,Wall_baseline,E100p20m25,2026-02-26,2,14,0.32704,0.02549
P2E_Wall_baseline_E100p20m25,Wall_baseline,E100p20m25,2026-02-26,2,15,0.32633,0.03416
P2E_Wall_baseline_E100p20m25,Wall_baseline,E100p20m25,2026-02-26,2,16,0.32593,0.02625
P2E_Wall_baseline_E100p20m25,Wall_baseline,E100p20m25,2026-02-26,2,17,0.32547,0.04214
P2E_Wall_baseline_E100p20m25,Wall_baseline,E100p20m25,2026-02-26,2,18,0.32518,0.05335
P2E_Wall_baseline_E100p20m25,Wall_baseline,E100p20m25,2026-02-26,2,19,0.3244,0.02168
P2E_Wall_baseline_E100p20m25,Wall_baseline,E100p20m25,2026-02-26,2,20,0.324,0.0337
P2E_Wall_baseline_E100p20m25,Wall_baseline,E100p20m25,2026-02-26,2,21,0.3238,0.04855
P2E_Wall_baseline_E100p20m25,Wall_baseline,E100p20m25,2026-02-26,2,22,0.32315,0.04083
P2E_Wall_baseline_E100p20m25,Wall_baseline,E100p20m25,2026-02-26,2,23,0.32302,0.03828
P2E_Wall_baseline_E100p20m25,Wall_baseline,E100p20m25,2026-02-26,2,24,0.32254,0.03905
